{
    "hook_path": "models/hook/Hook47/base.urdf",
    "obj_path": "models/geo_data/hanging_exp/daily_5/base.urdf",
    "hook_pose": [
        0.5,
        -0.1,
        1.3,
        0.0,
        0.0,
        -0.7071067811865475,
        0.7071067811865476
    ],
    "contact_info": [
        {
            "contact_point_hook": [
                -0.002144911788424015,
                -0.041551547740973305,
                -0.04363082688634545,
                1.0
            ],
            "contact_point_obj": [
                0.0005612460225750994,
                0.011278084515933484,
                0.03534227775519683,
                1.0
            ],
            "object_pose": [
                0.4715858789270719,
                -0.09930949588072056,
                1.221701039283788,
                -0.025664111627729556,
                -0.01226005083357766,
                0.700151740397118,
                0.7134273508541736
            ]
        }
    ]
}