{
    "hook_path": "models/hook_1120/Hook57#8/base.urdf",
    "obj_path": "models/geo_data/hanging_exp/daily_5/base.urdf",
    "hook_pose": [
        0.5,
        -0.1,
        1.3,
        0.0,
        0.0,
        -0.7071067811865475,
        0.7071067811865476
    ],
    "contact_info": [
        {
            "contact_point_hook": [
                -0.009595008731139665,
                0.0028618299148645,
                -0.037242659971779446,
                1.0
            ],
            "contact_point_obj": [
                -0.0029990183018360067,
                0.0005980050246381374,
                0.041502422264000804,
                1.0
            ],
            "obj_pose": [
                0.5023796400563062,
                -0.09426831800572247,
                1.2213249254952945,
                -0.006062263666818684,
                -0.008794028257310769,
                -0.7116261645543146,
                0.7024771284162632
            ]
        }
    ]
}