{
    "hook_path": "models/hook_1120/Hook_90#13/base.urdf",
    "obj_path": "models/geo_data/hanging_exp/daily_5/base.urdf",
    "hook_pose": [
        0.5,
        -0.1,
        1.3,
        4.329780281177466e-17,
        0.7071067811865475,
        0.7071067811865476,
        4.329780281177467e-17
    ],
    "contact_info": [
        {
            "contact_point_hook": [
                -0.0008006249343819327,
                -0.004518406827328958,
                0.02464151193767908,
                1.0
            ],
            "contact_point_obj": [
                -0.008190143495643981,
                -0.0020627761977242143,
                0.04094580568935702,
                1.0
            ],
            "obj_pose": [
                0.5033370815246229,
                -0.08160904008827631,
                1.2542215703053925,
                0.02963647802645774,
                0.007974548580492746,
                -0.7442317732991621,
                0.6672159720488631
            ]
        }
    ]
}