{
    "hook_path": "models/hook/Hook124#9/base.urdf",
    "obj_path": "models/geo_data/hanging_exp/daily_5/base.urdf",
    "hook_pose": [
        0.5,
        -0.1,
        1.3,
        0.0,
        0.0,
        -0.7071067811865475,
        0.7071067811865476
    ],
    "contact_info": [
        {
            "contact_point_hook": [
                0.00013304205822953216,
                -0.0001422769630896603,
                -0.00167664925022315,
                1.0
            ],
            "contact_point_obj": [
                0.005736902449715822,
                -0.0032902906317231473,
                0.04056463437035762,
                1.0
            ],
            "obj_pose": [
                0.49395587375366135,
                -0.0939633980081481,
                1.2581197278894838,
                -0.06563104574833675,
                0.07688673561621963,
                -0.6432197083107272,
                0.7589791845373128
            ]
        }
    ]
}