{
    "hook_path": "models/hook_1120/Hook15#0/base.urdf",
    "obj_path": "models/geo_data/hanging_exp/daily_5/base.urdf",
    "hook_pose": [
        0.5,
        -0.1,
        1.3,
        0.0,
        0.0,
        -0.7071067811865475,
        0.7071067811865476
    ],
    "contact_info": [
        {
            "contact_point_hook": [
                -0.0084895576083015,
                0.0053346778887755075,
                0.005973055512504155,
                1.0
            ],
            "contact_point_obj": [
                -0.004050256341026404,
                0.00466310592660113,
                0.04048961549881547,
                1.0
            ],
            "obj_pose": [
                0.5019306849568048,
                -0.09661961842470673,
                1.265477781109983,
                0.0015359650635837136,
                -0.016899205697407153,
                -0.6911649638263426,
                0.7224977857661923
            ]
        }
    ]
}