{
    "hook_path": "models/hook/Hook42#3/base.urdf",
    "obj_path": "models/geo_data/hanging_exp/daily_5/base.urdf",
    "hook_pose": [
        0.5,
        -0.1,
        1.3,
        0.0,
        0.0,
        -0.7071067811865475,
        0.7071067811865476
    ],
    "contact_info": [
        {
            "contact_point_hook": [
                -0.009319411270322611,
                0.0026557129651803013,
                -0.008768086457878965,
                1.0
            ],
            "contact_point_obj": [
                -0.00487978073447376,
                0.007132918596525317,
                0.04377248377587728,
                1.0
            ],
            "obj_pose": [
                0.5007400543632001,
                -0.09404299585502142,
                1.2467825536583754,
                0.05416737772607454,
                -0.021654569291530232,
                -0.6644346373605813,
                0.7450661631657902
            ]
        }
    ]
}