{
    "hook_path": "models/hook/Hook12#15/base.urdf",
    "obj_path": "models/geo_data/hanging_exp/daily_5/base.urdf",
    "hook_pose": [
        0.5,
        -0.1,
        1.3,
        0.5,
        -0.4999999999999999,
        -0.5,
        0.5000000000000001
    ],
    "contact_info": [
        {
            "contact_point_hook": [
                0.0029874456232785998,
                0.020565594182363256,
                0.00346078245591519,
                1.0
            ],
            "contact_point_obj": [
                0.0021064147956125767,
                0.004172196630470193,
                0.04086838217395394,
                1.0
            ],
            "obj_pose": [
                0.5057358512467724,
                -0.08083125871271149,
                1.2871501160374461,
                0.1836564363995745,
                -0.2619304853117737,
                0.6467718693208562,
                0.6923502605535389
            ]
        }
    ]
}