{
    "hook_path": "models/hook/Hook42#15/base.urdf",
    "obj_path": "models/geo_data/hanging_exp/daily_5/base.urdf",
    "hook_pose": [
        0.5,
        -0.1,
        1.3,
        0.0,
        0.0,
        -0.7071067811865475,
        0.7071067811865476
    ],
    "contact_info": [
        {
            "contact_point_hook": [
                -0.005059187112713151,
                0.0004645514497031433,
                -0.01203070863232436,
                1.0
            ],
            "contact_point_obj": [
                -0.0038602859563702796,
                0.00039287447917235596,
                0.042444124327014165,
                1.0
            ],
            "obj_pose": [
                0.5050269736925652,
                -0.09200232073426476,
                1.2456950744612345,
                0.0974375681518065,
                0.015190787788278428,
                -0.7005022818904814,
                0.7068038719087935
            ]
        }
    ]
}