{
    "hook_path": "models/hook/Hook1#12/base.urdf",
    "obj_path": "models/geo_data/hanging_exp/daily_5/base.urdf",
    "hook_pose": [
        0.5,
        -0.1,
        1.3,
        0.0,
        0.0,
        -0.7071067811865475,
        0.7071067811865476
    ],
    "contact_info": [
        {
            "contact_point_hook": [
                -0.009215612893443803,
                -0.0012752275426612947,
                -0.008709668437883122,
                1.0
            ],
            "contact_point_obj": [
                0.0025313383698861505,
                0.005343496723150043,
                0.04093060470588039,
                1.0
            ],
            "obj_pose": [
                0.5023904812097542,
                -0.09274612745616992,
                1.2501443817382842,
                0.020674111202760023,
                0.005568692257801956,
                0.6823948611768065,
                0.7306701199802828
            ]
        }
    ]
}