{
    "hook_path": "models/hook_1104/Hook_180/base.urdf",
    "obj_path": "models/geo_data/hanging_exp/daily_11/base.urdf",
    "hook_pose": [
        0.5,
        -0.1,
        1.3,
        4.329780281177466e-17,
        0.7071067811865475,
        0.7071067811865476,
        4.329780281177467e-17
    ],
    "contact_info": [
        {
            "contact_point_hook": [],
            "contact_point_obj": [],
            "obj_pose": [
                0.5001178044913859,
                -0.0696922964900838,
                1.1940188969241,
                -0.49901994867420263,
                0.4968566130159208,
                0.49840854704142984,
                0.5056693753467721
            ]
        }
    ],
    "initial_pose": [
        {
            "robot_pose": [
                0.47501444816589355,
                0.00683228624984622,
                1.2967554330825806,
                0.7004694938659668,
                -0.1266654133796692,
                0.7006398439407349,
                -0.04901215434074402
            ],
            "object_pose": [
                0.5094784067304793,
                0.006132263757052857,
                1.2707302869158743,
                -0.44519688841390986,
                0.4311412671536838,
                0.5414775166687416,
                0.5680836533873698
            ]
        },
        {
            "robot_pose": [
                0.48126548528671265,
                0.07851054519414902,
                1.293115258216858,
                0.7091687321662903,
                -0.04294104501605034,
                0.7034956812858582,
                0.018156100064516068
            ],
            "object_pose": [
                0.5154551068482421,
                0.07323093673135173,
                1.2671893137629244,
                -0.502214056072229,
                0.4866678729560275,
                0.5004919581277714,
                0.5103363823649704
            ]
        },
        {
            "robot_pose": [
                0.4847722351551056,
                0.1541697084903717,
                1.2902263402938843,
                0.7086622714996338,
                -0.03187267854809761,
                0.7047374248504639,
                0.011278245598077774
            ],
            "object_pose": [
                0.5191667488645937,
                0.14966442358614623,
                1.2644233718090987,
                -0.5098626737327183,
                0.48171373886171437,
                0.5041218594022107,
                0.5038383457011277
            ]
        }
    ]
}