{
    "hook_path": "models/hook_1104/Hook_180/base.urdf",
    "obj_path": "models/geo_data/hanging_exp/bag_5/base.urdf",
    "hook_pose": [
        0.5,
        -0.1,
        1.3,
        4.329780281177466e-17,
        0.7071067811865475,
        0.7071067811865476,
        4.329780281177467e-17
    ],
    "contact_info": [
        {
            "contact_point_hook": [],
            "contact_point_obj": [],
            "obj_pose": [
                0.5009755164931105,
                -0.06762965993061042,
                1.2182854928259579,
                -0.48700592305764934,
                0.4884394717054956,
                0.5290115689519594,
                -0.49436714423777167
            ]
        }
    ],
    "initial_pose": [
        {
            "robot_pose": [
                0.4685985743999481,
                0.017372826114296913,
                1.2752869129180908,
                0.7060497999191284,
                -0.10744467377662659,
                0.6992071270942688,
                -0.03253888711333275
            ],
            "object_pose": [
                0.5144259279400716,
                0.012579454779912326,
                1.2793793381882432,
                0.5481011864504721,
                -0.468051031514122,
                -0.5372735738341348,
                0.43800733803173647
            ]
        },
        {
            "robot_pose": [
                0.4719586670398712,
                0.08872570842504501,
                1.2738372087478638,
                0.7132129669189453,
                -0.023127300664782524,
                0.6998739242553711,
                0.031125638633966446
            ],
            "object_pose": [
                0.517954537930087,
                0.08622494216583744,
                1.277934030913593,
                0.5026504612959375,
                -0.5095858803820562,
                -0.48308238634161715,
                0.5042778522607498
            ]
        },
        {
            "robot_pose": [
                0.4717119336128235,
                0.14679016172885895,
                1.2744251489639282,
                0.7131428122520447,
                -0.0234006829559803,
                0.7004663348197937,
                0.015057285316288471
            ],
            "object_pose": [
                0.5178215127044126,
                0.1479284988608047,
                1.2786997252969163,
                0.5132229020464805,
                -0.503443756605069,
                -0.47945949862766485,
                0.5032546332882322
            ]
        }
    ]
}