{
    "hook_path": "models/hook_1104/Hook_180/base.urdf",
    "obj_path": "models/geo_data/hanging_exp/mug_59/base.urdf",
    "hook_pose": [
        0.5,
        -0.1,
        1.3,
        4.329780281177466e-17,
        0.7071067811865475,
        0.7071067811865476,
        4.329780281177467e-17
    ],
    "contact_info": [
        {
            "contact_point_hook": [],
            "contact_point_obj": [],
            "obj_pose": [
                0.502263551941233,
                -0.06993826458645525,
                1.2218663611009466,
                0.5625958840852135,
                -0.40444379851977974,
                0.44074483941758763,
                0.570661959110675
            ]
        }
    ],
    "initial_pose": [
        {
            "robot_pose": [
                0.488495409488678,
                0.03514152765274048,
                1.2960573434829712,
                0.7039343118667603,
                -0.12174264341592789,
                0.6978592276573181,
                -0.05145600065588951
            ],
            "object_pose": [
                0.5249057566308565,
                0.0011187531644196397,
                1.2773502223440338,
                0.534956236512,
                -0.5359978814461449,
                0.4192727122441256,
                0.5007379443078145
            ]
        },
        {
            "robot_pose": [
                0.4914546012878418,
                0.09654933214187622,
                1.2960569858551025,
                0.7133436799049377,
                -0.03132067993283272,
                0.6998454928398132,
                0.019392801448702812
            ],
            "object_pose": [
                0.5284168412554708,
                0.056539940951421966,
                1.285675103381753,
                0.482862160937019,
                -0.4693117835365538,
                0.4823728184573756,
                0.5602740823761699
            ]
        },
        {
            "robot_pose": [
                0.48984426259994507,
                0.16868756711483002,
                1.2979350090026855,
                0.7140836715698242,
                -0.013513002544641495,
                0.699750542640686,
                0.015845738351345062
            ],
            "object_pose": [
                0.5280979469433713,
                0.1286403519079655,
                1.2877422023241543,
                0.49089739227214474,
                -0.46240270026338964,
                0.49124775044432395,
                0.551252338528305
            ]
        }
    ]
}