{
    "hook_path": "models/hook/Hook124#0/base.urdf",
    "obj_path": "models/geo_data/hanging_exp/daily_5/base.urdf",
    "hook_pose": [
        0.5,
        -0.1,
        1.3,
        0.0,
        0.0,
        -0.7071067811865475,
        0.7071067811865476
    ],
    "contact_info": [
        {
            "contact_point_hook": [
                -0.0022894477025487006,
                -0.0043944139850402575,
                -0.001730314449886805,
                1.0
            ],
            "contact_point_obj": [
                0.0020597124721319082,
                -0.0054162391264303,
                0.040499461953890314,
                1.0
            ],
            "obj_pose": [
                0.4991780414334296,
                -0.09770252454166724,
                1.2575140481715208,
                -0.030556485111987965,
                0.0034291256885345925,
                -0.7441958613288949,
                0.667253371887739
            ]
        }
    ]
}