{
    "hook_path": "models/hook_1120/Hook44#18/base.urdf",
    "obj_path": "models/geo_data/hanging_exp/daily_5/base.urdf",
    "hook_pose": [
        0.5,
        -0.1,
        1.3,
        0.0,
        0.0,
        -0.7071067811865475,
        0.7071067811865476
    ],
    "contact_info": [
        {
            "contact_point_hook": [
                0.0042057338445351524,
                -0.0020732144004221853,
                -0.034746744471851,
                1.0
            ],
            "contact_point_obj": [
                -0.0021052433669029955,
                -0.0029406382635931427,
                0.04034439044438787,
                1.0
            ],
            "obj_pose": [
                0.5017650383233009,
                -0.10651863991557618,
                1.2249957403925151,
                0.007600237780221956,
                -0.00936799628836158,
                -0.7181150537421739,
                0.6958198377598184
            ]
        }
    ]
}