{
    "hook_path": "models/hook_1120/Hook44#20/base.urdf",
    "obj_path": "models/geo_data/hanging_exp/daily_5/base.urdf",
    "hook_pose": [
        0.5,
        -0.1,
        1.3,
        0.0,
        0.0,
        -0.7071067811865475,
        0.7071067811865476
    ],
    "contact_info": [
        {
            "contact_point_hook": [
                0.001960104204744199,
                0.003742507996575606,
                -0.051667756457926206,
                1.0
            ],
            "contact_point_obj": [
                -0.002782729305705226,
                0.003877832495991773,
                0.041640308926436775,
                1.0
            ],
            "obj_pose": [
                0.4952790666901558,
                -0.10423989117645803,
                1.2073460357721266,
                -0.03590847634171893,
                0.04102261154905435,
                -0.7176089622891095,
                0.6943090838458467
            ]
        }
    ]
}