{
    "hook_path": "models/hook/Hook_180#9/base.urdf",
    "obj_path": "models/geo_data/hanging_exp/daily_5/base.urdf",
    "hook_pose": [
        0.5,
        -0.1,
        1.3,
        4.329780281177466e-17,
        0.7071067811865475,
        0.7071067811865476,
        4.329780281177467e-17
    ],
    "contact_info": [
        {
            "contact_point_hook": [
                -0.0001186221023340428,
                -0.018832068039325467,
                0.03329009586843594,
                1.0
            ],
            "contact_point_obj": [
                -0.0017659815958668557,
                -0.0027728905239332025,
                0.040822808107006114,
                1.0
            ],
            "obj_pose": [
                0.49821007802303235,
                -0.0685436233975936,
                1.240298576598168,
                -0.03861036116037267,
                0.03835537129465364,
                -0.7479166090001677,
                0.6615578973042385
            ]
        }
    ]
}