{
    "hook_path": "models/hook/Hook1#17/base.urdf",
    "obj_path": "models/geo_data/hanging_exp/daily_5/base.urdf",
    "hook_pose": [
        0.5,
        -0.1,
        1.3,
        0.0,
        0.0,
        -0.7071067811865475,
        0.7071067811865476
    ],
    "contact_info": [
        {
            "contact_point_hook": [
                -0.009556572783733841,
                0.000658176202223193,
                -0.0083708293534841,
                1.0
            ],
            "contact_point_obj": [
                0.00287626075968226,
                -0.0013940482921071529,
                0.04110131306309506,
                1.0
            ],
            "obj_pose": [
                0.49784622697033076,
                -0.09367338727133352,
                1.2506267989874413,
                0.013089138701696906,
                0.015964490939842174,
                0.7375896630883337,
                0.6749335510865627
            ]
        }
    ]
}