{
    "hook_path": "models/hook_1120/Hook209#5/base.urdf",
    "obj_path": "models/geo_data/hanging_exp/daily_5/base.urdf",
    "hook_pose": [
        0.5,
        -0.1,
        1.3,
        0.0,
        0.0,
        -0.7071067811865475,
        0.7071067811865476
    ],
    "contact_info": [
        {
            "contact_point_hook": [
                -0.007431472835142977,
                -0.0012101199096332116,
                -0.04702663976074928,
                1.0
            ],
            "contact_point_obj": [
                0.003198650027679639,
                0.0028845141718030765,
                0.041210884096461564,
                1.0
            ],
            "obj_pose": [
                0.496785968229582,
                -0.09657842124530064,
                1.211781202748574,
                0.0340471726669555,
                0.04770066369574667,
                0.6944083749850174,
                0.7171906618654758
            ]
        }
    ]
}