{
    "contact_pose": [
        0.06339989839837308,
        0.026049362355866235,
        0.00545911288491845,
        0.31816761846212477,
        -0.07111865262637646,
        0.3058986492621561
    ],
    "obj_pose": [
        0.5008082940902017,
        -0.0764203110642009,
        1.2259609281253394,
        1.277778735630639,
        -0.8576901118986713,
        1.052374350871128
    ]
}