{
    "file": "models/geo_data/hanging_exp/wrench_35/base.urdf",
    "contact_pose": [
        -0.02552217729094724,
        -0.07269932620116609,
        -0.005283201751496991,
        -0.5519923689154368,
        -0.4151049375114476,
        0.5897528950590347,
        -0.4185496843652241
    ],
    "obj_pose": [
        0.49682611373620034,
        -0.07655500065615814,
        1.2163528938204238,
        -0.7009028827112268,
        0.10459011712585282,
        0.1157022498005949,
        0.6959950041471371
    ]
}