{
    "file": "models/geo_data/hanging_exp/wrench_35/base.urdf",
    "contact_pose": [
        -0.02247364517083162,
        -0.06188853303703101,
        -0.0007336461026431393,
        0.4438367539236172,
        -0.5191652641391695,
        0.38594088391637177,
        0.6201016033681113
    ],
    "obj_pose": [
        0.49711842742504875,
        -0.06978597016055728,
        1.2265404110285334,
        0.1093575082402687,
        0.6991364850266455,
        -0.6984770468465188,
        0.10667204753182888
    ]
}