{
    "file": "models/geo_data/hanging_exp/daily_23/base.urdf",
    "contact_pose": [
        -0.0010580205302592194,
        -0.049019708270005506,
        0.0006007815473845632,
        0.5475406390893702,
        0.39445227605399585,
        -0.4147494937994341,
        0.6104011040738209
    ],
    "obj_pose": [
        0.5053012249900916,
        -0.07341616148004679,
        1.243891649204189,
        -0.680181596844986,
        0.0902051627133471,
        -0.12233777731622664,
        0.7171119104955578
    ]
}