{
    "contact_pose": [
        0.043943654686975496,
        0.0033345127119792863,
        -0.025409783333812653,
        -1.613334849957244,
        1.4972380679821662,
        -0.9039928847543193
    ],
    "obj_pose": [
        0.4963225287862178,
        -0.06536248728262314,
        1.2459505032635425,
        0.1260734502463094,
        -1.950721196408868,
        0.0986266228406878
    ]
}