{
    "file": "models/geo_data/hanging_exp/daily_5/base.urdf",
    "contact_pose": [
        -0.0003466128019078992,
        -0.0010866115387051436,
        0.03566363455445433,
        0.07924341564366387,
        0.01444978774760196,
        0.053742439452546635,
        0.9953006756316727
    ],
    "obj_pose": [
        0.4934259515401117,
        -0.07995802513096836,
        1.2571024126349355,
        -0.06690929029949887,
        0.04494202371609465,
        -0.7425679393676907,
        0.664903163475059
    ]
}