{
    "file": "models/geo_data/hanging_exp/scissor_19/base.urdf",
    "contact_pose": [
        0.07419220139131856,
        -0.0018057928282895703,
        -0.015800088989129744,
        0.49422956732091994,
        0.6140347429513626,
        0.42984445197777527,
        0.44037735675027223
    ],
    "obj_pose": [
        0.4997277069144296,
        -0.08163294138370633,
        1.2161272763403108,
        0.7939279429055682,
        0.0031592287721659124,
        0.608003411263404,
        0.0005409615163136926
    ]
}