{
    "file": "models/geo_data/hanging_exp/daily_11/base.urdf",
    "contact_pose": [
        -0.03812401133210618,
        0.0028860721400724206,
        0.0007229606490271532,
        -0.6903672016131143,
        0.004623579402102738,
        0.723332890346713,
        -0.012699574522805847
    ],
    "obj_pose": [
        0.5023793588919601,
        -0.07992332656363031,
        1.2551596075730367,
        -0.5016259949281189,
        0.5005717186529943,
        0.4911036561559004,
        0.5065733062523818
    ]
}