{
    "file": "models/geo_data/hanging_exp/bag_70/base.urdf",
    "contact_pose": [
        0.001193614518490294,
        0.05758131385505076,
        -0.0028508946309675504,
        0.016234928667305987,
        0.7546032433739573,
        0.6559711132826613,
        -0.003502958660546217
    ],
    "obj_pose": [
        0.4935246720871783,
        -0.060523716359301025,
        1.2343753569202778,
        0.5253939212785781,
        0.5389880595033052,
        0.47048310301471463,
        0.46054179937767475
    ]
}