{
    "file": "models/geo_data/hanging_exp/scissor_4/base.urdf",
    "contact_pose": [
        0.03709649985725057,
        -0.0036052873045534025,
        -0.02225318112175578,
        0.623044300912804,
        -0.5672275419645221,
        0.4436337496036184,
        -0.30538141880211966
    ],
    "obj_pose": [
        0.5062361542649723,
        -0.06819037203776851,
        1.2520607772519716,
        0.10265714797707716,
        0.8684355159380994,
        0.0966649619496318,
        -0.47532846512471344
    ]
}