{
    "file": "models/geo_data/hanging_exp/daily_5/base.urdf",
    "contact_pose": [
        -0.001112957789643389,
        0.0007626694288168594,
        0.03464657486479724,
        -0.0037862188643044254,
        0.07452990638839062,
        0.9954805172066865,
        0.05873242258205586
    ],
    "obj_pose": [
        0.49528603596996046,
        -0.06940643264593291,
        1.2584798423431278,
        0.038451649510641256,
        0.055307233814337504,
        0.7441871254688466,
        0.6645661011698777
    ]
}