{
    "file": "models/geo_data/hanging_exp/mug_115/base.urdf",
    "contact_pose": [
        0.06353947346044396,
        0.026543200545459663,
        0.004059999178098151,
        0.6617946290336656,
        0.1755366351483781,
        0.7264363687990765,
        0.059202709304476096
    ],
    "obj_pose": [
        0.49864481589720466,
        -0.06624674373880157,
        1.222129952998289,
        0.6080178141735935,
        -0.3727905397524677,
        0.39719303114822935,
        0.5775631975168701
    ]
}