{
    "file": "models/geo_data/hanging_exp/wrench_27/base.urdf",
    "contact_pose": [
        -0.010235046081838017,
        -0.004965978026788914,
        -0.10983046298726537,
        0.7427974595911554,
        0.667379348054388,
        0.01749803327256617,
        0.05050305581861357
    ],
    "obj_pose": [
        0.515727606448907,
        -0.08757144631871924,
        1.1823620535961343,
        0.9977195682712915,
        -0.04942504332424465,
        0.04472430315976701,
        0.010609660117905763
    ]
}