{
    "contact_pose": [
        0.0017911794648910288,
        0.002892204284145715,
        0.041645294811898374,
        -0.15142496026594765,
        0.168516034393861,
        2.7725306825643763
    ],
    "obj_pose": [
        0.5008491105591618,
        -0.07321891941455165,
        1.2551679856238744,
        0.05361147589115283,
        0.06115706849934096,
        1.6952082998543432
    ]
}