{
    "file": "models/geo_data/hanging_exp/daily_5/base.urdf",
    "contact_pose": [
        -0.0007936149495418851,
        -0.0003972659160775759,
        0.03373718132973602,
        -0.03069995479284551,
        0.04296439427962543,
        0.9767015088095657,
        0.20800417372980748
    ],
    "obj_pose": [
        0.4916934058635997,
        -0.06496362422818198,
        1.260338359756487,
        0.04906388673812271,
        0.05303408000487364,
        0.748865552364475,
        0.6587719680268999
    ]
}