{
    "file": "models/geo_data/hanging_exp/bag_5/base.urdf",
    "contact_pose": [
        0.0023500286853062194,
        0.054023669919334154,
        0.006008133205008409,
        -0.6923221353170304,
        0.005305265751853875,
        -0.0013353637937747428,
        0.7215678290423625
    ],
    "obj_pose": [
        0.5028223418998152,
        -0.0734281936304932,
        1.2369752386243458,
        0.48579428725908985,
        -0.49329706603735507,
        -0.509281260207981,
        0.5111697497958393
    ]
}