{
    "file": "models/geo_data/hanging_exp/bag_5/base.urdf",
    "contact_pose": [
        0.0031926923186237346,
        0.055692929002894055,
        0.007152551753723276,
        -0.09341706054861441,
        0.6513184982193689,
        0.7504708621229338,
        0.06205603741927745
    ],
    "obj_pose": [
        0.49861475320044135,
        -0.08577112978922699,
        1.2370054671286874,
        0.46370890664771997,
        0.5018484161340582,
        0.5307496964205957,
        0.5014249463965259
    ]
}