{
    "hook_path": "models/hook/Hook47#9/base.urdf",
    "obj_path": "models/geo_data/hanging_exp/daily_5/base.urdf",
    "hook_pose": [
        0.5,
        -0.1,
        1.3,
        0.0,
        0.0,
        -0.7071067811865475,
        0.7071067811865476
    ],
    "contact_info": [
        {
            "contact_point_hook": [
                -0.003736583685625715,
                0.043059135133251325,
                -0.038843714456868295,
                1.0
            ],
            "contact_point_obj": [
                0.005939130802029836,
                -0.011127019669622096,
                0.035971594710179744,
                1.0
            ],
            "obj_pose": [
                0.5299691216216947,
                -0.10243421562357435,
                1.2258913986220303,
                0.016023452004489964,
                0.022161478656619795,
                0.7045727805551387,
                0.7091045866093466
            ]
        }
    ]
}