{
    "hook_path": "models/hook_all_new/Hook_hcu_138_hard/base.urdf",
    "obj_path": "models/everyday_objects_50/scissor_19/base.urdf",
    "hook_pose": [
        0.5,
        -0.1,
        1.3,
        4.329780281177466e-17,
        0.7071067811865475,
        0.7071067811865476,
        4.329780281177467e-17
    ],
    "contact_info": [
        {
            "contact_point_hook": [],
            "obj_pose": [
                0.49825033420813464,
                -0.08791684403786404,
                1.261379503889468,
                0.7143523217513236,
                0.03660624358298743,
                0.06331532027819091,
                0.695953959366068
            ],
            "contact_point_obj": []
        }
    ],
    "initial_pose": [
        {
            "robot_pose": [
                0.499533087015152,
                0.018548686057329178,
                1.241549015045166,
                0.7129785418510437,
                -0.05069020017981529,
                0.6973229050636292,
                0.05322510376572609
            ],
            "obj_pose": [
                0.5270609299954602,
                0.013254660586283353,
                1.252086837140214,
                0.691714680672912,
                -0.08605351178280352,
                0.11553326010876466,
                0.7076564558174107
            ]
        },
        {
            "robot_pose": [
                0.4906447089289919,
                0.01851894087613066,
                1.2131602770018708,
                0.7020379929583977,
                -0.05246598369224539,
                0.7085224295971254,
                0.04884612324367184
            ],
            "obj_pose": [
                0.5178427207090991,
                0.013254660586283353,
                1.224536130709727,
                0.6922109130294462,
                -0.09642117003898344,
                0.1275552696793334,
                0.7037589523610245
            ]
        },
        {
            "robot_pose": [
                0.4899887561243347,
                0.018711034277403484,
                1.2421423673876162,
                0.7050934117165134,
                -0.05819142776386584,
                0.7053896372717573,
                0.04338776461617688
            ],
            "obj_pose": [
                0.5172705126245987,
                0.013254660586283353,
                1.2532233550577938,
                0.6984254998494179,
                -0.09489074831674739,
                0.12402816226721179,
                0.6984372427130419
            ]
        },
        {
            "robot_pose": [
                0.4894534342929087,
                0.01740839320365694,
                1.2693515882171384,
                0.7155429464656111,
                -0.03335902300866932,
                0.696343431524288,
                0.04462390301394618
            ],
            "obj_pose": [
                0.5172177990490464,
                0.013254660586283353,
                1.2797794880236661,
                0.6894313367661525,
                -0.07051696397164063,
                0.12699480112253503,
                0.7096366043017412
            ]
        },
        {
            "robot_pose": [
                0.4995176685959873,
                0.019032108780330105,
                1.2765386426461809,
                0.7120923204163605,
                -0.06180895966275819,
                0.6976919839057887,
                0.0482708535563181
            ],
            "obj_pose": [
                0.5269594208016158,
                0.013254660586283353,
                1.2870470139564012,
                0.6990165976181899,
                -0.09167472719184457,
                0.11256866206213222,
                0.7002141365112047
            ]
        },
        {
            "robot_pose": [
                0.5455347341680141,
                0.017654732263236574,
                1.2727420058873329,
                0.7166541256056532,
                -0.03299876594812611,
                0.6944263695174174,
                0.055587435785045644
            ],
            "obj_pose": [
                0.573288112562997,
                0.013254660586283353,
                1.2830978687797259,
                0.6835210614282227,
                -0.07282446242145586,
                0.12053821092658251,
                0.7162165147242001
            ]
        },
        {
            "robot_pose": [
                0.550235560028164,
                0.017955776971864065,
                1.2463509610277406,
                0.718214089660073,
                -0.046984723668151096,
                0.6932773791721581,
                0.03643394960423137
            ],
            "obj_pose": [
                0.5780288448782558,
                0.013254660586283353,
                1.2564646824651915,
                0.7005016765829086,
                -0.07305616762011287,
                0.12078682936181549,
                0.6995503836964967
            ]
        },
        {
            "robot_pose": [
                0.5500526689330282,
                0.018426568596407986,
                1.2369724140548706,
                0.7264981924459654,
                -0.05131650859559188,
                0.6837289107682487,
                0.045626405709498705
            ],
            "obj_pose": [
                0.5780042969482986,
                0.013254660586283353,
                1.2463964470649058,
                0.6992821141701808,
                -0.07031035335572562,
                0.10535434620469766,
                0.7035349605730021
            ]
        },
        {
            "robot_pose": [
                0.5042112433911522,
                0.01878706881980667,
                1.2087168415535587,
                0.70184142426051,
                -0.05998901464482716,
                0.7085211834935995,
                0.042634092634305926
            ],
            "obj_pose": [
                0.5313807644448093,
                0.013254660586283353,
                1.22003338361357,
                0.6987996370560031,
                -0.09885331022620826,
                0.12656476933205527,
                0.6970569915520847
            ]
        }
    ]
}