{
    "hook_path": "models/hook_1120/Hook145#19/base.urdf",
    "obj_path": "models/geo_data/hanging_exp/daily_5/base.urdf",
    "hook_pose": [
        0.5,
        -0.1,
        1.3,
        0.0,
        0.0,
        -0.7071067811865475,
        0.7071067811865476
    ],
    "contact_info": [
        {
            "contact_point_hook": [
                -0.0277844569447826,
                0.00019895412807868773,
                0.051604989917424904,
                1.0
            ],
            "contact_point_obj": [
                -0.000976879140128081,
                0.0006784501154045719,
                0.04064182278258377,
                1.0
            ],
            "obj_pose": [
                0.4997854467628435,
                -0.07091217840538758,
                1.3109687671752346,
                0.01189927539494662,
                0.006311220375163951,
                0.7208737657466406,
                0.692935487329599
            ]
        }
    ]
}