{
    "hook_path": "models/hook/Hook57#1/base.urdf",
    "obj_path": "models/geo_data/hanging_exp/daily_5/base.urdf",
    "hook_pose": [
        0.5,
        -0.1,
        1.3,
        0.0,
        0.0,
        -0.7071067811865475,
        0.7071067811865476
    ],
    "contact_info": [
        {
            "contact_point_hook": [
                -0.012170372448886552,
                -0.0005957278382104358,
                -0.027761755301520807,
                1.0
            ],
            "contact_point_obj": [
                -0.006181498431937209,
                0.0001725390357094625,
                0.04402401230847253,
                1.0
            ],
            "obj_pose": [
                0.5012116192524548,
                -0.09379558104944045,
                1.2282212565272164,
                0.015125103980358542,
                -0.012257354416475557,
                -0.6908237043778801,
                0.7227610932818088
            ]
        }
    ]
}