{
    "hook_path": "models/hook/Hook42#1/base.urdf",
    "obj_path": "models/geo_data/hanging_exp/daily_5/base.urdf",
    "hook_pose": [
        0.5,
        -0.1,
        1.3,
        0.0,
        0.0,
        -0.7071067811865475,
        0.7071067811865476
    ],
    "contact_info": [
        {
            "contact_point_hook": [
                -0.002338479432864277,
                -0.0018669819251805886,
                -0.014151929751974546,
                1.0
            ],
            "contact_point_obj": [
                0.0005967724233620353,
                -0.0032597638762657255,
                0.04065399876880993,
                1.0
            ],
            "obj_pose": [
                0.4927807068612216,
                -0.09558685005477914,
                1.2454651738599922,
                -0.05810525482562386,
                0.08679892526529524,
                -0.6398208765877711,
                0.761392784190194
            ]
        }
    ]
}