{
    "hook_path": "models/hook/Hook209#13/base.urdf",
    "obj_path": "models/geo_data/hanging_exp/daily_5/base.urdf",
    "hook_pose": [
        0.5,
        -0.1,
        1.3,
        0.0,
        0.0,
        -0.7071067811865475,
        0.7071067811865476
    ],
    "contact_info": [
        {
            "contact_point_hook": [
                -0.007429347917016645,
                0.004437328025023057,
                -0.04347290232155121,
                1.0
            ],
            "contact_point_obj": [
                0.002029961578731504,
                -0.002705298924493449,
                0.038605264657323834,
                1.0
            ],
            "obj_pose": [
                0.5022677454703591,
                -0.0955075986678415,
                1.2179463628248952,
                -0.005139915728851708,
                0.0034626881314799986,
                0.7672175727959221,
                0.6413569887748463
            ]
        }
    ]
}