{
    "hook_path": "models/hook_1120/Hook_bar#9/base.urdf",
    "obj_path": "models/geo_data/hanging_exp/daily_5/base.urdf",
    "hook_pose": [
        0.5,
        -0.1,
        1.3,
        4.329780281177466e-17,
        0.7071067811865475,
        0.7071067811865476,
        4.329780281177467e-17
    ],
    "contact_info": [
        {
            "contact_point_hook": [
                -0.0007581955841331478,
                -0.000543944102858962,
                0.02456970367970514,
                1.0
            ],
            "contact_point_obj": [
                2.666832946142568e-05,
                -0.0018738692146479663,
                0.040635668329927155,
                1.0
            ],
            "obj_pose": [
                0.49287824387098594,
                -0.0754850985650743,
                1.259547748549351,
                -0.0865305098258295,
                0.08345878646861118,
                -0.7129665300068504,
                0.6908153363384889
            ]
        }
    ]
}