{
    "hook_path": "models/hook_1120/Hook_skew#1/base.urdf",
    "obj_path": "models/geo_data/hanging_exp/daily_5/base.urdf",
    "hook_pose": [
        0.5,
        -0.1,
        1.3,
        4.329780281177466e-17,
        0.7071067811865475,
        0.7071067811865476,
        4.329780281177467e-17
    ],
    "contact_info": [
        {
            "contact_point_hook": [
                0.0006467241205002083,
                0.002260744269285464,
                0.016586566016070312,
                1.0
            ],
            "contact_point_obj": [
                0.003193062480755274,
                0.0019550526344085384,
                0.04125067582574249,
                1.0
            ],
            "obj_pose": [
                0.49942016593272315,
                -0.08607694170446967,
                1.2609262866433142,
                0.02074938725305315,
                0.011741113631749676,
                0.7080770014829151,
                0.7057326470769743
            ]
        }
    ]
}