{
    "hook_path": "models/hook/Hook_60#8/base.urdf",
    "obj_path": "models/geo_data/hanging_exp/daily_5/base.urdf",
    "hook_pose": [
        0.5,
        -0.1,
        1.3,
        4.329780281177466e-17,
        0.7071067811865475,
        0.7071067811865476,
        4.329780281177467e-17
    ],
    "contact_info": [
        {
            "contact_point_hook": [
                0.0033084427544493034,
                0.0019245872891433535,
                0.019594834866367514,
                1.0
            ],
            "contact_point_obj": [
                -0.001966295029049353,
                0.00308556999926346,
                0.040618865369106194,
                1.0
            ],
            "obj_pose": [
                0.49973584593735704,
                -0.07858524665271227,
                1.2612957861092053,
                0.013783874823644628,
                -0.0018615694284521889,
                0.5764021093683468,
                0.8170478245915777
            ]
        }
    ]
}