{
    "hook_path": "models/hook/Hook186#1/base.urdf",
    "obj_path": "models/geo_data/hanging_exp/daily_5/base.urdf",
    "hook_pose": [
        0.5,
        -0.1,
        1.3,
        -0.5,
        0.5,
        0.4999999999999999,
        0.5000000000000001
    ],
    "contact_info": [
        {
            "contact_point_hook": [
                -0.017091333976458678,
                0.0002835292683089907,
                0.007292486639687429,
                1.0
            ],
            "contact_point_obj": [
                -0.004392864708573568,
                0.0037917257051335307,
                0.04045824643151508,
                1.0
            ],
            "obj_pose": [
                0.4932854037475426,
                -0.08949950929438673,
                1.276855849191975,
                0.07939146940956228,
                0.1009009636465087,
                0.6870498793142231,
                0.7151772182155329
            ]
        }
    ]
}