{
    "hook_path": "models/hook/Hook122#15/base.urdf",
    "obj_path": "models/geo_data/hanging_exp/daily_5/base.urdf",
    "hook_pose": [
        0.5,
        -0.1,
        1.3,
        0.7071067811865476,
        -0.7071067811865475,
        -4.329780281177466e-17,
        4.329780281177467e-17
    ],
    "contact_info": [
        {
            "contact_point_hook": [
                -0.005525231149973234,
                0.001098625857778368,
                0.043228033398248655,
                1.0
            ],
            "contact_point_obj": [
                -0.004123790086568126,
                -0.004177113863243431,
                0.043317260005434344,
                1.0
            ],
            "obj_pose": [
                0.5019494631901862,
                -0.09836848056514104,
                1.2133394085200744,
                -0.006312509474343666,
                0.011024218563700876,
                -0.712797427726895,
                0.7012549079009129
            ]
        }
    ]
}