{
    "hook_path": "models/hook/Hook2/base.urdf",
    "obj_path": "models/geo_data/hanging_exp/daily_5/base.urdf",
    "hook_pose": [
        0.5,
        -0.1,
        1.3,
        0.0,
        0.0,
        -0.7071067811865475,
        0.7071067811865476
    ],
    "contact_info": [
        {
            "contact_point_hook": [
                -0.010272683657992348,
                -0.006039926220155201,
                -0.013556815199866179,
                1.0
            ],
            "contact_point_obj": [
                0.0016230651487787046,
                -0.006082151961983029,
                0.03943049211395011,
                1.0
            ],
            "object_pose": [
                0.5011133974101206,
                -0.08691396891370427,
                1.2472602081571793,
                0.013271865855536986,
                -0.012964321226102306,
                -0.6418058876586296,
                0.7666426719917029
            ]
        }
    ]
}