{
    "hook_path": "models/hook_1120/Hook15#13/base.urdf",
    "obj_path": "models/geo_data/hanging_exp/daily_5/base.urdf",
    "hook_pose": [
        0.5,
        -0.1,
        1.3,
        0.0,
        0.0,
        -0.7071067811865475,
        0.7071067811865476
    ],
    "contact_info": [
        {
            "contact_point_hook": [
                -0.006311137434619488,
                0.0009835451682270735,
                0.007451072318013008,
                1.0
            ],
            "contact_point_obj": [
                -0.0016464743432543123,
                0.0004901433121285992,
                0.040670201210210255,
                1.0
            ],
            "obj_pose": [
                0.5008472968528753,
                -0.0969195000359602,
                1.2668732359705848,
                -0.009906406248128736,
                -0.01789017760299744,
                -0.7220094318317681,
                0.6915809316389135
            ]
        }
    ]
}