{
    "hook_path": "models/hook_1120/Hook12#19/base.urdf",
    "obj_path": "models/geo_data/hanging_exp/daily_5/base.urdf",
    "hook_pose": [
        0.5,
        -0.1,
        1.3,
        0.5,
        -0.4999999999999999,
        -0.5,
        0.5000000000000001
    ],
    "contact_info": [
        {
            "contact_point_hook": [
                0.002142463448628851,
                0.021844276759587666,
                0.011222463205063482,
                1.0
            ],
            "contact_point_obj": [
                -0.004531058149372047,
                0.003159557928083978,
                0.041619685129617556,
                1.0
            ],
            "obj_pose": [
                0.5134363197742943,
                -0.08628452507700946,
                1.291791295258225,
                0.05055002704946297,
                -0.3134384766464533,
                0.4273782915240692,
                0.8464920626070968
            ]
        }
    ]
}