{
    "hook_path": "models/hook_1120/Hook_180#19/base.urdf",
    "obj_path": "models/geo_data/hanging_exp/daily_5/base.urdf",
    "hook_pose": [
        0.5,
        -0.1,
        1.3,
        4.329780281177466e-17,
        0.7071067811865475,
        0.7071067811865476,
        4.329780281177467e-17
    ],
    "contact_info": [
        {
            "contact_point_hook": [
                -0.003402859064709829,
                -0.01299703576017186,
                0.03419532044122575,
                1.0
            ],
            "contact_point_obj": [
                -0.0027572012969475194,
                0.0019804830341331736,
                0.04157186105803112,
                1.0
            ],
            "obj_pose": [
                0.49585626866100235,
                -0.06944206686159936,
                1.2461426841287409,
                -0.055730495720645236,
                0.037196148956023155,
                -0.7203747704283521,
                0.6903410378065841
            ]
        }
    ]
}