{
    "hook_path": "models/hook/Hook40#17/base.urdf",
    "obj_path": "models/geo_data/hanging_exp/daily_5/base.urdf",
    "hook_pose": [
        0.5,
        -0.1,
        1.3,
        0.0,
        0.0,
        -0.7071067811865475,
        0.7071067811865476
    ],
    "contact_info": [
        {
            "contact_point_hook": [
                -0.0004711250312269968,
                -0.0035940007107985728,
                -0.039053883795827415,
                1.0
            ],
            "contact_point_obj": [
                0.00520722263665354,
                0.007140742582289639,
                0.0450267368893742,
                1.0
            ],
            "obj_pose": [
                0.49566900858529345,
                -0.10501824254951765,
                1.215395747430858,
                0.05779519965735578,
                0.05842744554051073,
                0.6776584484641904,
                0.7307701250935777
            ]
        }
    ]
}