{
    "file": "models/everyday_objects/bag_70/base.urdf",
    "contact_pose": [
        -0.006192471530762189,
        0.0953859234260177,
        -0.0026350476535075273,
        0.5997342014196773,
        0.4014051507153353,
        0.4164117835309692,
        -0.5529864547737657
    ],
    "obj_pose": [
        0.5089671694214388,
        -0.056056318330858945,
        1.2009058563603063,
        0.7045790955885313,
        -0.14132080644321662,
        -0.09193949299640036,
        0.6893067947970999
    ],
    "initial_pose": [
        {
            "robot_pose": [
                0.4687000513076782,
                0.0744856595993042,
                1.200129747390747,
                0.7110015749931335,
                -0.094251349568367,
                0.6967899799346924,
                -0.008786100894212723
            ],
            "obj_pose": [
                0.5381981747457101,
                0.0565141389263342,
                1.1963564589781455,
                0.7056991206843163,
                -0.11395638675668923,
                -0.0025389773512235316,
                0.6992826657202026
            ]
        },
        {
            "robot_pose": [
                0.4406798713079943,
                0.07482859780314757,
                1.1677219034740502,
                0.6968265196361184,
                -0.09159738149366385,
                0.7113498180995309,
                -0.004915030527119951
            ],
            "obj_pose": [
                0.5101863423437634,
                0.0565141389263342,
                1.1669259748623615,
                0.7012466335636025,
                -0.12945845172100048,
                0.010572412225465032,
                0.7009863709755353
            ]
        },
        {
            "robot_pose": [
                0.43635673444629935,
                0.07692554406409978,
                1.1973329548869063,
                0.7064809274355541,
                -0.10278942155446334,
                0.7001950975729274,
                0.006771951058345321
            ],
            "obj_pose": [
                0.505215468572947,
                0.0565141389263342,
                1.1943243510696435,
                0.6998360345336208,
                -0.1290242104173567,
                -0.011224827361616929,
                0.7024644340784352
            ]
        },
        {
            "robot_pose": [
                0.43429408787465396,
                0.07349552393913075,
                1.229400344210158,
                0.7169767159893163,
                -0.07967083327203252,
                0.692515783513057,
                -0.004340119838446101
            ],
            "obj_pose": [
                0.504006337404916,
                0.0565141389263342,
                1.225037174418682,
                0.6974059418943805,
                -0.10317950890964737,
                -0.00084553229175359,
                0.7092095784933532
            ]
        },
        {
            "robot_pose": [
                0.4709821539253358,
                0.07278491588536141,
                1.2289689991715183,
                0.713413568192774,
                -0.08675331531149583,
                0.6951149964722539,
                -0.018168232723543343
            ],
            "obj_pose": [
                0.5408798817178757,
                0.0565141389263342,
                1.2248736495232964,
                0.7081272236543249,
                -0.10405365092001594,
                0.004393594858248566,
                0.6983619184735481
            ]
        },
        {
            "robot_pose": [
                0.49535966167622786,
                0.07445609034755908,
                1.2357439875893759,
                0.7176271297487749,
                -0.09511475692913918,
                0.6898447362530284,
                -0.008872740660879124
            ],
            "obj_pose": [
                0.5647773069525672,
                0.0565141389263342,
                1.2305981809822126,
                0.7065379438166552,
                -0.1071737315848423,
                -0.009332444826255863,
                0.6994503775673282
            ]
        },
        {
            "robot_pose": [
                0.49619470919865794,
                0.07485499683671622,
                1.1997576692384173,
                0.7116107356409025,
                -0.10644354223556712,
                0.6942770284158173,
                -0.0161040693944388
            ],
            "obj_pose": [
                0.565552602349245,
                0.0565141389263342,
                1.1952523378438882,
                0.7149645565176607,
                -0.11523324281074417,
                -0.007715955830322455,
                0.6895559779310518
            ]
        },
        {
            "robot_pose": [
                0.4984320060758974,
                0.07366585793265837,
                1.1682976305248454,
                0.7030854019293735,
                -0.08412246859584253,
                0.7060604115565122,
                -0.0085453556860574
            ],
            "obj_pose": [
                0.5682159419454555,
                0.0565141389263342,
                1.1665022888211325,
                0.7007312369867841,
                -0.11809537773261564,
                0.011307578891093024,
                0.7034922557702991
            ]
        },
        {
            "robot_pose": [
                0.46745724528911736,
                0.07497310262508886,
                1.1698195305676362,
                0.712775613784947,
                -0.0945171170638813,
                0.6949830226591777,
                -0.004004646168861706
            ],
            "obj_pose": [
                0.5368104389723747,
                0.0565141389263342,
                1.1657447781515675,
                0.7031612739478461,
                -0.11423820917551329,
                -0.006622817462072621,
                0.7017620627201773
            ]
        }
    ]
}