{
    "hook_path": "models/hook/Hook136#18/base.urdf",
    "obj_path": "models/geo_data/hanging_exp/daily_5/base.urdf",
    "hook_pose": [
        0.5,
        -0.1,
        1.3,
        0.0,
        0.0,
        -0.7071067811865475,
        0.7071067811865476
    ],
    "contact_info": [
        {
            "contact_point_hook": [
                -0.0059517712955921825,
                -0.05347073388176243,
                -0.011525330415216306,
                1.0
            ],
            "contact_point_obj": [
                -0.004352527715762174,
                -0.004224264979982462,
                0.04317523747737906,
                1.0
            ],
            "obj_pose": [
                0.4494507532372396,
                -0.09935772335032163,
                1.2452987014661165,
                -0.015093896047192992,
                0.002321138251691588,
                -0.7242899515432878,
                0.6893263760460315
            ]
        }
    ]
}