{
    "hook_path": "models/hook/Hook_180#13/base.urdf",
    "obj_path": "models/geo_data/hanging_exp/daily_5/base.urdf",
    "hook_pose": [
        0.5,
        -0.1,
        1.3,
        4.329780281177466e-17,
        0.7071067811865475,
        0.7071067811865476,
        4.329780281177467e-17
    ],
    "contact_info": [
        {
            "contact_point_hook": [
                -0.0001228602554336211,
                -0.009000434105637112,
                0.03590080598517481,
                1.0
            ],
            "contact_point_obj": [
                -0.004859840288096669,
                -0.0030650357047952714,
                0.0472518484466089,
                1.0
            ],
            "obj_pose": [
                0.49535041383821593,
                -0.0702572881295134,
                1.2440415920753385,
                -0.06609600641452829,
                0.04586745536452929,
                -0.7268888447450434,
                0.68202646712547
            ]
        }
    ]
}