{
    "hook_path": "models/hook_1120/Hook145#21/base.urdf",
    "obj_path": "models/geo_data/hanging_exp/daily_5/base.urdf",
    "hook_pose": [
        0.5,
        -0.1,
        1.3,
        0.0,
        0.0,
        -0.7071067811865475,
        0.7071067811865476
    ],
    "contact_info": [
        {
            "contact_point_hook": [
                -0.03255850573145708,
                0.004654853089714361,
                0.041214722184026,
                1.0
            ],
            "contact_point_obj": [
                0.005026675201529211,
                -0.0028347539185806236,
                0.040633712613621586,
                1.0
            ],
            "obj_pose": [
                0.49757059130947406,
                -0.07275798188924752,
                1.3011404150966301,
                0.022006633247745745,
                0.039367059087452916,
                0.654571582438063,
                0.7546535537691679
            ]
        }
    ]
}