{
    "hook_path": "models/hook_1120/Hook84#17/base.urdf",
    "obj_path": "models/geo_data/hanging_exp/daily_5/base.urdf",
    "hook_pose": [
        0.5,
        -0.1,
        1.3,
        0.0,
        0.0,
        -0.7071067811865475,
        0.7071067811865476
    ],
    "contact_info": [
        {
            "contact_point_hook": [
                -0.016244005364480396,
                -2.7948435573521557e-05,
                -0.03264818040032713,
                1.0
            ],
            "contact_point_obj": [
                0.001338339367348007,
                0.0019574292024193696,
                0.040657863440813014,
                1.0
            ],
            "obj_pose": [
                0.5009029135328794,
                -0.08216113543687134,
                1.2266667552510861,
                0.024685308227076538,
                -0.021568515208946173,
                -0.7573883994148324,
                0.6521412785135242
            ]
        }
    ]
}