{
    "hook_path": "models/hook/Hook136#0/base.urdf",
    "obj_path": "models/geo_data/hanging_exp/daily_5/base.urdf",
    "hook_pose": [
        0.5,
        -0.1,
        1.3,
        0.0,
        0.0,
        -0.7071067811865475,
        0.7071067811865476
    ],
    "contact_info": [
        {
            "contact_point_hook": [
                -0.0066176726426494595,
                -0.032503904213063706,
                -0.01418520419428515,
                1.0
            ],
            "contact_point_obj": [
                -0.004260654180038237,
                0.0017452982180714005,
                0.04290922885139126,
                1.0
            ],
            "obj_pose": [
                0.4662864974804344,
                -0.09889730345930366,
                1.2430301832555848,
                -0.009019309328395337,
                -0.008962652462548662,
                -0.6670412394543146,
                0.7449122819415224
            ]
        }
    ]
}