{
    "hook_path": "models/hook_1120/Hook186#0/base.urdf",
    "obj_path": "models/geo_data/hanging_exp/daily_5/base.urdf",
    "hook_pose": [
        0.5,
        -0.1,
        1.3,
        -0.5,
        0.5,
        0.4999999999999999,
        0.5000000000000001
    ],
    "contact_info": [
        {
            "contact_point_hook": [
                -0.012038172082419418,
                0.00048244975530847833,
                0.004810590943674517,
                1.0
            ],
            "contact_point_obj": [
                -0.0005586819414704694,
                0.0006997260872774191,
                0.040600524452698794,
                1.0
            ],
            "obj_pose": [
                0.4958760646700277,
                -0.09469913257542513,
                1.2715943401704337,
                0.03577761196500418,
                0.041088472873250445,
                0.6469776728172528,
                0.7605600507224907
            ]
        }
    ]
}