{
    "hook_path": "models/hook_1120/Hook145#17/base.urdf",
    "obj_path": "models/geo_data/hanging_exp/daily_5/base.urdf",
    "hook_pose": [
        0.5,
        -0.1,
        1.3,
        0.0,
        0.0,
        -0.7071067811865475,
        0.7071067811865476
    ],
    "contact_info": [
        {
            "contact_point_hook": [
                -0.03297471064906514,
                -0.002202635871259795,
                0.06214610814379906,
                1.0
            ],
            "contact_point_obj": [
                0.0038506850609337784,
                0.001675291610437557,
                0.04140025800338387,
                1.0
            ],
            "obj_pose": [
                0.5050197709507077,
                -0.06988586244570504,
                1.3212649425362395,
                -0.04111509525948756,
                -0.03913039022049635,
                0.7877031215807023,
                0.6134347184134692
            ]
        }
    ]
}