{
    "hook_path": "models/hook_1120/Hook_skew#2/base.urdf",
    "obj_path": "models/geo_data/hanging_exp/daily_5/base.urdf",
    "hook_pose": [
        0.5,
        -0.1,
        1.3,
        4.329780281177466e-17,
        0.7071067811865475,
        0.7071067811865476,
        4.329780281177467e-17
    ],
    "contact_info": [
        {
            "contact_point_hook": [
                0.0002568050574899283,
                0.0010521858419980656,
                0.017848559339444615,
                1.0
            ],
            "contact_point_obj": [
                0.003030840124007606,
                0.0017736443043507855,
                0.04116561822754017,
                1.0
            ],
            "obj_pose": [
                0.4998407120676345,
                -0.08452398152173864,
                1.2598053499596717,
                0.020079218867694506,
                0.008843123705069612,
                0.7082062848836054,
                0.7056645677545115
            ]
        }
    ]
}