{
    "hook_path": "models/hook_1120/Hook2#2/base.urdf",
    "obj_path": "models/geo_data/hanging_exp/daily_5/base.urdf",
    "hook_pose": [
        0.5,
        -0.1,
        1.3,
        0.0,
        0.0,
        -0.7071067811865475,
        0.7071067811865476
    ],
    "contact_info": [
        {
            "contact_point_hook": [
                -0.005920221001688763,
                0.003801188740366168,
                -0.013651430185854352,
                1.0
            ],
            "contact_point_obj": [
                -0.012651511079456987,
                0.0008994564165294427,
                0.04140041175594655,
                1.0
            ],
            "obj_pose": [
                0.4976900134646326,
                -0.10555001113383602,
                1.2450454081977849,
                -0.03242150404155148,
                0.0509662747605734,
                -0.7152838244212892,
                0.6962185974490824
            ]
        }
    ]
}