{
    "hook_path": "models/hook/Hook42#16/base.urdf",
    "obj_path": "models/geo_data/hanging_exp/daily_5/base.urdf",
    "hook_pose": [
        0.5,
        -0.1,
        1.3,
        0.0,
        0.0,
        -0.7071067811865475,
        0.7071067811865476
    ],
    "contact_info": [
        {
            "contact_point_hook": [
                -0.006081708265915642,
                0.0009451117696064326,
                -0.01354378440805415,
                1.0
            ],
            "contact_point_obj": [
                -0.004294876433997952,
                0.0008902360908145113,
                0.042948844497065375,
                1.0
            ],
            "obj_pose": [
                0.5009245763596406,
                -0.09797065968077302,
                1.2434745960338673,
                0.009742208574242402,
                -0.005896310565373467,
                -0.713857734313193,
                0.7001981562779549
            ]
        }
    ]
}