{
    "hook_path": "models/hook_1120/Hook_90#8/base.urdf",
    "obj_path": "models/geo_data/hanging_exp/daily_5/base.urdf",
    "hook_pose": [
        0.5,
        -0.1,
        1.3,
        4.329780281177466e-17,
        0.7071067811865475,
        0.7071067811865476,
        4.329780281177467e-17
    ],
    "contact_info": [
        {
            "contact_point_hook": [
                0.0005308624575889875,
                -0.0063497716346510025,
                0.023140541331263823,
                1.0
            ],
            "contact_point_obj": [
                0.0019694708594424765,
                0.0009010034645394183,
                0.04046816741736414,
                1.0
            ],
            "obj_pose": [
                0.49913772481264157,
                -0.07550448369150727,
                1.2531481616866875,
                -0.00540521847381742,
                -0.00795466008046152,
                -0.790566009143162,
                0.6123013083308811
            ]
        }
    ]
}