{
    "hook_path": "models/hook_1120/Hook57#12/base.urdf",
    "obj_path": "models/geo_data/hanging_exp/daily_5/base.urdf",
    "hook_pose": [
        0.5,
        -0.1,
        1.3,
        0.0,
        0.0,
        -0.7071067811865475,
        0.7071067811865476
    ],
    "contact_info": [
        {
            "contact_point_hook": [
                -0.010276465245565441,
                0.0017082698296095877,
                -0.026164994002349173,
                1.0
            ],
            "contact_point_obj": [
                -0.0027436128052954548,
                0.0011556114425905761,
                0.04107134865974871,
                1.0
            ],
            "obj_pose": [
                0.5035931474464436,
                -0.09235103223645648,
                1.2327830630093608,
                0.028432339174774803,
                -0.026128487206789,
                -0.7236186308326082,
                0.68911898925895
            ]
        }
    ]
}