{
    "hook_path": "models/hook_1120/Hook84#13/base.urdf",
    "obj_path": "models/geo_data/hanging_exp/daily_5/base.urdf",
    "hook_pose": [
        0.5,
        -0.1,
        1.3,
        0.0,
        0.0,
        -0.7071067811865475,
        0.7071067811865476
    ],
    "contact_info": [
        {
            "contact_point_hook": [
                -0.015029569216622546,
                0.00023563547203686586,
                -0.02694534569727214,
                1.0
            ],
            "contact_point_obj": [
                0.010588912570773476,
                -0.002886815935413345,
                0.040531689376688496,
                1.0
            ],
            "obj_pose": [
                0.49549365366950254,
                -0.07430173989367123,
                1.2327189472593512,
                -0.04414163714993546,
                0.04895383301771793,
                -0.6268907436138924,
                0.7763137469308513
            ]
        }
    ]
}