{
    "hook_path": "models/hook_1120/Hook42#15/base.urdf",
    "obj_path": "models/geo_data/hanging_exp/daily_5/base.urdf",
    "hook_pose": [
        0.5,
        -0.1,
        1.3,
        0.0,
        0.0,
        -0.7071067811865475,
        0.7071067811865476
    ],
    "contact_info": [
        {
            "contact_point_hook": [
                -0.003153786389815213,
                0.001099093366236703,
                -0.011358825679770979,
                1.0
            ],
            "contact_point_obj": [
                0.00039527665812283397,
                0.0011963847786952142,
                0.04054847254138383,
                1.0
            ],
            "obj_pose": [
                0.5005773541800721,
                -0.0966310339859296,
                1.2480770560435375,
                0.006423969157629329,
                -0.006393142838498919,
                -0.6287160072676446,
                0.7775821773615567
            ]
        }
    ]
}