{
    "hook_path": "models/hook_1120/Hook_90#14/base.urdf",
    "obj_path": "models/geo_data/hanging_exp/daily_5/base.urdf",
    "hook_pose": [
        0.5,
        -0.1,
        1.3,
        4.329780281177466e-17,
        0.7071067811865475,
        0.7071067811865476,
        4.329780281177467e-17
    ],
    "contact_info": [
        {
            "contact_point_hook": [
                -7.627353518468993e-05,
                -0.005116051222485041,
                0.02437549750191254,
                1.0
            ],
            "contact_point_obj": [
                0.0024005072694091023,
                -0.0003952184361073474,
                0.040659470353647365,
                1.0
            ],
            "obj_pose": [
                0.5025740551022416,
                -0.06997332657324074,
                1.2546230935939553,
                0.04734216260703409,
                0.008698871429510058,
                -0.6964523827946154,
                0.7159868209508081
            ]
        }
    ]
}