{
    "hook_path": "models/hook_1120/Hook15#7/base.urdf",
    "obj_path": "models/geo_data/hanging_exp/daily_5/base.urdf",
    "hook_pose": [
        0.5,
        -0.1,
        1.3,
        0.0,
        0.0,
        -0.7071067811865475,
        0.7071067811865476
    ],
    "contact_info": [
        {
            "contact_point_hook": [
                -0.008728638318293498,
                0.011091238223109756,
                0.002496901001334484,
                1.0
            ],
            "contact_point_obj": [
                -0.003987102578257781,
                0.011492868112849886,
                0.035602733030546174,
                1.0
            ],
            "obj_pose": [
                0.5007597094955555,
                -0.09608215320780314,
                1.2666408917041831,
                0.0051622356953553985,
                -0.015355192941796637,
                -0.6969493322169918,
                0.7169373736210403
            ]
        }
    ]
}