{
    "hook_path": "models/hook/Hook15#13/base.urdf",
    "obj_path": "models/geo_data/hanging_exp/daily_5/base.urdf",
    "hook_pose": [
        0.5,
        -0.1,
        1.3,
        0.0,
        0.0,
        -0.7071067811865475,
        0.7071067811865476
    ],
    "contact_info": [
        {
            "contact_point_hook": [
                -0.009292025454514463,
                -0.0016354800938792602,
                0.010547493413260334,
                1.0
            ],
            "contact_point_obj": [
                -0.0050209015876106,
                -0.001200153610230681,
                0.04281602325030054,
                1.0
            ],
            "obj_pose": [
                0.49835539562685094,
                -0.09537856553594799,
                1.2676750411279265,
                -0.011581356405150432,
                0.016368736052193023,
                -0.6706148082226849,
                0.7415347029346112
            ]
        }
    ]
}