{
    "hook_path": "models/hook_1120/Hook2#6/base.urdf",
    "obj_path": "models/geo_data/hanging_exp/daily_5/base.urdf",
    "hook_pose": [
        0.5,
        -0.1,
        1.3,
        0.0,
        0.0,
        -0.7071067811865475,
        0.7071067811865476
    ],
    "contact_info": [
        {
            "contact_point_hook": [
                -0.003108745050187824,
                -0.007095295875681973,
                -0.009142050099737453,
                1.0
            ],
            "contact_point_obj": [
                -0.00959535598568012,
                -0.008181478260113895,
                0.039453614961887595,
                1.0
            ],
            "obj_pose": [
                0.50082366740562,
                -0.10654355791495618,
                1.2513646815549864,
                0.0015626252148365004,
                0.0014471733751337912,
                -0.7169160471994224,
                0.6971562559137054
            ]
        }
    ]
}