{
    "-1": {
        "angle": [],
        "distance": [],
        "pos_diff": []
    },
    "0": {
        "angle": [
            0.008421767523937317,
            0.008421767523937317,
            0.008421767523937317,
            0.008421767523937317,
            0.008421767523937317,
            0.008421767523937317,
            0.008421767523937317,
            0.008421767523937317,
            0.008421767523937317,
            0.008421767523937317,
            0.008421767523937317,
            0.008421767523937317,
            0.008421767523937317,
            0.008421767523937317
        ],
        "angle_max": 0.008421767523937317,
        "angle_mean": 0.008421767523937319,
        "angle_min": 0.008421767523937317,
        "distance": [
            0.00582056628594948,
            0.004305799292937979,
            0.00431039622747368,
            0.0042963105007335885,
            0.0032047976008751657,
            0.004300980205514378,
            0.004304974275971012,
            0.00332492521761312,
            0.0043022063863612245,
            0.004299806857260708,
            0.00429272833946068,
            0.004316879185740144,
            0.005824919543355398,
            0.005819207147709068
        ],
        "distance_max": 0.005824919543355398,
        "distance_mean": 0.004480321219068259,
        "distance_min": 0.0032047976008751657,
        "pos_diff": [
            [
                0.0012865280516320653,
                0.0004110228540815976,
                0.005661704484951343
            ],
            [
                0.0010022716358535043,
                0.0002758087019751089,
                0.004178431365828994
            ],
            [
                0.001020606267472992,
                0.000349696430185429,
                0.004173199119540038
            ],
            [
                0.0009506306541935093,
                0.0002843065782969674,
                0.0041801620838860295
            ],
            [
                0.001149711075113382,
                0.0003285368935776155,
                0.0029733744493244067
            ],
            [
                0.0009598137525363669,
                0.00038713566602902386,
                0.004174603485932146
            ],
            [
                0.0009982598906000638,
                0.0003259804270477097,
                0.004174927241135237
            ],
            [
                0.0013762241997307585,
                0.0009252614974680079,
                0.0028818441692947845
            ],
            [
                0.0009933294936990932,
                0.00027627876140226895,
                0.004176834489633607
            ],
            [
                0.0009646933553779345,
                0.0002814211214217967,
                0.004180730545281957
            ],
            [
                0.0008993959098794989,
                0.0002910904706254179,
                0.004187346406927894
            ],
            [
                0.0010211660423485557,
                0.0003470309539389295,
                0.004179980303211836
            ],
            [
                0.0013601318813793693,
                0.0003319636307750097,
                0.005654160335510635
            ],
            [
                0.0013154803341510445,
                0.00041168164181701675,
                0.0056536007591800296
            ]
        ],
        "pos_diff_max": [
            0.0013762241997307585,
            0.0009252614974680079,
            0.005661704484951343
        ],
        "pos_diff_mean": [
            0.0010927316102834384,
            0.0003733725449029928,
            0.004316492802831354
        ],
        "pos_diff_min": [
            0.0008993959098794989,
            0.0002758087019751089,
            0.0028818441692947845
        ]
    }
}