{
    "hook_path": "models/hook/Hook209#0/base.urdf",
    "obj_path": "models/geo_data/hanging_exp/daily_5/base.urdf",
    "hook_pose": [
        0.5,
        -0.1,
        1.3,
        0.0,
        0.0,
        -0.7071067811865475,
        0.7071067811865476
    ],
    "contact_info": [
        {
            "contact_point_hook": [
                -0.006898635527240571,
                -0.0011800776038231042,
                -0.03773015678481051,
                1.0
            ],
            "contact_point_obj": [
                0.0022981442385994685,
                0.0016495027873064116,
                0.040813017440012755,
                1.0
            ],
            "obj_pose": [
                0.49293204416966824,
                -0.09502364815717446,
                1.2218304758317604,
                0.06490953217216343,
                0.06200515625525155,
                0.6688658853996956,
                0.7379434535107917
            ]
        }
    ]
}