{
    "hook_path": "models/hook_1120/Hook_180#22/base.urdf",
    "obj_path": "models/geo_data/hanging_exp/daily_5/base.urdf",
    "hook_pose": [
        0.5,
        -0.1,
        1.3,
        4.329780281177466e-17,
        0.7071067811865475,
        0.7071067811865476,
        4.329780281177467e-17
    ],
    "contact_info": [
        {
            "contact_point_hook": [
                0.00012319212849515315,
                -0.0168678559279265,
                0.033215088188713895,
                1.0
            ],
            "contact_point_obj": [
                -0.0019317034705941608,
                -0.00026850918039678096,
                0.04090783477249316,
                1.0
            ],
            "obj_pose": [
                0.4950986501266977,
                -0.07000506763247093,
                1.2425852042824312,
                -0.05461330877328177,
                0.029080812754813425,
                -0.7342704146622976,
                0.6760315458512357
            ]
        }
    ]
}