{
    "hook_path": "models/hook_1120/Hook12#17/base.urdf",
    "obj_path": "models/geo_data/hanging_exp/daily_5/base.urdf",
    "hook_pose": [
        0.5,
        -0.1,
        1.3,
        0.5,
        -0.4999999999999999,
        -0.5,
        0.5000000000000001
    ],
    "contact_info": [
        {
            "contact_point_hook": [
                0.005157407691688323,
                0.02525562218372457,
                -0.010917809134240009,
                1.0
            ],
            "contact_point_obj": [
                -0.00018966160342137606,
                -0.009877209184459335,
                0.03580448348328791,
                1.0
            ],
            "obj_pose": [
                0.5103238900240575,
                -0.08673222948516106,
                1.293010989476083,
                0.09581968622028829,
                -0.2512876721919536,
                0.6244873270639744,
                0.7332725767908462
            ]
        }
    ]
}