{
    "hook_path": "models/hook/Hook_bar/base.urdf",
    "obj_path": "models/geo_data/hanging_exp/daily_8/base.urdf",
    "hook_pose": [
        0.5,
        -0.1,
        1.3,
        4.329780281177466e-17,
        0.7071067811865475,
        0.7071067811865476,
        4.329780281177467e-17
    ],
    "contact_info": [
        {
            "contact_pose": [
                [
                    0.021611827986212192,
                    -0.004093000199645785,
                    0.029290590748114045
                ],
                [
                    0.3136326827793477,
                    0.09621707887793,
                    0.9446569822029728
                ],
                [
                    -0.9485898878337277,
                    -0.012847488806784478,
                    0.31624700272248524
                ],
                [
                    0.0425648328109618,
                    -0.9952774566740462,
                    0.08724115567905509
                ]
            ],
            "object_pose": [
                0.4924287530165151,
                -0.08044996956053811,
                1.2355409359914884,
                0.01405024639640578,
                0.04651733267479154,
                -0.15971113505118067,
                0.9859670794086822
            ]
        }
    ],
    "initial_pose": [
        {
            "robot_pose": [
                0.47789791226387024,
                0.014425628818571568,
                1.235109806060791,
                0.715554416179657,
                -0.028122708201408386,
                0.6966144442558289,
                0.04380989074707031
            ],
            "object_pose": [
                0.5083157926052582,
                0.012275875591472444,
                1.2419956288732865,
                -0.04865892036400375,
                -0.011446129985264565,
                0.011492369190219344,
                0.9986837442492822
            ]
        },
        {
            "robot_pose": [
                0.48101091384887695,
                0.04999369755387306,
                1.2367806434631348,
                0.7134475111961365,
                -0.0415210984647274,
                0.6991285085678101,
                0.022090910002589226
            ],
            "object_pose": [
                0.5112617120630829,
                0.046594488382819495,
                1.2438080819648218,
                -0.024343523649537256,
                -0.017014084362084212,
                0.016360511057595103,
                0.999424958397367
            ]
        },
        {
            "robot_pose": [
                0.4846668839454651,
                0.11029908806085587,
                1.2338827848434448,
                0.7128644585609436,
                -0.020117713138461113,
                0.7004474997520447,
                0.028157390654087067
            ],
            "object_pose": [
                0.5150337378762302,
                0.10881030510186068,
                1.2410437394848597,
                -0.04345634825335122,
                -0.017756114788247696,
                0.02752459244463223,
                0.9985182336817224
            ]
        }
    ]
}