{
    "hook_path": "models/hook/Hook_bar/base.urdf",
    "obj_path": "models/geo_data/hanging_exp/mug_145/base.urdf",
    "hook_pose": [
        0.5,
        -0.1,
        1.3,
        4.329780281177466e-17,
        0.7071067811865475,
        0.7071067811865476,
        4.329780281177467e-17
    ],
    "contact_info": [
        {
            "contact_pose": [
                [
                    0.04241328503604558,
                    -0.0033600574827643845,
                    -0.0005473863188072527
                ],
                [
                    0.010187675320829481,
                    -0.9979141981508219,
                    0.06374530885139848
                ],
                [
                    -0.02529734274916781,
                    -0.06398542386276435,
                    -0.9976301468895847
                ],
                [
                    0.9996280586905257,
                    0.008550945100117086,
                    -0.02589644022846177
                ]
            ],
            "object_pose": [
                0.5000299864172769,
                -0.0533719365436716,
                1.244090946661876,
                0.5116148236716632,
                -0.4924690292287137,
                0.4749753686506588,
                0.519733515010445
            ]
        }
    ],
    "initial_pose": [
        {
            "robot_pose": [
                0.4732045462021756,
                0.08894305920533328,
                1.267785835957705,
                0.7379986284574196,
                -0.014155071208869698,
                0.6743636082178397,
                0.01978338356943895
            ],
            "object_pose": [
                0.5066481969602704,
                0.05297147261619205,
                1.2615647771292322,
                0.5344779465968583,
                -0.4573771035669788,
                0.48623189520669796,
                0.5183802212835572
            ]
        },
        {
            "robot_pose": [
                0.471920671151164,
                0.15805764933283115,
                1.2553189142209533,
                0.7210137611811258,
                0.0035891488676379635,
                0.6926844534250565,
                0.017734773217700624
            ],
            "object_pose": [
                0.5066481969602704,
                0.12297147261619204,
                1.2515647771292322,
                0.5231882339980571,
                -0.4567655305526669,
                0.5118004154686324,
                0.5056675356704939
            ]
        },
        {
            "robot_pose": [
                0.47100538722833696,
                0.23696924884170995,
                1.2365523333293789,
                0.7177180259630962,
                -0.0032253059412564776,
                0.6962862910203684,
                -0.007472184842498438
            ],
            "object_pose": [
                0.5066481969602704,
                0.20297147261619206,
                1.2315647771292322,
                0.5378104041497027,
                -0.4641774831428614,
                0.5101350199117559,
                0.48483140862687973
            ]
        }
    ]
}