{
    "hook_path": "models/hook/Hook_bar/base.urdf",
    "obj_path": "models/geo_data/hanging_exp/mug_193/base.urdf",
    "hook_pose": [
        0.5,
        -0.1,
        1.3,
        4.329780281177466e-17,
        0.7071067811865475,
        0.7071067811865476,
        4.329780281177467e-17
    ],
    "contact_info": [
        {
            "contact_pose": [
                [
                    0.043426841376371234,
                    0.018053083019057448,
                    -0.003179759345268261
                ],
                [
                    0.009652179922932214,
                    -0.9859186831959246,
                    0.1669466547971222
                ],
                [
                    0.007394818360890509,
                    -0.1668794891929104,
                    -0.9859495690693935
                ],
                [
                    0.9999260733094946,
                    0.010751102823778336,
                    0.005679938725705214
                ]
            ],
            "object_pose": [
                0.5047809586654364,
                -0.07314802405698752,
                1.2404073249530176,
                0.5443097867900666,
                -0.4572771669528683,
                0.4554385416112667,
                0.5359106113925282
            ]
        }
    ],
    "initial_pose": [
        {
            "robot_pose": [
                0.502770389717828,
                0.059358513258616755,
                1.268764662482498,
                0.721376983511171,
                -0.02724958904492819,
                0.6911470890829731,
                0.03447330575009119
            ],
            "object_pose": [
                0.5394615176616897,
                0.0304701325584601,
                1.272534006275451,
                0.4651847171374584,
                -0.5398021774209321,
                0.5474316430426518,
                0.43878854177039084
            ]
        },
        {
            "robot_pose": [
                0.5020135829479135,
                0.12832677182707206,
                1.2584541537988685,
                0.7263365400743496,
                -0.007391254860299814,
                0.6862810538773186,
                0.03740207204754686
            ],
            "object_pose": [
                0.5394615176616897,
                0.1004701325584601,
                1.262534006275451,
                0.4691026684034025,
                -0.5220896131364258,
                0.5574937829261573,
                0.4433574227985218
            ]
        },
        {
            "robot_pose": [
                0.5028781001260887,
                0.20924515089316595,
                1.2371826285880962,
                0.7123712042150137,
                -0.019450693227893185,
                0.7002386096916787,
                0.042600791486433975
            ],
            "object_pose": [
                0.5394615176616897,
                0.18047013255846012,
                1.242534006275451,
                0.4532465575103223,
                -0.5386159224130057,
                0.5594797715384113,
                0.4375418053941317
            ]
        }
    ]
}