{
    "hook_path": "models/hook/Hook_bar/base.urdf",
    "obj_path": "models/geo_data/hanging_exp/daily_114/base.urdf",
    "hook_pose": [
        0.5,
        -0.1,
        1.3,
        4.329780281177466e-17,
        0.7071067811865475,
        0.7071067811865476,
        4.329780281177467e-17
    ],
    "contact_info": [
        {
            "contact_pose": [
                [
                    -0.0114237734231272,
                    -0.04673191340467602,
                    -0.0017328342883999829
                ],
                [
                    0.03565739113796007,
                    0.2851366636943986,
                    0.9578233832364201
                ],
                [
                    -0.0012961829148527611,
                    0.9584452657687067,
                    -0.2852735396692175
                ],
                [
                    -0.9993632324470848,
                    0.008930595880498136,
                    0.03454524699771966
                ]
            ],
            "object_pose": [
                0.4997584255234769,
                -0.07602815500294255,
                1.2511354172740885,
                -0.7009739289378146,
                0.11445893975453694,
                0.08937258803490737,
                0.6982458324742753
            ]
        }
    ],
    "initial_pose": [
        {
            "robot_pose": [
                0.4811936020851135,
                0.010998089797794819,
                1.2703365087509155,
                0.7137390971183777,
                -0.038276202976703644,
                0.6984397768974304,
                0.03596201911568642
            ],
            "object_pose": [
                0.5108961321415307,
                0.008337750782656752,
                1.2619542868550604,
                -0.7309482914638159,
                0.11638938653421332,
                0.07832714518295716,
                0.6678569938510832
            ]
        },
        {
            "robot_pose": [
                0.4847295880317688,
                0.04974464699625969,
                1.278489112854004,
                0.7119666337966919,
                -0.035922929644584656,
                0.7007091045379639,
                0.028632044792175293
            ],
            "object_pose": [
                0.5142693628713854,
                0.044892641420816205,
                1.2702458187180594,
                -0.7294649682482003,
                0.10920504075276087,
                0.08118689305220583,
                0.6703460356930365
            ]
        },
        {
            "robot_pose": [
                0.4873032569885254,
                0.09443008899688721,
                1.275571584701538,
                0.711525559425354,
                -0.027674641460180283,
                0.7016469836235046,
                0.025631938129663467
            ],
            "object_pose": [
                0.5169973576512611,
                0.09088682764715121,
                1.267414479341576,
                -0.7325665046004016,
                0.10335236661444121,
                0.0853636045154996,
                0.667366211069204
            ]
        }
    ]
}