{
    "hook_path": "models/hook/Hook_bar/base.urdf",
    "obj_path": "models/geo_data/hanging_exp/daily_71/base.urdf",
    "hook_pose": [
        0.5,
        -0.1,
        1.3,
        4.329780281177466e-17,
        0.7071067811865475,
        0.7071067811865476,
        4.329780281177467e-17
    ],
    "contact_info": [
        {
            "contact_pose": [
                [
                    -0.0006109999958425943,
                    0.005475999787449824,
                    0.04131500050425531
                ],
                [
                    0.9769801099165896,
                    -0.016177009320627947,
                    0.21271617051086855
                ],
                [
                    -0.21291140822820165,
                    -0.13640397847537827,
                    0.9675033265588149
                ],
                [
                    0.013364021612248915,
                    -0.9905212057424763,
                    -0.13670824371931084
                ]
            ],
            "object_pose": [
                0.5049106334330582,
                -0.07031695842241233,
                1.243911434311818,
                0.048175607261846505,
                -0.04917832849654637,
                -0.6254785421985726,
                0.7771982990977184
            ]
        }
    ],
    "initial_pose": [
        {
            "robot_pose": [
                0.4821547567844391,
                0.03530878201127052,
                1.2473865747451782,
                0.7145153880119324,
                -0.027016323059797287,
                0.6978977918624878,
                0.04094626381993294
            ],
            "object_pose": [
                0.5124067784348488,
                0.033961905694545484,
                1.2510355645990066,
                -0.03215600560391685,
                -0.01707720569444078,
                -0.6898934198562199,
                0.7229947645649727
            ]
        },
        {
            "robot_pose": [
                0.4863725006580353,
                0.08083654940128326,
                1.260535717010498,
                0.711956262588501,
                -0.02438824251294136,
                0.7010812163352966,
                0.03176043927669525
            ],
            "object_pose": [
                0.5165926425616971,
                0.07944619174761611,
                1.2644331403218467,
                -0.025491525505013792,
                -0.014646464053251311,
                -0.6833692139046166,
                0.729480761024957
            ]
        },
        {
            "robot_pose": [
                0.48874998092651367,
                0.12277168780565262,
                1.2663874626159668,
                0.7103610038757324,
                -0.026612037792801857,
                0.7030817270278931,
                0.018847351893782616
            ],
            "object_pose": [
                0.5191518814673676,
                0.12450954052119004,
                1.270465086923058,
                -0.01564631006226626,
                -0.008767325835409946,
                -0.6778608143855644,
                0.7349714574727856
            ]
        }
    ]
}