{
    "hook_path": "models/hook/Hook_bar/base.urdf",
    "obj_path": "models/geo_data/hanging_exp/mug_73/base.urdf",
    "hook_pose": [
        0.5,
        -0.1,
        1.3,
        4.329780281177466e-17,
        0.7071067811865475,
        0.7071067811865476,
        4.329780281177467e-17
    ],
    "contact_info": [
        {
            "contact_pose": [
                [
                    0.03368903199059804,
                    -0.029464000836014748,
                    -0.005717999767512056
                ],
                [
                    -0.0004339154964448366,
                    -0.909059548877462,
                    -0.41666599130724363
                ],
                [
                    -0.00039407726290052736,
                    0.4166661536250489,
                    -0.9090594926221378
                ],
                [
                    0.999999828210212,
                    -0.00023025640764096078,
                    -0.0005390375997372243
                ]
            ],
            "object_pose": [
                0.499469359261562,
                -0.06586842154059996,
                1.242938750106984,
                -0.38167711321947745,
                0.5951533021336821,
                -0.5950844835928728,
                -0.3820858353705677
            ]
        }
    ],
    "initial_pose": [
        {
            "robot_pose": [
                0.45417799417616095,
                0.07324664450403781,
                1.2682698019095,
                0.7163577549041209,
                -0.008512767000198188,
                0.6976784504041293,
                0.0019696772376822163
            ],
            "object_pose": [
                0.5096982915681734,
                0.04309204231045626,
                1.2573813527862505,
                0.5106713768355831,
                -0.4707150385054199,
                0.48291472149578424,
                0.533324918945609
            ]
        },
        {
            "robot_pose": [
                0.45478279839805713,
                0.14460971987134336,
                1.2574454668213315,
                0.719572129244126,
                0.0013744243001536762,
                0.694010724344534,
                0.023731335143504593
            ],
            "object_pose": [
                0.5096982915681734,
                0.11309204231045625,
                1.2473813527862505,
                0.4971938706355707,
                -0.4611533130563027,
                0.4864377764214598,
                0.5509211981125441
            ]
        },
        {
            "robot_pose": [
                0.4555911113357247,
                0.22598161384872922,
                1.2374337610341477,
                0.7187829449176828,
                -0.009142747219473314,
                0.6944633038607153,
                0.031435773564586
            ],
            "object_pose": [
                0.5096982915681734,
                0.19309204231045626,
                1.2273813527862505,
                0.49160671521767607,
                -0.4689986708678257,
                0.47905025385886174,
                0.55576428326662
            ]
        }
    ]
}