{
    "hook_path": "models/hook/Hook_bar/base.urdf",
    "obj_path": "models/geo_data/hanging_exp/mug_150/base.urdf",
    "hook_pose": [
        0.5,
        -0.1,
        1.3,
        4.329780281177466e-17,
        0.7071067811865475,
        0.7071067811865476,
        4.329780281177467e-17
    ],
    "contact_info": [
        {
            "contact_pose": [
                [
                    0.04124145340887909,
                    0.002047803315423115,
                    -0.013545122726667483
                ],
                [
                    0.14501329579531652,
                    -0.9854214115070876,
                    0.08897070184032019
                ],
                [
                    0.017816235568464955,
                    -0.087306002354827,
                    -0.9960222104466285
                ],
                [
                    0.9892692888151077,
                    0.14602158640488078,
                    0.004895968857432376
                ]
            ],
            "object_pose": [
                0.49981430450757464,
                -0.07989613292248207,
                1.2417439693638674,
                0.559644647033648,
                -0.5097142947269813,
                0.442386693776854,
                0.48091914077809755
            ]
        }
    ],
    "initial_pose": [
        {
            "robot_pose": [
                0.4586410145639349,
                0.07947073788201364,
                1.26719574406115,
                0.7219750226933681,
                -0.03625029039094581,
                0.6899749471432287,
                0.03704801436219471
            ],
            "object_pose": [
                0.5054071910359675,
                0.0446946085591257,
                1.2608793198935953,
                0.5358544426332184,
                -0.51179721493497,
                0.44220508311187295,
                0.5053496725684825
            ]
        },
        {
            "robot_pose": [
                0.45727917566870824,
                0.14792780720141213,
                1.25482904033575,
                0.7072221609423498,
                -0.02174433086059864,
                0.7061005913177132,
                0.028034872716555397
            ],
            "object_pose": [
                0.5054071910359675,
                0.1146946085591257,
                1.2508793198935952,
                0.532325713264184,
                -0.5114948278688108,
                0.4644529767506091,
                0.4891684867698771
            ]
        },
        {
            "robot_pose": [
                0.4568390860940841,
                0.2269292340287905,
                1.2370776866094833,
                0.7150816992829184,
                -0.028965920746764958,
                0.6983833002476445,
                0.00893894407379024
            ],
            "object_pose": [
                0.5054071910359675,
                0.1946946085591257,
                1.2308793198935952,
                0.5505597453277826,
                -0.5106611509408644,
                0.4531579821619518,
                0.4803717299626063
            ]
        }
    ]
}