{
    "hook_path": "models/hook/Hook_bar/base.urdf",
    "obj_path": "models/geo_data/hanging_exp/daily_106/base.urdf",
    "hook_pose": [
        0.5,
        -0.1,
        1.3,
        4.329780281177466e-17,
        0.7071067811865475,
        0.7071067811865476,
        4.329780281177467e-17
    ],
    "contact_info": [
        {
            "contact_pose": [
                [
                    -0.000150409685313772,
                    -0.0250006106841956,
                    0.058765452554977865
                ],
                [
                    -0.9071807946732842,
                    0.06765798802769785,
                    0.41526546019623684
                ],
                [
                    -0.3389064750221464,
                    0.46737818632125494,
                    -0.8165170127677177
                ],
                [
                    -0.24932991590262832,
                    -0.8814647058204303,
                    -0.40106678425031667
                ]
            ],
            "object_pose": [
                0.49664550919043576,
                -0.07393417914885336,
                1.2412987984287969,
                -0.22073416101368398,
                -0.10268435738402297,
                0.5308702220416133,
                0.8117321973777456
            ]
        }
    ],
    "initial_pose": [
        {
            "robot_pose": [
                0.46657830476760864,
                0.00983519945293665,
                1.2697410583496094,
                0.7137693762779236,
                -0.0326685830950737,
                0.6983236074447632,
                0.04254702478647232
            ],
            "object_pose": [
                0.5083618435904254,
                0.005752736299057855,
                1.2505750128991828,
                -0.22761682645097478,
                -0.11592793059438973,
                0.5695966819718035,
                0.7812239852380374
            ]
        },
        {
            "robot_pose": [
                0.46920815110206604,
                0.04359859600663185,
                1.2701054811477661,
                0.7125787138938904,
                -0.03811895102262497,
                0.6999461650848389,
                0.029221856966614723
            ],
            "object_pose": [
                0.5111808852799161,
                0.041265680121692794,
                1.251065094518108,
                -0.2173450074980104,
                -0.12674991946524572,
                0.5713724976420432,
                0.7811716037910856
            ]
        },
        {
            "robot_pose": [
                0.472232848405838,
                0.09359374642372131,
                1.2787601947784424,
                0.711297869682312,
                -0.025734085589647293,
                0.7018014192581177,
                0.029459290206432343
            ],
            "object_pose": [
                0.5141694321660387,
                0.09002016319388965,
                1.259914466710909,
                -0.22350544596264293,
                -0.12523508632490157,
                0.5784737192510254,
                0.7744221361209405
            ]
        }
    ]
}