{
    "hook_path": "models/hook/Hook_bar/base.urdf",
    "obj_path": "models/geo_data/hanging_exp/wrench_25/base.urdf",
    "hook_pose": [
        0.5,
        -0.1,
        1.3,
        4.329780281177466e-17,
        0.7071067811865475,
        0.7071067811865476,
        4.329780281177467e-17
    ],
    "contact_info": [
        {
            "contact_pose": [
                [
                    0.12883124195776655,
                    -0.01353226273996577,
                    -0.0004801539460786069
                ],
                [
                    0.03262596895941633,
                    -0.9890303664345169,
                    -0.14406415383385485
                ],
                [
                    0.15991873649806876,
                    0.14744960172622662,
                    -0.976055640149494
                ],
                [
                    0.9865908695433587,
                    0.008806203562407244,
                    0.16297517268742812
                ]
            ],
            "object_pose": [
                0.5033467836602176,
                -0.06471447941334346,
                1.1832546942422721,
                0.5061276484807516,
                -0.4982347892555761,
                0.5690291483679717,
                0.4144909245404745
            ]
        }
    ],
    "initial_pose": [
        {
            "robot_pose": [
                0.45927250798338737,
                0.030187661482235263,
                1.2332054614418944,
                0.7156959717145893,
                -0.02811020738524132,
                0.6970564199976624,
                0.03318794438212118
            ],
            "object_pose": [
                0.505783119352332,
                0.02654801461768293,
                1.1963389374145197,
                0.4828177390849822,
                -0.48799727867830317,
                0.5824191491581154,
                0.43535459285664285
            ]
        },
        {
            "robot_pose": [
                0.4597466659270937,
                0.09856263724291363,
                1.2239183312996853,
                0.7210740859910424,
                -0.030888132353024074,
                0.6919015378080339,
                0.01924442181003746
            ],
            "object_pose": [
                0.505783119352332,
                0.09654801461768292,
                1.1863389374145197,
                0.4958971742281844,
                -0.48831203886255375,
                0.5763711351252979,
                0.42829155944143105
            ]
        },
        {
            "robot_pose": [
                0.4592183223935149,
                0.1770253118183154,
                1.203313475473014,
                0.7170090301079178,
                -0.013168280865356964,
                0.6968898892443584,
                0.00831440868251945
            ],
            "object_pose": [
                0.505783119352332,
                0.17654801461768294,
                1.1663389374145197,
                0.5000298273363455,
                -0.4782101648307319,
                0.5903615864794665,
                0.41564216248594915
            ]
        }
    ]
}