{
    "hook_path": "models/hook/Hook_bar/base.urdf",
    "obj_path": "models/geo_data/hanging_exp/mug_129/base.urdf",
    "hook_pose": [
        0.5,
        -0.1,
        1.3,
        4.329780281177466e-17,
        0.7071067811865475,
        0.7071067811865476,
        4.329780281177467e-17
    ],
    "contact_info": [
        {
            "contact_pose": [
                [
                    0.035812603077986144,
                    0.032818680016205706,
                    0.0006446410554980445
                ],
                [
                    0.008926598233105876,
                    -0.7784642083243785,
                    0.6276255190811499
                ],
                [
                    0.0034872838399790107,
                    -0.6276224744927894,
                    -0.7785100309970108
                ],
                [
                    0.9999540762932084,
                    0.009138154597403275,
                    -0.0028878080181732324
                ]
            ],
            "object_pose": [
                0.5004581053549477,
                -0.07008519602397102,
                1.2341832684254705,
                0.6403614130939129,
                -0.3074188314320847,
                0.3027885442686965,
                0.6354132672213745
            ]
        }
    ],
    "initial_pose": [
        {
            "robot_pose": [
                0.4815172629805367,
                0.058423900469140436,
                1.2700209365186486,
                0.7648092258870094,
                0.030789222063498357,
                0.6434139277833849,
                0.011721319771897437
            ],
            "object_pose": [
                0.5371422749661308,
                0.03406877564688188,
                1.2672279605860506,
                0.5238589455674011,
                -0.42879706055334277,
                0.5136401369955493,
                0.5271420071261793
            ]
        },
        {
            "robot_pose": [
                0.482257004679584,
                0.13013196735641538,
                1.2590805052009397,
                0.7602530782408474,
                0.020216572484124787,
                0.6488919997476733,
                0.02336064823105988
            ],
            "object_pose": [
                0.5371422749661308,
                0.10406877564688187,
                1.2572279605860506,
                0.5122387703751617,
                -0.4397741598811474,
                0.5102950555793034,
                0.5327373524324056
            ]
        },
        {
            "robot_pose": [
                0.48265054772350746,
                0.21086665886037215,
                1.2399919966670427,
                0.7620942746267962,
                0.006643035581021032,
                0.647167558524842,
                0.01850237423471869
            ],
            "object_pose": [
                0.5371422749661308,
                0.1840687756468819,
                1.2372279605860506,
                0.5168292589489495,
                -0.44860307949949996,
                0.49970832199504656,
                0.5309749401683094
            ]
        }
    ]
}