{
    "hook_path": "models/hook_1120/Hook44#3/base.urdf",
    "obj_path": "models/geo_data/hanging_exp/daily_5/base.urdf",
    "hook_pose": [
        0.5,
        -0.1,
        1.3,
        0.0,
        0.0,
        -0.7071067811865475,
        0.7071067811865476
    ],
    "contact_info": [
        {
            "contact_point_hook": [
                0.0028490085009917204,
                -0.00014377546952409892,
                -0.03355768349323762,
                1.0
            ],
            "contact_point_obj": [
                -0.000949851015402986,
                -0.0008222243002061758,
                0.04107751113481184,
                1.0
            ],
            "obj_pose": [
                0.5001710071474276,
                -0.10296433885526551,
                1.2253469663854244,
                -0.001256636283830486,
                0.011155136023016323,
                -0.541538595446081,
                0.8406009359070712
            ]
        }
    ]
}