{
    "hook_path": "models/hook/Hook84#2/base.urdf",
    "obj_path": "models/geo_data/hanging_exp/daily_5/base.urdf",
    "hook_pose": [
        0.5,
        -0.1,
        1.3,
        0.0,
        0.0,
        -0.7071067811865475,
        0.7071067811865476
    ],
    "contact_info": [
        {
            "contact_point_hook": [
                -0.017471968493155007,
                0.0023843472158350254,
                -0.023801588103077753,
                1.0
            ],
            "contact_point_obj": [
                -0.0018658473985419949,
                0.002222642580732459,
                0.04067644198304721,
                1.0
            ],
            "obj_pose": [
                0.49827166375100423,
                -0.08457115852157238,
                1.235677973527177,
                -0.021005713563541667,
                0.0011595984516303533,
                -0.8063369184649817,
                0.5910822186883267
            ]
        }
    ]
}