{
    "hook_path": "models/hook_1120/Hook_bar#8/base.urdf",
    "obj_path": "models/geo_data/hanging_exp/daily_5/base.urdf",
    "hook_pose": [
        0.5,
        -0.1,
        1.3,
        4.329780281177466e-17,
        0.7071067811865475,
        0.7071067811865476,
        4.329780281177467e-17
    ],
    "contact_info": [
        {
            "contact_point_hook": [
                0.0003650574058419731,
                -0.002045299021699476,
                0.024969824022803625,
                1.0
            ],
            "contact_point_obj": [
                -0.0009991811896331538,
                -0.003184854423288863,
                0.040626413993239296,
                1.0
            ],
            "obj_pose": [
                0.4940533044471673,
                -0.07594709326006215,
                1.2575857555748131,
                -0.07534447708709388,
                0.07704711002787094,
                -0.6983327012538173,
                0.7076145779789816
            ]
        }
    ]
}