{
    "hook_path": "models/hook/Hook_60#0/base.urdf",
    "obj_path": "models/geo_data/hanging_exp/daily_5/base.urdf",
    "hook_pose": [
        0.5,
        -0.1,
        1.3,
        4.329780281177466e-17,
        0.7071067811865475,
        0.7071067811865476,
        4.329780281177467e-17
    ],
    "contact_info": [
        {
            "contact_point_hook": [
                0.00015138557359517524,
                0.0023510679603768736,
                0.018960031107948475,
                1.0
            ],
            "contact_point_obj": [
                0.0008139768844990514,
                0.00098780570422502,
                0.040658084886854295,
                1.0
            ],
            "obj_pose": [
                0.5002852662301838,
                -0.0789938867433472,
                1.261726677894956,
                0.030910720199835467,
                -0.020134727298272582,
                0.6656414891313701,
                0.7453593281634864
            ]
        }
    ]
}