{
    "hook_path": "models/hook_1120/Hook209#3/base.urdf",
    "obj_path": "models/geo_data/hanging_exp/daily_5/base.urdf",
    "hook_pose": [
        0.5,
        -0.1,
        1.3,
        0.0,
        0.0,
        -0.7071067811865475,
        0.7071067811865476
    ],
    "contact_info": [
        {
            "contact_point_hook": [
                -0.00716122280511594,
                0.0030453889825405867,
                -0.0331425536263259,
                1.0
            ],
            "contact_point_obj": [
                0.002394877503358682,
                -0.0007212464564874121,
                0.0402976406812563,
                1.0
            ],
            "obj_pose": [
                0.49634231859279687,
                -0.09522717453616394,
                1.2271142723097794,
                0.05397426765427352,
                0.05237024436821463,
                0.713089569620333,
                0.6970275472566968
            ]
        }
    ]
}