{
    "hook_path": "models/hook_1120/Hook186#13/base.urdf",
    "obj_path": "models/geo_data/hanging_exp/daily_5/base.urdf",
    "hook_pose": [
        0.5,
        -0.1,
        1.3,
        -0.5,
        0.5,
        0.4999999999999999,
        0.5000000000000001
    ],
    "contact_info": [
        {
            "contact_point_hook": [
                -0.01495355078959082,
                -0.0037465311216738906,
                0.007694114814238235,
                1.0
            ],
            "contact_point_obj": [
                0.002655067448214546,
                -0.001139851434533684,
                0.04142116120380335,
                1.0
            ],
            "obj_pose": [
                0.4926852397949689,
                -0.09518300663045472,
                1.2750357446587788,
                0.07807892203996832,
                0.08959881315701661,
                0.6759979193070077,
                0.7272568650116181
            ]
        }
    ]
}