{
    "hook_path": "models/hook_1120/Hook_skew#22/base.urdf",
    "obj_path": "models/geo_data/hanging_exp/daily_5/base.urdf",
    "hook_pose": [
        0.5,
        -0.1,
        1.3,
        4.329780281177466e-17,
        0.7071067811865475,
        0.7071067811865476,
        4.329780281177467e-17
    ],
    "contact_info": [
        {
            "contact_point_hook": [
                -0.00037045952564240814,
                0.0026895769417853987,
                0.016965360666454463,
                1.0
            ],
            "contact_point_obj": [
                0.0027912137350848965,
                -0.0009159260174003148,
                0.041079601358057216,
                1.0
            ],
            "obj_pose": [
                0.49940351775393566,
                -0.07958431639611767,
                1.2616612484654905,
                0.0540188683322668,
                -0.053125199806005274,
                0.7039829736824945,
                0.7061640374408948
            ]
        }
    ]
}