{
    "hook_path": "models/hook_1120/Hook_180#20/base.urdf",
    "obj_path": "models/geo_data/hanging_exp/daily_5/base.urdf",
    "hook_pose": [
        0.5,
        -0.1,
        1.3,
        4.329780281177466e-17,
        0.7071067811865475,
        0.7071067811865476,
        4.329780281177467e-17
    ],
    "contact_info": [
        {
            "contact_point_hook": [
                -0.0002805929917460981,
                -0.013885745290236118,
                0.037487329854862486,
                1.0
            ],
            "contact_point_obj": [
                -0.0013178386475508272,
                -0.0017730842287310145,
                0.0406937122849238,
                1.0
            ],
            "obj_pose": [
                0.4959391927101323,
                -0.06412666097450594,
                1.2456246755182134,
                -0.05534986038446924,
                0.0472127280134635,
                -0.7511032562070129,
                0.6561640418250368
            ]
        }
    ]
}