{
    "hook_path": "models/hook_1120/Hook44#21/base.urdf",
    "obj_path": "models/geo_data/hanging_exp/daily_5/base.urdf",
    "hook_pose": [
        0.5,
        -0.1,
        1.3,
        0.0,
        0.0,
        -0.7071067811865475,
        0.7071067811865476
    ],
    "contact_info": [
        {
            "contact_point_hook": [
                0.0026782994985367773,
                0.0033482253670993334,
                -0.03417024870130847,
                1.0
            ],
            "contact_point_obj": [
                -0.0024367618528352356,
                0.004349378299223272,
                0.04092247363353918,
                1.0
            ],
            "obj_pose": [
                0.4992960143344757,
                -0.1050658422995449,
                1.2248738851336922,
                0.005111695607584627,
                0.005729506874120675,
                -0.6567128416009039,
                0.7541016423503273
            ]
        }
    ]
}