{
    "hook_path": "models/hook_1120/Hook47#4/base.urdf",
    "obj_path": "models/geo_data/hanging_exp/daily_5/base.urdf",
    "hook_pose": [
        0.5,
        -0.1,
        1.3,
        0.0,
        0.0,
        -0.7071067811865475,
        0.7071067811865476
    ],
    "contact_info": [
        {
            "contact_point_hook": [
                -0.008243750639035796,
                0.03954805303204478,
                -0.03652512127718177,
                1.0
            ],
            "contact_point_obj": [
                0.007068561824165376,
                -0.012032389542833699,
                0.03657466820663213,
                1.0
            ],
            "obj_pose": [
                0.5375939049978099,
                -0.09710453239502576,
                1.2247447032410879,
                -0.05743301523545201,
                -0.11075069587581196,
                0.7567524342913262,
                0.6416864384714233
            ]
        }
    ]
}