{
    "hook_path": "models/hook/Hook209#7/base.urdf",
    "obj_path": "models/geo_data/hanging_exp/daily_5/base.urdf",
    "hook_pose": [
        0.5,
        -0.1,
        1.3,
        0.0,
        0.0,
        -0.7071067811865475,
        0.7071067811865476
    ],
    "contact_info": [
        {
            "contact_point_hook": [
                -0.00568014853876067,
                0.002284464891273652,
                -0.04135155164235971,
                1.0
            ],
            "contact_point_obj": [
                0.002547412694164794,
                0.0003223703634855357,
                0.04027172288176106,
                1.0
            ],
            "obj_pose": [
                0.4991671132334939,
                -0.09747031811557003,
                1.2185390781749423,
                0.028918879473122584,
                0.03685018589734981,
                0.7434300196147308,
                0.6671713184370194
            ]
        }
    ]
}