{
    "hook_path": "models/hook_1120/Hook124#1/base.urdf",
    "obj_path": "models/geo_data/hanging_exp/daily_5/base.urdf",
    "hook_pose": [
        0.5,
        -0.1,
        1.3,
        0.0,
        0.0,
        -0.7071067811865475,
        0.7071067811865476
    ],
    "contact_info": [
        {
            "contact_point_hook": [
                -6.32508612977977e-05,
                0.00037511972501524937,
                -0.0011433814597929803,
                1.0
            ],
            "contact_point_obj": [
                -0.0004970508973763041,
                -0.0029134289583059303,
                0.04073890089582588,
                1.0
            ],
            "obj_pose": [
                0.50144149925941,
                -0.09868172859649196,
                1.2580438640115448,
                -0.0014566048092384616,
                0.030252579483296866,
                -0.6905607387966475,
                0.722639969673464
            ]
        }
    ]
}