{
    "hook_path": "models/hook/Hook_bar/base.urdf",
    "obj_path": "models/geo_data/hanging_exp/wrench_6/base.urdf",
    "hook_pose": [
        0.5,
        -0.1,
        1.3,
        4.329780281177466e-17,
        0.7071067811865475,
        0.7071067811865476,
        4.329780281177467e-17
    ],
    "contact_info": [
        {
            "contact_point_hook": [
                0.001809352555290189,
                -0.003449135903860645,
                0.03141916029370265,
                1.0
            ],
            "contact_point_obj": [
                -0.06453167590696055,
                -0.1291214432205312,
                -0.0026605290404630513,
                1.0
            ],
            "obj_pose": [
                0.4999357166914247,
                -0.06914537996283672,
                1.1521888235968727,
                -0.7011391768433948,
                0.14106654154238663,
                0.17499215675161214,
                0.6766696613769945
            ]
        }
    ]
}