{
    "hook_path": "models/hook/Hook_bar/base.urdf",
    "obj_path": "models/geo_data/hanging_exp/scissor_12/base.urdf",
    "hook_pose": [
        0.5,
        -0.1,
        1.3,
        4.329780281177466e-17,
        0.7071067811865475,
        0.7071067811865476,
        4.329780281177467e-17
    ],
    "contact_info": [
        {
            "contact_point_hook": [
                0.003930855855421744,
                -0.007902755741384215,
                0.014781239280736214,
                1.0
            ],
            "contact_point_obj": [
                0.05378141181170848,
                -0.002583060147041405,
                0.02731165481117337,
                1.0
            ],
            "obj_pose": [
                0.5016608916241428,
                -0.08670159310044541,
                1.2320008840280445,
                0.48276741119906325,
                -0.011165848526630264,
                0.8756773983049595,
                0.00021120770004951056
            ]
        }
    ]
}