{
    "hook_path": "models/hook_1120/Hook2#19/base.urdf",
    "obj_path": "models/geo_data/hanging_exp/daily_5/base.urdf",
    "hook_pose": [
        0.5,
        -0.1,
        1.3,
        0.0,
        0.0,
        -0.7071067811865475,
        0.7071067811865476
    ],
    "contact_info": [
        {
            "contact_point_hook": [
                -0.0039301126457322024,
                0.0041361441935741095,
                -0.011144393721232992,
                1.0
            ],
            "contact_point_obj": [
                -0.007277490177861834,
                0.006935107175019439,
                0.04071872966770118,
                1.0
            ],
            "obj_pose": [
                0.4991753233161093,
                -0.10360194708694406,
                1.2478954933275763,
                0.012581091721144431,
                0.0013726909802385314,
                -0.6412653894364743,
                0.7672147888052367
            ]
        }
    ]
}