{
    "hook_path": "models/hook/Hook209#6/base.urdf",
    "obj_path": "models/geo_data/hanging_exp/daily_5/base.urdf",
    "hook_pose": [
        0.5,
        -0.1,
        1.3,
        0.0,
        0.0,
        -0.7071067811865475,
        0.7071067811865476
    ],
    "contact_info": [
        {
            "contact_point_hook": [
                -0.005570949645569631,
                -0.0012281375773930403,
                -0.04337240791234276,
                1.0
            ],
            "contact_point_obj": [
                0.0025127736753805877,
                0.0039036486584387298,
                0.04086381581434839,
                1.0
            ],
            "obj_pose": [
                0.5006248757047936,
                -0.09695820291760252,
                1.215620596630913,
                0.017744634602745918,
                0.01500000645416564,
                0.6850606900140734,
                0.7281153608780903
            ]
        }
    ]
}