{
    "hook_path": "models/hook/Hook_90#0/base.urdf",
    "obj_path": "models/geo_data/hanging_exp/daily_5/base.urdf",
    "hook_pose": [
        0.5,
        -0.1,
        1.3,
        4.329780281177466e-17,
        0.7071067811865475,
        0.7071067811865476,
        4.329780281177467e-17
    ],
    "contact_info": [
        {
            "contact_point_hook": [
                8.942539080492029e-05,
                -0.004252700173368318,
                0.022406969950083015,
                1.0
            ],
            "contact_point_obj": [
                0.0002465862910931531,
                -0.0025185215866146415,
                0.04060562698219128,
                1.0
            ],
            "obj_pose": [
                0.4992384569593903,
                -0.07793481358861061,
                1.2550698842219552,
                -0.032752846844711525,
                0.02270557147111612,
                -0.7105234404388441,
                0.7025440545863906
            ]
        }
    ]
}