{
    "hook_path": "models/hook_1104/Hook_60/base.urdf",
    "obj_path": "models/geo_data/hanging_exp/daily_23/base.urdf",
    "hook_pose": [
        0.5,
        -0.1,
        1.3,
        4.329780281177466e-17,
        0.7071067811865475,
        0.7071067811865476,
        4.329780281177467e-17
    ],
    "contact_info": [
        {
            "contact_point_hook": [],
            "contact_point_obj": [],
            "obj_pose": [
                0.5009886268500039,
                -0.09372549770577693,
                1.2084149739306205,
                0.025236854685307394,
                -0.6699023676396161,
                0.7389557690494305,
                -0.06736683445876081
            ]
        }
    ],
    "initial_pose": [
        {
            "robot_pose": [
                0.4819035828113556,
                -0.0006902347085997462,
                1.2256704568862915,
                0.7153184413909912,
                -0.05682023614645004,
                0.6961455345153809,
                0.0217339675873518
            ],
            "object_pose": [
                0.5100038616869331,
                -0.01438051611938147,
                1.2405118955256156,
                0.04524213157525765,
                0.727410499830952,
                -0.6846994951605838,
                -0.0037034569058231027
            ]
        },
        {
            "robot_pose": [
                0.48717913031578064,
                0.06410428881645203,
                1.223504900932312,
                0.7142091989517212,
                -0.038577694445848465,
                0.6984249949455261,
                0.024891242384910583
            ],
            "object_pose": [
                0.5154965466086326,
                0.05147855864090476,
                1.2388431827850426,
                0.03906094232376177,
                0.717592264440262,
                -0.6953443086841823,
                0.0056459880263351496
            ]
        },
        {
            "robot_pose": [
                0.49026793241500854,
                0.11723767220973969,
                1.2177079916000366,
                0.7133910059928894,
                -0.031251296401023865,
                0.699791669845581,
                0.019705019891262054
            ],
            "object_pose": [
                0.5187554003607688,
                0.1051641410539911,
                1.2331717886656406,
                0.03396547460567003,
                0.7169024746385061,
                -0.6962283276624949,
                0.012779051306083174
            ]
        }
    ]
}