{
    "hook_path": "models/hook_1120/Hook12#15/base.urdf",
    "obj_path": "models/geo_data/hanging_exp/daily_5/base.urdf",
    "hook_pose": [
        0.5,
        -0.1,
        1.3,
        0.5,
        -0.4999999999999999,
        -0.5,
        0.5000000000000001
    ],
    "contact_info": [
        {
            "contact_point_hook": [
                0.004637852324412508,
                0.021695630036755675,
                0.004103819600743297,
                1.0
            ],
            "contact_point_obj": [
                0.002325428894680792,
                0.008854001352621488,
                0.03812750488219918,
                1.0
            ],
            "obj_pose": [
                0.5043928128163041,
                -0.08719463609620491,
                1.2876214604471068,
                0.20065230692435665,
                -0.18358186192273224,
                0.655317265236481,
                0.70469541901583
            ]
        }
    ]
}