{
    "hook_path": "models/hook_1120/Hook122#3/base.urdf",
    "obj_path": "models/geo_data/hanging_exp/daily_5/base.urdf",
    "hook_pose": [
        0.5,
        -0.1,
        1.3,
        0.7071067811865476,
        -0.7071067811865475,
        -4.329780281177466e-17,
        4.329780281177467e-17
    ],
    "contact_info": [
        {
            "contact_point_hook": [
                -0.006916639922704928,
                -0.0022828927079958095,
                0.02685531405005448,
                1.0
            ],
            "contact_point_obj": [
                -0.005065338962061301,
                -0.0004612877867575804,
                0.04514242936315038,
                1.0
            ],
            "obj_pose": [
                0.49448087330435775,
                -0.09978216962323579,
                1.2288958010157207,
                -0.07782779904141683,
                0.05171660308705811,
                -0.7063356323744099,
                0.7016824075746427
            ]
        }
    ]
}