{
    "hook_path": "models/hook_1120/Hook136#7/base.urdf",
    "obj_path": "models/geo_data/hanging_exp/daily_5/base.urdf",
    "hook_pose": [
        0.5,
        -0.1,
        1.3,
        0.0,
        0.0,
        -0.7071067811865475,
        0.7071067811865476
    ],
    "contact_info": [
        {
            "contact_point_hook": [
                -0.005051570045936786,
                -0.05383140530514219,
                -0.012555465107918717,
                1.0
            ],
            "contact_point_obj": [
                -0.004033990053501548,
                -0.0005500499515670443,
                0.04271366643872199,
                1.0
            ],
            "obj_pose": [
                0.44885598936611676,
                -0.09969018176939581,
                1.2448848517289977,
                0.01268357513398175,
                -0.02396724106157109,
                -0.7127413313978856,
                0.7009026271850367
            ]
        }
    ]
}