{
    "hook_path": "models/hook_1120/Hook209#18/base.urdf",
    "obj_path": "models/geo_data/hanging_exp/daily_5/base.urdf",
    "hook_pose": [
        0.5,
        -0.1,
        1.3,
        0.0,
        0.0,
        -0.7071067811865475,
        0.7071067811865476
    ],
    "contact_info": [
        {
            "contact_point_hook": [
                -0.008594676616371076,
                -0.0048071551458639394,
                -0.03572185858468635,
                1.0
            ],
            "contact_point_obj": [
                0.004320930306986062,
                -0.0061118864814537766,
                0.045627589781745526,
                1.0
            ],
            "obj_pose": [
                0.49700493793792055,
                -0.0944119743036918,
                1.218174140360396,
                -0.05330739076387671,
                -0.07157091770406322,
                0.6836249136613954,
                0.7243568894201222
            ]
        }
    ]
}