{
    "hook_path": "models/hook_1120/Hook15#21/base.urdf",
    "obj_path": "models/geo_data/hanging_exp/daily_5/base.urdf",
    "hook_pose": [
        0.5,
        -0.1,
        1.3,
        0.0,
        0.0,
        -0.7071067811865475,
        0.7071067811865476
    ],
    "contact_info": [
        {
            "contact_point_hook": [
                -0.006513095847812428,
                1.9169409440911167e-05,
                0.006098494010645439,
                1.0
            ],
            "contact_point_obj": [
                -0.0001906359696472043,
                0.0004463863064961826,
                0.04062869850704409,
                1.0
            ],
            "obj_pose": [
                0.502582788279332,
                -0.09541510911357766,
                1.2655937210931156,
                0.014339037612665041,
                -0.04117246521231532,
                -0.7668829210559576,
                0.6403044631277885
            ]
        }
    ]
}