{
    "hook_path": "models/hook/Hook145#5/base.urdf",
    "obj_path": "models/geo_data/hanging_exp/daily_5/base.urdf",
    "hook_pose": [
        0.5,
        -0.1,
        1.3,
        0.0,
        0.0,
        -0.7071067811865475,
        0.7071067811865476
    ],
    "contact_info": [
        {
            "contact_point_hook": [
                -0.030459482690735812,
                0.003035257355630594,
                0.048625441983689344,
                1.0
            ],
            "contact_point_obj": [
                -0.0033963228938451197,
                0.0013826506866141397,
                0.04067165648067461,
                1.0
            ],
            "obj_pose": [
                0.49681054398069635,
                -0.06508939634181274,
                1.3085122167514114,
                0.07493255935476419,
                0.054800270939885536,
                0.7185067189069795,
                0.6892968422522961
            ]
        }
    ]
}