{
    "hook_path": "models/hook/Hook40#9/base.urdf",
    "obj_path": "models/geo_data/hanging_exp/daily_5/base.urdf",
    "hook_pose": [
        0.5,
        -0.1,
        1.3,
        0.0,
        0.0,
        -0.7071067811865475,
        0.7071067811865476
    ],
    "contact_info": [
        {
            "contact_point_hook": [
                -4.443432024377179e-05,
                0.0005674393442356429,
                -0.03780363665334896,
                1.0
            ],
            "contact_point_obj": [
                -0.0010690621153474217,
                0.0026839066889343677,
                0.04065608406547794,
                1.0
            ],
            "obj_pose": [
                0.49483050280650076,
                -0.09908910519686794,
                1.2218528356643303,
                0.07188604592462189,
                0.07158469980902628,
                0.7521982471028837,
                0.651080505168081
            ]
        }
    ]
}