{
    "hook_path": "models/hook_1120/Hook_60#0/base.urdf",
    "obj_path": "models/geo_data/hanging_exp/daily_5/base.urdf",
    "hook_pose": [
        0.5,
        -0.1,
        1.3,
        4.329780281177466e-17,
        0.7071067811865475,
        0.7071067811865476,
        4.329780281177467e-17
    ],
    "contact_info": [
        {
            "contact_point_hook": [
                0.0032600658017327144,
                0.0028261169234713446,
                0.0206851366359256,
                1.0
            ],
            "contact_point_obj": [
                0.004975479749299398,
                0.003537490315470987,
                0.0407534162080434,
                1.0
            ],
            "obj_pose": [
                0.49148784345620883,
                -0.08394942837643275,
                1.2622176631351634,
                0.08911057659748468,
                0.07998927719305444,
                0.7753952872343489,
                0.620018684563101
            ]
        }
    ]
}