{
    "hook_path": "models/hook/Hook57#5/base.urdf",
    "obj_path": "models/geo_data/hanging_exp/daily_5/base.urdf",
    "hook_pose": [
        0.5,
        -0.1,
        1.3,
        0.0,
        0.0,
        -0.7071067811865475,
        0.7071067811865476
    ],
    "contact_info": [
        {
            "contact_point_hook": [
                -0.010458539313688994,
                0.0005799027975038618,
                -0.03382689907806413,
                1.0
            ],
            "contact_point_obj": [
                -0.0014385486114526789,
                -0.0007727744876799836,
                0.04076503310250046,
                1.0
            ],
            "obj_pose": [
                0.5013801647957989,
                -0.09119319175842501,
                1.2254166794455137,
                -0.0014815650573183757,
                -0.002129531968349065,
                -0.7093579289431211,
                0.7048436696914449
            ]
        }
    ]
}