{
    "hook_path": "models/hook/Hook35#10/base.urdf",
    "obj_path": "models/geo_data/hanging_exp/daily_5/base.urdf",
    "hook_pose": [
        0.5,
        -0.1,
        1.3,
        0.0,
        0.0,
        -0.7071067811865475,
        0.7071067811865476
    ],
    "contact_info": [
        {
            "contact_point_hook": [
                -0.0011028481051579971,
                -0.0011451926077385988,
                0.025749160366959734,
                1.0
            ],
            "contact_point_obj": [
                -0.0029274513697538362,
                -0.0034180493546750457,
                0.04134496166484669,
                1.0
            ],
            "obj_pose": [
                0.5041526097071098,
                -0.10278747720210538,
                1.2846826588405653,
                0.019830470205304113,
                -0.02281389553459654,
                -0.7675700768017875,
                0.6402518690487917
            ]
        }
    ]
}