{
    "hook_path": "models/hook/Hook57#4/base.urdf",
    "obj_path": "models/geo_data/hanging_exp/daily_5/base.urdf",
    "hook_pose": [
        0.5,
        -0.1,
        1.3,
        0.0,
        0.0,
        -0.7071067811865475,
        0.7071067811865476
    ],
    "contact_info": [
        {
            "contact_point_hook": [
                -0.013254839705214223,
                0.0044349636302107864,
                -0.03040011394842068,
                1.0
            ],
            "contact_point_obj": [
                -0.005598227244192455,
                0.00634222768813042,
                0.04232452010041721,
                1.0
            ],
            "obj_pose": [
                0.5064012985033927,
                -0.09293554260354449,
                1.2269297361093277,
                0.056281727734466075,
                -0.05746398392052335,
                -0.6166562959189766,
                0.7831125528164472
            ]
        }
    ]
}