{
    "hook_path": "models/hook/Hook40#2/base.urdf",
    "obj_path": "models/geo_data/hanging_exp/daily_5/base.urdf",
    "hook_pose": [
        0.5,
        -0.1,
        1.3,
        0.0,
        0.0,
        -0.7071067811865475,
        0.7071067811865476
    ],
    "contact_info": [
        {
            "contact_point_hook": [
                0.005429521389165873,
                -0.0008136801735578736,
                -0.03980782976263186,
                1.0
            ],
            "contact_point_obj": [
                0.0023143454979041023,
                0.0023823084572776043,
                0.0406929078252376,
                1.0
            ],
            "obj_pose": [
                0.49342820146131233,
                -0.10633177992009238,
                1.2197820930488859,
                0.08437766668067463,
                0.05829303310775499,
                0.7223436686370499,
                0.6838873854931022
            ]
        }
    ]
}