{
    "hook_path": "models/hook_1120/Hook_bar#20/base.urdf",
    "obj_path": "models/geo_data/hanging_exp/daily_5/base.urdf",
    "hook_pose": [
        0.5,
        -0.1,
        1.3,
        4.329780281177466e-17,
        0.7071067811865475,
        0.7071067811865476,
        4.329780281177467e-17
    ],
    "contact_info": [
        {
            "contact_point_hook": [
                0.0005418952536559996,
                -0.0018837690983521949,
                0.02464910098884188,
                1.0
            ],
            "contact_point_obj": [
                -0.002726761965012675,
                -0.0011723692322296864,
                0.040475582860698855,
                1.0
            ],
            "obj_pose": [
                0.496547902282575,
                -0.07820265396349178,
                1.257737019620897,
                -0.03537695706768182,
                0.03197483551366227,
                -0.7341162170361272,
                0.677347370768553
            ]
        }
    ]
}