{
    "hook_path": "models/hook_1120/Hook_bar#18/base.urdf",
    "obj_path": "models/geo_data/hanging_exp/daily_5/base.urdf",
    "hook_pose": [
        0.5,
        -0.1,
        1.3,
        4.329780281177466e-17,
        0.7071067811865475,
        0.7071067811865476,
        4.329780281177467e-17
    ],
    "contact_info": [
        {
            "contact_point_hook": [
                0.0005774395924714182,
                -0.0014314709895302258,
                0.024751841136942277,
                1.0
            ],
            "contact_point_obj": [
                0.004069096320459209,
                -0.0029759263438744465,
                0.04085380854727405,
                1.0
            ],
            "obj_pose": [
                0.4978315746437308,
                -0.06974134411317748,
                1.2578059099717411,
                -0.008204749619175791,
                0.026202144533042652,
                -0.5042512883204694,
                0.8631203670014415
            ]
        }
    ]
}