{
    "hook_path": "models/hook_1120/Hook186#8/base.urdf",
    "obj_path": "models/geo_data/hanging_exp/daily_5/base.urdf",
    "hook_pose": [
        0.5,
        -0.1,
        1.3,
        -0.5,
        0.5,
        0.4999999999999999,
        0.5000000000000001
    ],
    "contact_info": [
        {
            "contact_point_hook": [
                -0.012943513027864784,
                0.00018948259286433178,
                0.00649629154537372,
                1.0
            ],
            "contact_point_obj": [
                0.0001258643006641809,
                0.003786051493544662,
                0.04062315238401437,
                1.0
            ],
            "obj_pose": [
                0.4997496294369234,
                -0.09276611405976028,
                1.2721508325016655,
                0.03950240842392462,
                0.02682483926524133,
                0.7309275840337168,
                0.6807825310815029
            ]
        }
    ]
}