{
    "hook_path": "models/hook_1120/Hook2#14/base.urdf",
    "obj_path": "models/geo_data/hanging_exp/daily_5/base.urdf",
    "hook_pose": [
        0.5,
        -0.1,
        1.3,
        0.0,
        0.0,
        -0.7071067811865475,
        0.7071067811865476
    ],
    "contact_info": [
        {
            "contact_point_hook": [
                -0.006899028643570645,
                -0.010114125357269244,
                -0.0274440714284947,
                1.0
            ],
            "contact_point_obj": [
                0.001891698886819046,
                -0.011870041649877872,
                0.026699315513052824,
                1.0
            ],
            "obj_pose": [
                0.5019142181599742,
                -0.09378424004576753,
                1.2458691910705832,
                -0.019764842955962557,
                -0.022653087721132437,
                -0.7349164679028568,
                0.6774909400167755
            ]
        }
    ]
}