{
    "hook_path": "models/hook/Hook136#10/base.urdf",
    "obj_path": "models/geo_data/hanging_exp/daily_5/base.urdf",
    "hook_pose": [
        0.5,
        -0.1,
        1.3,
        0.0,
        0.0,
        -0.7071067811865475,
        0.7071067811865476
    ],
    "contact_info": [
        {
            "contact_point_hook": [
                -0.00751837076964444,
                -0.05328108626233208,
                -0.013176095543429023,
                1.0
            ],
            "contact_point_obj": [
                -0.004269690718212954,
                -0.002785250257092975,
                0.042414210907060435,
                1.0
            ],
            "obj_pose": [
                0.45170202833641876,
                -0.09755057361546556,
                1.2446999500314604,
                0.009813140508622772,
                -0.02488522802309979,
                -0.6975015752657389,
                0.7160837801552338
            ]
        }
    ]
}