{
    "hook_path": "models/hook_1120/Hook_90#4/base.urdf",
    "obj_path": "models/geo_data/hanging_exp/daily_5/base.urdf",
    "hook_pose": [
        0.5,
        -0.1,
        1.3,
        4.329780281177466e-17,
        0.7071067811865475,
        0.7071067811865476,
        4.329780281177467e-17
    ],
    "contact_info": [
        {
            "contact_point_hook": [
                -0.0003855876813952941,
                -0.0050577340902870915,
                0.02450708504158797,
                1.0
            ],
            "contact_point_obj": [
                -0.0018573558780802801,
                -0.0016709184736444227,
                0.04058636581175312,
                1.0
            ],
            "obj_pose": [
                0.5042687428589595,
                -0.07657943145938832,
                1.2544795001000342,
                0.03740863853387705,
                -0.00880450509091026,
                -0.8095488861586383,
                0.5857932018830995
            ]
        }
    ]
}