{
    "hook_path": "models/hook_1120/Hook136#20/base.urdf",
    "obj_path": "models/geo_data/hanging_exp/daily_5/base.urdf",
    "hook_pose": [
        0.5,
        -0.1,
        1.3,
        0.0,
        0.0,
        -0.7071067811865475,
        0.7071067811865476
    ],
    "contact_info": [
        {
            "contact_point_hook": [
                -0.0073701193513378074,
                -0.03203857727444226,
                -0.016233159872684366,
                1.0
            ],
            "contact_point_obj": [
                -0.004259679422027915,
                0.004982095700697964,
                0.04303800752987286,
                1.0
            ],
            "obj_pose": [
                0.4619355063036221,
                -0.09760656691893564,
                1.2409397790148151,
                -0.013494268503793028,
                0.013785235389082526,
                -0.658324346256546,
                0.7524871607733293
            ]
        }
    ]
}