{
    "hook_path": "models/hook_1120/Hook57#13/base.urdf",
    "obj_path": "models/geo_data/hanging_exp/daily_5/base.urdf",
    "hook_pose": [
        0.5,
        -0.1,
        1.3,
        0.0,
        0.0,
        -0.7071067811865475,
        0.7071067811865476
    ],
    "contact_info": [
        {
            "contact_point_hook": [
                -0.010630500383067287,
                0.0010421756047920283,
                -0.03227703312289143,
                1.0
            ],
            "contact_point_obj": [
                -0.002783799778725095,
                -0.001626505591712235,
                0.041354553152398,
                1.0
            ],
            "obj_pose": [
                0.5011369864872562,
                -0.09176281492559057,
                1.226312132777657,
                -0.007166387513931669,
                0.015115297266294994,
                -0.737202438605185,
                0.6754648289830643
            ]
        }
    ]
}