{
    "hook_path": "models/hook/Hook145#13/base.urdf",
    "obj_path": "models/geo_data/hanging_exp/daily_5/base.urdf",
    "hook_pose": [
        0.5,
        -0.1,
        1.3,
        0.0,
        0.0,
        -0.7071067811865475,
        0.7071067811865476
    ],
    "contact_info": [
        {
            "contact_point_hook": [
                -0.03263508282267204,
                0.0011683447784931467,
                0.04953448056519694,
                1.0
            ],
            "contact_point_obj": [
                0.005744311811858263,
                -0.002547143399753926,
                0.04219591460664285,
                1.0
            ],
            "obj_pose": [
                0.49676506098786477,
                -0.07493006158901218,
                1.3077809184528286,
                0.01276269412575496,
                0.034779921122700896,
                0.7563864708205079,
                0.653075016736246
            ]
        }
    ]
}