{
    "hook_path": "models/hook/Hook84#17/base.urdf",
    "obj_path": "models/geo_data/hanging_exp/daily_5/base.urdf",
    "hook_pose": [
        0.5,
        -0.1,
        1.3,
        0.0,
        0.0,
        -0.7071067811865475,
        0.7071067811865476
    ],
    "contact_info": [
        {
            "contact_point_hook": [
                -0.016301211418502715,
                -0.000505565493605642,
                -0.023941547323100165,
                1.0
            ],
            "contact_point_obj": [
                0.0006108743357763589,
                -0.002598459181220869,
                0.04062316464072202,
                1.0
            ],
            "obj_pose": [
                0.49530231795427265,
                -0.08357979861652204,
                1.2355642720678364,
                -0.06285516725689085,
                0.054850680283544256,
                -0.6907754711723355,
                0.7182408225993415
            ]
        }
    ]
}