{
    "hook_path": "models/hook/Hook84#0/base.urdf",
    "obj_path": "models/geo_data/hanging_exp/daily_5/base.urdf",
    "hook_pose": [
        0.5,
        -0.1,
        1.3,
        0.0,
        0.0,
        -0.7071067811865475,
        0.7071067811865476
    ],
    "contact_info": [
        {
            "contact_point_hook": [
                -0.016297627245724755,
                -0.000259729941221587,
                -0.03235137907674668,
                1.0
            ],
            "contact_point_obj": [
                0.004340618551869374,
                -0.0009030208761651171,
                0.040643132703083396,
                1.0
            ],
            "obj_pose": [
                0.4965373584416661,
                -0.08017656867539083,
                1.2270428243566749,
                -0.04574846497514119,
                0.03023234084888162,
                -0.729709403570804,
                0.6815550380266856
            ]
        }
    ]
}