{
    "hook_path": "models/hook_1120/Hook122#20/base.urdf",
    "obj_path": "models/geo_data/hanging_exp/daily_5/base.urdf",
    "hook_pose": [
        0.5,
        -0.1,
        1.3,
        0.7071067811865476,
        -0.7071067811865475,
        -4.329780281177466e-17,
        4.329780281177467e-17
    ],
    "contact_info": [
        {
            "contact_point_hook": [
                -0.005759081634434254,
                0.0005100457843343342,
                0.04961563126265722,
                1.0
            ],
            "contact_point_obj": [
                -0.002469766069136889,
                -0.0032489228992504393,
                0.04114512961953709,
                1.0
            ],
            "obj_pose": [
                0.4932451970567436,
                -0.09781408640748007,
                1.2096681261059263,
                -0.09246790337602559,
                0.07716619545740452,
                -0.6514044411802168,
                0.7491110192318367
            ]
        }
    ]
}