{
    "hook_path": "models/hook/Hook_90#1/base.urdf",
    "obj_path": "models/geo_data/hanging_exp/daily_5/base.urdf",
    "hook_pose": [
        0.5,
        -0.1,
        1.3,
        4.329780281177466e-17,
        0.7071067811865475,
        0.7071067811865476,
        4.329780281177467e-17
    ],
    "contact_info": [
        {
            "contact_point_hook": [
                0.0005306465841343755,
                -0.004160581624290449,
                0.023863376564078404,
                1.0
            ],
            "contact_point_obj": [
                0.00041987036341026296,
                -0.0004983095825715211,
                0.040488691440331515,
                1.0
            ],
            "obj_pose": [
                0.4906584805146784,
                -0.07569450171613393,
                1.2563181356888262,
                -0.06534790169183208,
                0.09256768408981642,
                -0.5614309635578437,
                0.8197293143259144
            ]
        }
    ]
}