{
    "hook_path": "models/hook/Hook15#0/base.urdf",
    "obj_path": "models/geo_data/hanging_exp/daily_5/base.urdf",
    "hook_pose": [
        0.5,
        -0.1,
        1.3,
        0.0,
        0.0,
        -0.7071067811865475,
        0.7071067811865476
    ],
    "contact_info": [
        {
            "contact_point_hook": [
                -0.006325899673723809,
                0.001260064063483668,
                0.008241968663862176,
                1.0
            ],
            "contact_point_obj": [
                -0.00046084298115338374,
                0.0009151816801333812,
                0.040638456947393875,
                1.0
            ],
            "obj_pose": [
                0.5024022363347015,
                -0.09613886236136755,
                1.2676814643839676,
                -0.0010962497591078075,
                -0.03395341432738647,
                -0.6653606402353014,
                0.745748739400643
            ]
        }
    ]
}