{
    "hook_path": "models/hook/Hook23#11/base.urdf",
    "obj_path": "models/geo_data/hanging_exp/daily_5/base.urdf",
    "hook_pose": [
        0.5,
        -0.1,
        1.3,
        0.0,
        0.0,
        -0.7071067811865475,
        0.7071067811865476
    ],
    "contact_info": [
        {
            "contact_point_hook": [
                -0.003918789249414705,
                -0.06901365386603958,
                0.0032452073270079485,
                1.0
            ],
            "contact_point_obj": [
                -0.004085221948351786,
                -0.0033765546935977664,
                0.039297824209567844,
                1.0
            ],
            "obj_pose": [
                0.4314332215874465,
                -0.09806998848061987,
                1.2636440177862651,
                -0.0027802135194615915,
                0.0438770549557547,
                -0.7426676101104795,
                0.6682154557880149
            ]
        }
    ]
}