{
    "hook_path": "models/hook_1120/Hook_180#25/base.urdf",
    "obj_path": "models/geo_data/hanging_exp/daily_5/base.urdf",
    "hook_pose": [
        0.5,
        -0.1,
        1.3,
        4.329780281177466e-17,
        0.7071067811865475,
        0.7071067811865476,
        4.329780281177467e-17
    ],
    "contact_info": [
        {
            "contact_point_hook": [
                -0.0031251345794693908,
                -0.019972358721594308,
                0.03401024850046919,
                1.0
            ],
            "contact_point_obj": [
                -0.0029560482952068826,
                -9.22303666206492e-06,
                0.04197126684474206,
                1.0
            ],
            "obj_pose": [
                0.49479125138642266,
                -0.06964993506788282,
                1.238948753826198,
                -0.07724873297697678,
                0.05886423589152382,
                -0.7352658436247863,
                0.6707844468866956
            ]
        }
    ]
}