{
    "hook_path": "models/hook/Hook44#4/base.urdf",
    "obj_path": "models/geo_data/hanging_exp/daily_5/base.urdf",
    "hook_pose": [
        0.5,
        -0.1,
        1.3,
        0.0,
        0.0,
        -0.7071067811865475,
        0.7071067811865476
    ],
    "contact_info": [
        {
            "contact_point_hook": [
                0.0021491676703189466,
                -0.00024588263524122356,
                -0.04670353081866652,
                1.0
            ],
            "contact_point_obj": [
                -0.002710257532193963,
                0.0005078942930488717,
                0.04058792870354866,
                1.0
            ],
            "obj_pose": [
                0.4929895118130709,
                -0.10374030074610936,
                1.2132129087579717,
                -0.04472681891663542,
                0.06508653898156529,
                -0.700433068515654,
                0.7093354429624569
            ]
        }
    ]
}