{
    "hook_path": "models/hook_1120/Hook136#13/base.urdf",
    "obj_path": "models/geo_data/hanging_exp/daily_5/base.urdf",
    "hook_pose": [
        0.5,
        -0.1,
        1.3,
        0.0,
        0.0,
        -0.7071067811865475,
        0.7071067811865476
    ],
    "contact_info": [
        {
            "contact_point_hook": [
                -0.006301324224844121,
                -0.03866367416079697,
                -0.013066870456251989,
                1.0
            ],
            "contact_point_obj": [
                -0.0041320155626658785,
                0.005269797475797533,
                0.042760862993547644,
                1.0
            ],
            "obj_pose": [
                0.4540873447882339,
                -0.0985503282186976,
                1.2445391504395313,
                -0.0226871069256761,
                0.00872567088655509,
                -0.7137148581423302,
                0.7000144706459973
            ]
        }
    ]
}