{
    "hook_path": "models/hook_1120/Hook124#2/base.urdf",
    "obj_path": "models/geo_data/hanging_exp/daily_5/base.urdf",
    "hook_pose": [
        0.5,
        -0.1,
        1.3,
        0.0,
        0.0,
        -0.7071067811865475,
        0.7071067811865476
    ],
    "contact_info": [
        {
            "contact_point_hook": [
                -0.0019295555523756308,
                0.0002849691861738224,
                -0.001820891903862254,
                1.0
            ],
            "contact_point_obj": [
                -0.003730167845856419,
                -0.002945083852794461,
                0.0407044974725681,
                1.0
            ],
            "obj_pose": [
                0.49762783073932976,
                -0.10143124460415145,
                1.257422655562401,
                -0.04453337593409538,
                0.0509916611135226,
                -0.7140630239075267,
                0.6968002775636899
            ]
        }
    ]
}