{
    "hook_path": "models/hook/Hook186#8/base.urdf",
    "obj_path": "models/geo_data/hanging_exp/daily_5/base.urdf",
    "hook_pose": [
        0.5,
        -0.1,
        1.3,
        -0.5,
        0.5,
        0.4999999999999999,
        0.5000000000000001
    ],
    "contact_info": [
        {
            "contact_point_hook": [
                -0.014436750282994737,
                0.0011032561904282256,
                0.007335719597189344,
                1.0
            ],
            "contact_point_obj": [
                0.0010379959323292241,
                0.004149460872864608,
                0.040604658474776345,
                1.0
            ],
            "obj_pose": [
                0.4991027288615431,
                -0.09430047200962384,
                1.2736407431483698,
                0.029485220545944612,
                0.03740518609882532,
                0.6829854904326359,
                0.7288774202023006
            ]
        }
    ]
}