{
    "hook_path": "models/hook/Hook186/base.urdf",
    "obj_path": "models/geo_data/hanging_exp/daily_5/base.urdf",
    "hook_pose": [
        0.5,
        -0.1,
        1.3,
        -0.5,
        0.5,
        0.4999999999999999,
        0.5000000000000001
    ],
    "contact_info": [
        {
            "contact_point_hook": [
                -0.013203780313379987,
                -0.0021815093275663333,
                0.02528762437852211,
                1.0
            ],
            "contact_point_obj": [
                -0.0001991757196303564,
                0.004792920500808928,
                0.04049969442662604,
                1.0
            ],
            "object_pose": [
                0.49452253067652446,
                -0.07501773128093608,
                1.273147771894061,
                -0.023551979360152173,
                0.026929373033455238,
                -0.6895020174930706,
                0.7233996689308264
            ]
        }
    ]
}