{
    "hook_path": "models/hook_1120/Hook2#13/base.urdf",
    "obj_path": "models/geo_data/hanging_exp/daily_5/base.urdf",
    "hook_pose": [
        0.5,
        -0.1,
        1.3,
        0.0,
        0.0,
        -0.7071067811865475,
        0.7071067811865476
    ],
    "contact_info": [
        {
            "contact_point_hook": [
                -0.00471301280368394,
                0.006015769822778294,
                -0.012378416390047109,
                1.0
            ],
            "contact_point_obj": [
                0.003930488138991599,
                0.0059576657949570455,
                0.039541516639836516,
                1.0
            ],
            "obj_pose": [
                0.499447137419321,
                -0.0905608138651626,
                1.2482643681227548,
                -0.007386260885445389,
                0.01093995696213197,
                -0.7399126921822394,
                0.6725733926044276
            ]
        }
    ]
}