{
    "hook_path": "models/hook_1120/Hook84#10/base.urdf",
    "obj_path": "models/geo_data/hanging_exp/daily_5/base.urdf",
    "hook_pose": [
        0.5,
        -0.1,
        1.3,
        0.0,
        0.0,
        -0.7071067811865475,
        0.7071067811865476
    ],
    "contact_info": [
        {
            "contact_point_hook": [
                -0.01696613867568103,
                0.004347346157321685,
                -0.026829047043150256,
                1.0
            ],
            "contact_point_obj": [
                0.0013412081662363962,
                0.003955622862407637,
                0.0414395596846151,
                1.0
            ],
            "obj_pose": [
                0.4926180327118249,
                -0.07876503567845429,
                1.2334357892836996,
                0.10163937235461695,
                -0.05773195634384014,
                0.8980624176972234,
                -0.4240522999865584
            ]
        }
    ]
}