{
    "hook_path": "models/hook/Hook35#8/base.urdf",
    "obj_path": "models/geo_data/hanging_exp/daily_5/base.urdf",
    "hook_pose": [
        0.5,
        -0.1,
        1.3,
        0.0,
        0.0,
        -0.7071067811865475,
        0.7071067811865476
    ],
    "contact_info": [
        {
            "contact_point_hook": [
                -0.00031228791542256556,
                -0.0002508589591653232,
                0.025756721407589778,
                1.0
            ],
            "contact_point_obj": [
                -0.0005448840762173612,
                0.0009493506795016926,
                0.04107187856749639,
                1.0
            ],
            "obj_pose": [
                0.48840409028492454,
                -0.10047027037200837,
                1.2862753992374174,
                -0.1004084324911031,
                0.07798125736036708,
                -0.758763663707619,
                0.6388386125009718
            ]
        }
    ]
}