{
    "hook_path": "models/hook_all_new_2/Hook_hs_28_easy/base.urdf",
    "obj_path": "models/geo_data/hanging_exp/daily_5/base.urdf",
    "hook_pose": [
        0.5,
        -0.1,
        1.3,
        4.329780281177466e-17,
        0.7071067811865475,
        0.7071067811865476,
        4.329780281177467e-17
    ],
    "contact_info": [
        {
            "contact_point_hook": [
                -0.005429663083252989,
                0.007535826749625718,
                0.031189615377147047,
                1.0
            ],
            "obj_pose": [
                0.5006051907260816,
                -0.0702761336275748,
                1.2677256887531687,
                0.00798485539514495,
                -0.009885030197935022,
                -0.6370494126997144,
                0.7707182196115864
            ],
            "contact_point_obj": [
                -0.0003302905897887287,
                0.00600397577132028,
                0.03967510836822785,
                1.0
            ]
        }
    ]
}