{
    "hook_path": "models/hook_1120/Hook15#8/base.urdf",
    "obj_path": "models/geo_data/hanging_exp/daily_5/base.urdf",
    "hook_pose": [
        0.5,
        -0.1,
        1.3,
        0.0,
        0.0,
        -0.7071067811865475,
        0.7071067811865476
    ],
    "contact_info": [
        {
            "contact_point_hook": [
                -0.0087249853480508,
                0.010638016630807434,
                0.003181351888928541,
                1.0
            ],
            "contact_point_obj": [
                -0.004734097699348115,
                0.010600816321994944,
                0.03415845675107354,
                1.0
            ],
            "obj_pose": [
                0.5034895977278371,
                -0.0960038881906909,
                1.2681367086809165,
                0.035027392814727304,
                -0.03602292921438732,
                -0.7083590038802263,
                0.7040617529345218
            ]
        }
    ]
}