{
    "hook_path": "models/hook_1104/Hook_skew/base.urdf",
    "obj_path": "models/geo_data/hanging_exp/wrench_1/base.urdf",
    "hook_pose": [
        0.5,
        -0.1,
        1.3,
        4.329780281177466e-17,
        0.7071067811865475,
        0.7071067811865476,
        4.329780281177467e-17
    ],
    "contact_info": [
        {
            "contact_point_hook": [],
            "contact_point_obj": [],
            "obj_pose": [
                0.49851165375870776,
                -0.08338924526012975,
                1.1528195978696785,
                0.7236706351998644,
                -0.015450923158105222,
                0.6899233638389336,
                -0.008236064118104815
            ]
        }
    ],
    "initial_pose": [
        {
            "robot_pose": [
                0.4839831590652466,
                0.012034998275339603,
                1.2769275903701782,
                0.7140365242958069,
                -0.04124659672379494,
                0.698084831237793,
                0.03358794003725052
            ],
            "object_pose": [
                0.5148596805957922,
                0.013406347853345633,
                1.2110817423625515,
                0.7105270107770482,
                -0.05541839301763069,
                0.7013940182451484,
                -0.01125165949984297
            ]
        },
        {
            "robot_pose": [
                0.4883965253829956,
                0.0744461938738823,
                1.2748470306396484,
                0.7138426303863525,
                -0.03098585456609726,
                0.6991139650344849,
                0.026613520458340645
            ],
            "object_pose": [
                0.5193134361419556,
                0.0757542610005347,
                1.2090306109881168,
                0.7105523582083302,
                -0.04589565867372788,
                0.7019258273033263,
                -0.017580322068337016
            ]
        },
        {
            "robot_pose": [
                0.489157110452652,
                0.13348868489265442,
                1.2743786573410034,
                0.7139033675193787,
                -0.02157975547015667,
                0.6996564865112305,
                0.01889616809785366
            ],
            "object_pose": [
                0.5201719609312232,
                0.1361386449349752,
                1.2085781174666113,
                0.7105404468779377,
                -0.03628927421544712,
                0.7022427760593652,
                -0.025892960430452684
            ]
        }
    ]
}