{
    "hook_path": "models/hook_1104/Hook_skew/base.urdf",
    "obj_path": "models/geo_data/hanging_exp/daily_23/base.urdf",
    "hook_pose": [
        0.5,
        -0.1,
        1.3,
        4.329780281177466e-17,
        0.7071067811865475,
        0.7071067811865476,
        4.329780281177467e-17
    ],
    "contact_info": [
        {
            "contact_point_hook": [],
            "contact_point_obj": [],
            "obj_pose": [
                0.5002063220329639,
                -0.0894021341288997,
                1.2030743374755735,
                -0.023991352269233324,
                0.7079960931976538,
                -0.7054132920849019,
                -0.023622751387037007
            ]
        }
    ],
    "initial_pose": [
        {
            "robot_pose": [
                0.4827718436717987,
                0.002938029123470187,
                1.2528800964355469,
                0.7114397883415222,
                -0.054374635219573975,
                0.7003552317619324,
                0.01998453587293625
            ],
            "object_pose": [
                0.5134492025914379,
                -0.010722070212618253,
                1.2616470218508964,
                0.018426161545720233,
                -0.6908960748588494,
                0.7227131829200668,
                0.002957287417939615
            ]
        },
        {
            "robot_pose": [
                0.48818087577819824,
                0.06760291010141373,
                1.245877742767334,
                0.7105104327201843,
                -0.04547817260026932,
                0.7020722031593323,
                0.014186494052410126
            ],
            "object_pose": [
                0.519097065726081,
                0.0546278986211216,
                1.2548284644387695,
                0.02390667663021606,
                -0.6890140179744044,
                0.7243309622664049,
                -0.005728084277443048
            ]
        },
        {
            "robot_pose": [
                0.49232956767082214,
                0.1357719600200653,
                1.2398662567138672,
                0.7096569538116455,
                -0.03579774126410484,
                0.7035974860191345,
                0.007488363888114691
            ],
            "object_pose": [
                0.5235012157050796,
                0.12356090080304091,
                1.248986467172033,
                0.03027874212706694,
                -0.6870722489096953,
                0.7257998959773834,
                -0.01514706415764471
            ]
        }
    ]
}