{
    "hook_path": "models/hook_1120/Hook1#26/base.urdf",
    "obj_path": "models/geo_data/hanging_exp/daily_5/base.urdf",
    "hook_pose": [
        0.5,
        -0.1,
        1.3,
        0.0,
        0.0,
        -0.7071067811865475,
        0.7071067811865476
    ],
    "contact_info": [
        {
            "contact_point_hook": [
                -0.01180111719993808,
                -0.0027975948960674013,
                -0.01047537724074643,
                1.0
            ],
            "contact_point_obj": [
                0.0015614601664806493,
                0.006033303517240046,
                0.039331637205353376,
                1.0
            ],
            "obj_pose": [
                0.49588576668535606,
                -0.0885870532522231,
                1.249725974774542,
                0.0772569877033655,
                0.051046728118625394,
                0.6575432026556953,
                0.74770483885065
            ]
        }
    ]
}