{
    "hook_path": "models/hook_1120/Hook42#8/base.urdf",
    "obj_path": "models/geo_data/hanging_exp/daily_5/base.urdf",
    "hook_pose": [
        0.5,
        -0.1,
        1.3,
        0.0,
        0.0,
        -0.7071067811865475,
        0.7071067811865476
    ],
    "contact_info": [
        {
            "contact_point_hook": [
                -0.006304891483401505,
                0.004625474428162191,
                -0.013873888873249252,
                1.0
            ],
            "contact_point_obj": [
                -0.003668814430351136,
                0.0038416345198423185,
                0.0421642804058,
                1.0
            ],
            "obj_pose": [
                0.500317062509909,
                -0.08786173705081686,
                1.2442518438336723,
                0.07973643783354027,
                0.08571030261173934,
                -0.6660804960022171,
                0.7366360141571023
            ]
        }
    ]
}