{
    "hook_path": "models/hook_1120/Hook209#0/base.urdf",
    "obj_path": "models/geo_data/hanging_exp/daily_5/base.urdf",
    "hook_pose": [
        0.5,
        -0.1,
        1.3,
        0.0,
        0.0,
        -0.7071067811865475,
        0.7071067811865476
    ],
    "contact_info": [
        {
            "contact_point_hook": [
                -0.007271928859409456,
                0.0032374464739197695,
                -0.031851747753679716,
                1.0
            ],
            "contact_point_obj": [
                0.002565417200622512,
                -0.0015261963706120762,
                0.0413176061656797,
                1.0
            ],
            "obj_pose": [
                0.4975818861172622,
                -0.09542753181452197,
                1.2271997141874442,
                0.040012571213104475,
                0.035650669206058166,
                0.7432017817482526,
                0.666917637745696
            ]
        }
    ]
}