{
    "hook_path": "models/hook_1120/Hook209#16/base.urdf",
    "obj_path": "models/geo_data/hanging_exp/daily_5/base.urdf",
    "hook_pose": [
        0.5,
        -0.1,
        1.3,
        0.0,
        0.0,
        -0.7071067811865475,
        0.7071067811865476
    ],
    "contact_info": [
        {
            "contact_point_hook": [
                -0.011370787050869052,
                0.0008432262765072362,
                -0.03538217134663646,
                1.0
            ],
            "contact_point_obj": [
                0.0034915933230988128,
                0.001471033754810891,
                0.04123211688366868,
                1.0
            ],
            "obj_pose": [
                0.492827477670874,
                -0.09292040127191986,
                1.2242225801206483,
                0.07395704184926132,
                0.088442404313747,
                0.697856946586928,
                0.7068974318672263
            ]
        }
    ]
}