{
    "-1": {
        "angle": [],
        "distance": [],
        "pos_diff": []
    },
    "0": {
        "angle": [
            0.5314776178331572,
            0.5314776178331572,
            0.5314776178331572,
            0.5314776178331572,
            0.5314776178331572,
            0.5568573031616917,
            0.5314776178331572,
            0.5568573031616917,
            0.5314776178331572,
            0.5568573031616917,
            0.5314776178331572,
            0.5568573031616917,
            0.5568573031616917,
            0.5314776178331572,
            0.5314776178331572,
            0.5314776178331572,
            0.5314776178331572,
            0.5568573031616917,
            0.5314776178331572,
            0.5314776178331572,
            0.5314776178331572,
            0.15671405451666498,
            0.15671405451666498,
            0.15671405451666498,
            0.15671405451666498,
            0.1567144507399152,
            0.1567144507399152,
            0.15671405451666498,
            0.15671405451666498,
            0.1567144507399152
        ],
        "angle_max": 0.5568573031616917,
        "angle_mean": 0.4241245255262415,
        "angle_min": 0.15671405451666498,
        "distance": [
            0.006775898134057098,
            0.00697920448895024,
            0.00854230776482156,
            0.008267834755389085,
            0.008553292804496826,
            0.008348174667038041,
            0.008260058338439602,
            0.0083093758093209,
            0.006988604183525506,
            0.00829022391153714,
            0.008266621410270382,
            0.008313427369401872,
            0.008332715101567365,
            0.008566659873815585,
            0.008584647567250824,
            0.008651980699181312,
            0.006793636047140165,
            0.008303560309714374,
            0.008659701278440882,
            0.006939479009853856,
            0.008656351807078577,
            0.014889633555412314,
            0.014815750566612069,
            0.014823743667258043,
            0.013215106043317392,
            0.01518043651219101,
            0.014580212264534743,
            0.009444304476168855,
            0.014822971314623984,
            0.014555979090192852
        ],
        "distance_max": 0.01518043651219101,
        "distance_mean": 0.009857063094053414,
        "distance_min": 0.006775898134057098,
        "pos_diff": [
            [
                0.002929501662419869,
                0.0013894041032585652,
                0.00594982115452607
            ],
            [
                0.001872859747053728,
                0.001573337228183272,
                0.006536535904656349
            ],
            [
                0.0012273390366254197,
                0.002165017609532985,
                0.00817174152727056
            ],
            [
                7.534836278359856e-05,
                0.0009713616232804451,
                0.008210229641335467
            ],
            [
                0.0011476636057583612,
                0.0021688850741612004,
                0.008193755157591399
            ],
            [
                0.0009888254102893483,
                0.0021234443046152796,
                0.008012816537556488
            ],
            [
                2.6409614631379454e-05,
                0.0009218570440834989,
                0.008208413115636557
            ],
            [
                0.0007055658240731259,
                0.0020179390975796074,
                0.008029683991720157
            ],
            [
                0.0018309910682844646,
                0.0015809801971242293,
                0.006556566308530232
            ],
            [
                0.000469753612305243,
                0.0019305682201034846,
                0.008048605493790512
            ],
            [
                5.595134278825551e-05,
                0.0009531773928089377,
                0.008211294163882988
            ],
            [
                0.0007153765299475394,
                0.0020221840419281933,
                0.008031941405867656
            ],
            [
                0.000932657810745882,
                0.0021086921682506865,
                0.008007353352481813
            ],
            [
                0.0012110555161568013,
                0.0021399493186251145,
                0.008206194175386306
            ],
            [
                0.0011699566823587535,
                0.0021245186301199342,
                0.00823491322392549
            ],
            [
                0.0012225593318243863,
                0.002061956274559365,
                0.008313269815239988
            ],
            [
                0.0027447372263007244,
                0.0014217053478321057,
                0.0060496828184217095
            ],
            [
                0.0006460522703817444,
                0.001995906560765953,
                0.008034182427707866
            ],
            [
                0.001185093844777941,
                0.0020476416571501704,
                0.008330254645255653
            ],
            [
                0.0034888933964699054,
                0.0012627446836730033,
                0.005864253376187501
            ],
            [
                0.001166811565075144,
                0.002092756364284701,
                0.008318133695683506
            ],
            [
                0.001757529169548134,
                0.0011128978154653774,
                0.014743599868586376
            ],
            [
                0.00014329776521217284,
                0.0010737371678894575,
                0.014776096206266517
            ],
            [
                4.853806383192747e-05,
                0.0010707291171824923,
                0.014784943676813583
            ],
            [
                0.002698619232621851,
                0.0016024956235508175,
                0.012836996913217196
            ],
            [
                0.0008732912876985447,
                0.004647103916106621,
                0.014425236227542281
            ],
            [
                0.0005925176009184824,
                0.00247458722404853,
                0.014356459544123925
            ],
            [
                0.0008282525870088051,
                0.002197558212852016,
                0.00914765667216599
            ],
            [
                0.0007444687842769757,
                0.0010879178673399298,
                0.014764236503704658
            ],
            [
                0.0005811680950702156,
                0.0023543546901804713,
                0.01435255325411577
            ]
        ],
        "pos_diff_max": [
            0.0034888933964699054,
            0.004647103916106621,
            0.014784943676813583
        ],
        "pos_diff_mean": [
            0.001136036201574624,
            0.0018231802858845482,
            0.009523580693306354
        ],
        "pos_diff_min": [
            2.6409614631379454e-05,
            0.0009218570440834989,
            0.005864253376187501
        ]
    }
}