{
    "hook_path": "models/hook/Hook_bar#4/base.urdf",
    "obj_path": "models/geo_data/hanging_exp/daily_5/base.urdf",
    "hook_pose": [
        0.5,
        -0.1,
        1.3,
        4.329780281177466e-17,
        0.7071067811865475,
        0.7071067811865476,
        4.329780281177467e-17
    ],
    "contact_info": [
        {
            "contact_point_hook": [
                0.0002643263232060544,
                -0.002234012670316199,
                0.02472416472318251,
                1.0
            ],
            "contact_point_obj": [
                9.924485517232018e-06,
                -0.002685298420817994,
                0.04063938853624749,
                1.0
            ],
            "obj_pose": [
                0.5013197881108398,
                -0.076185843043698,
                1.2570789710464956,
                -0.013607642236640311,
                0.004110005349821996,
                -0.7656847391899139,
                0.6430589553846968
            ]
        }
    ]
}