{
    "hook_path": "models/hook_1120/Hook209#22/base.urdf",
    "obj_path": "models/geo_data/hanging_exp/daily_5/base.urdf",
    "hook_pose": [
        0.5,
        -0.1,
        1.3,
        0.0,
        0.0,
        -0.7071067811865475,
        0.7071067811865476
    ],
    "contact_info": [
        {
            "contact_point_hook": [
                -0.004182314903524386,
                0.0034289766521242715,
                -0.03940319019913474,
                1.0
            ],
            "contact_point_obj": [
                0.0018267455548919842,
                -0.001324012395666041,
                0.04062266202527254,
                1.0
            ],
            "obj_pose": [
                0.4984688933010348,
                -0.09674083886030772,
                1.220225581946807,
                0.02705088128576599,
                0.02828260028625784,
                0.5898770652481549,
                0.8065441043346205
            ]
        }
    ]
}