{
    "hook_path": "models/hook_1120/Hook145#20/base.urdf",
    "obj_path": "models/geo_data/hanging_exp/daily_5/base.urdf",
    "hook_pose": [
        0.5,
        -0.1,
        1.3,
        0.0,
        0.0,
        -0.7071067811865475,
        0.7071067811865476
    ],
    "contact_info": [
        {
            "contact_point_hook": [
                -0.033512020650989335,
                0.0038540058257002796,
                0.06209106814602916,
                1.0
            ],
            "contact_point_obj": [
                0.002853929538105815,
                -0.0033414940575604013,
                0.040656530772313015,
                1.0
            ],
            "obj_pose": [
                0.497922822237486,
                -0.06788234591921471,
                1.3216541939605038,
                0.014306994723024807,
                0.017303948938486052,
                0.5735104500224428,
                0.8188904975441984
            ]
        }
    ]
}