{
    "hook_path": "models/hook_all_new_1/Hook_hs_321_devil/base.urdf",
    "obj_path": "models/geo_data/hanging_exp/daily_5/base.urdf",
    "hook_pose": [
        0.5,
        -0.1,
        1.3,
        4.329780281177466e-17,
        0.7071067811865475,
        0.7071067811865476,
        4.329780281177467e-17
    ],
    "contact_info": [
        {
            "contact_point_hook": [
                -0.0010142389039811128,
                -0.0005865962737954256,
                0.021619127726580995,
                1.0
            ],
            "obj_pose": [
                0.4954658643479074,
                -0.07385074117467968,
                1.2548079199690094,
                0.1451546972581314,
                -0.011370813757300343,
                0.7070561374669682,
                0.6920060960198897
            ],
            "contact_point_obj": [
                0.005439162496840233,
                0.0029862563337924586,
                0.04474878225875534,
                1.0
            ]
        }
    ]
}