{
    "hook_path": "models/hook/Hook57#0/base.urdf",
    "obj_path": "models/geo_data/hanging_exp/daily_5/base.urdf",
    "hook_pose": [
        0.5,
        -0.1,
        1.3,
        0.0,
        0.0,
        -0.7071067811865475,
        0.7071067811865476
    ],
    "contact_info": [
        {
            "contact_point_hook": [
                -0.013858787025018096,
                -0.0002119990466184496,
                -0.029120392366973613,
                1.0
            ],
            "contact_point_obj": [
                -0.004160479782883975,
                7.95797175316415e-05,
                0.04339126641599944,
                1.0
            ],
            "obj_pose": [
                0.4985959734510659,
                -0.09049583427451778,
                1.2275237052677104,
                -0.016800211196338167,
                0.015834538984346093,
                -0.6286027703780609,
                0.7773838031191148
            ]
        }
    ]
}