{
    "hook_path": "models/hook_1120/Hook145#22/base.urdf",
    "obj_path": "models/geo_data/hanging_exp/daily_5/base.urdf",
    "hook_pose": [
        0.5,
        -0.1,
        1.3,
        0.0,
        0.0,
        -0.7071067811865475,
        0.7071067811865476
    ],
    "contact_info": [
        {
            "contact_point_hook": [
                -0.031751857810468506,
                0.003895076962078803,
                0.05116613217937216,
                1.0
            ],
            "contact_point_obj": [
                0.003017894072554872,
                -0.005020545436510926,
                0.04041139248003489,
                1.0
            ],
            "obj_pose": [
                0.502530435378659,
                -0.07801611948822164,
                1.3115414103995324,
                -0.050823167877652224,
                0.03941959416174941,
                0.8478529747042554,
                0.52631590750057
            ]
        }
    ]
}