{
    "hook_path": "models/hook/Hook57/base.urdf",
    "obj_path": "models/geo_data/hanging_exp/daily_5/base.urdf",
    "hook_pose": [
        0.5,
        -0.1,
        1.3,
        0.0,
        0.0,
        -0.7071067811865475,
        0.7071067811865476
    ],
    "contact_info": [
        {
            "contact_point_hook": [
                -0.009169798599927658,
                -0.004467992089800754,
                -0.03453405844735635,
                1.0
            ],
            "contact_point_obj": [
                -0.00016426974189901605,
                0.0049811957677771135,
                0.040369941673505494,
                1.0
            ],
            "object_pose": [
                0.5011008687354166,
                -0.08807263437909206,
                1.2252669975393808,
                0.014323081335612567,
                -0.026045910013042982,
                0.7260492416083993,
                0.6869999699217708
            ]
        }
    ]
}