{
    "hook_path": "models/hook_1120/Hook84#20/base.urdf",
    "obj_path": "models/geo_data/hanging_exp/daily_5/base.urdf",
    "hook_pose": [
        0.5,
        -0.1,
        1.3,
        0.0,
        0.0,
        -0.7071067811865475,
        0.7071067811865476
    ],
    "contact_info": [
        {
            "contact_point_hook": [
                -0.017353485610180353,
                0.006141528995912027,
                -0.03375570169107722,
                1.0
            ],
            "contact_point_obj": [
                0.004154980532711461,
                0.0038776421071592404,
                0.039399169216733254,
                1.0
            ],
            "obj_pose": [
                0.49846837343179906,
                -0.08050112520407171,
                1.227242830446318,
                -0.017193551963048594,
                0.02572558475720624,
                -0.5417027752160455,
                0.8400004043945624
            ]
        }
    ]
}