{
    "hook_path": "models/hook_all_new_2/Hook_hsr_118_hard/base.urdf",
    "obj_path": "models/geo_data/hanging_exp/daily_5/base.urdf",
    "hook_pose": [
        0.5,
        -0.1,
        1.3,
        4.329780281177466e-17,
        0.7071067811865475,
        0.7071067811865476,
        4.329780281177467e-17
    ],
    "contact_info": [
        {
            "contact_point_hook": [
                -0.0006752500398821137,
                0.005246594677183136,
                0.014064664042399106,
                1.0
            ],
            "obj_pose": [
                0.5006121074501685,
                -0.08808286832428312,
                1.2639474591953657,
                -0.019519096615541586,
                0.026226716209195342,
                -0.7097505396002332,
                0.7036940640373296
            ],
            "contact_point_obj": [
                -0.002528025461237173,
                -0.0026267625122096128,
                0.04119397625587862,
                1.0
            ]
        }
    ]
}