{
    "hook_path": "models/hook/Hook1#6/base.urdf",
    "obj_path": "models/geo_data/hanging_exp/daily_5/base.urdf",
    "hook_pose": [
        0.5,
        -0.1,
        1.3,
        0.0,
        0.0,
        -0.7071067811865475,
        0.7071067811865476
    ],
    "contact_info": [
        {
            "contact_point_hook": [
                -0.009746132879810729,
                9.511906127501746e-05,
                -0.007875760270925625,
                1.0
            ],
            "contact_point_obj": [
                0.001982107344086867,
                0.0020357070176122427,
                0.040673619725019705,
                1.0
            ],
            "obj_pose": [
                0.4945370414128655,
                -0.09296676946452978,
                1.25182332003926,
                0.06541150107137467,
                0.07294347165757636,
                0.7601463288250576,
                0.6423224612637466
            ]
        }
    ]
}