{
    "file": "models/geo_data/hanging_exp/wrench_25/base.urdf",
    "contact_pose": [
        0.10954212842965716,
        -0.016812911648989626,
        0.00039647338869473747,
        0.1028895416923827,
        0.6952891217787122,
        0.010591030511738377,
        0.7112486270069124
    ],
    "obj_pose": [
        0.49510168658469256,
        -0.06614307443206953,
        1.1883733194114057,
        0.565970620996674,
        0.42648148463420976,
        0.5022560015712788,
        -0.49550954412450127
    ]
}