{
    "file": "models/geo_data/hanging_exp/mug_67/base.urdf",
    "contact_pose": [
        0.05702916213751874,
        0.007189825959489693,
        -0.0007481439897550693,
        0.7015399113124545,
        0.0742084966096163,
        0.7087405229785646,
        -0.004660789066765593
    ],
    "obj_pose": [
        0.5048228615358774,
        -0.059303614401872214,
        1.242052487312298,
        0.5512609913978026,
        -0.4459472776697431,
        0.49431527787455065,
        0.5028864195440779
    ]
}