{
    "file": "models/geo_data/hanging_exp/scissor_4/base.urdf",
    "contact_pose": [
        0.06458577228561058,
        0.0018836889204112348,
        -0.02658407862156764,
        0.6086777528760292,
        -0.5906522123600393,
        0.3806345161522766,
        -0.3684545050633805
    ],
    "obj_pose": [
        0.5031627831521125,
        -0.07261170710743582,
        1.2285983910798346,
        0.012046563622042858,
        -0.8478295280113832,
        0.009363849508955755,
        0.5300493279490779
    ]
}