{
    "file": "models/geo_data/hanging_exp/bag_5/base.urdf",
    "contact_pose": [
        -0.0024998352786057554,
        0.06245242467467049,
        0.006201403398592931,
        -0.6931458992338136,
        0.015892039796901385,
        -0.006243061635377521,
        0.7205950524586319
    ],
    "obj_pose": [
        0.5031164375173923,
        -0.07601653052307553,
        1.2378315849345278,
        0.4793569727755578,
        -0.5015295781863891,
        -0.5079782546867044,
        0.5105321416141059
    ]
}