{
    "file": "models/geo_data/hanging_exp/daily_5/base.urdf",
    "contact_pose": [
        -0.0008948207340292377,
        -0.001648854540121203,
        0.040645438498105646,
        0.0861104983952622,
        0.014040078529037837,
        0.06851429132954334,
        0.9938277769033368
    ],
    "obj_pose": [
        0.4914072951414,
        -0.07075027017792299,
        1.261786499947874,
        -0.07089971239165746,
        0.050867402603140766,
        -0.7511118250418197,
        0.6543827354213564
    ]
}