{
    "file": "models/geo_data/hanging_exp/scissor_58/base.urdf",
    "contact_pose": [
        0.0705820922396323,
        -0.000951518496385903,
        -0.019037929953618832,
        0.5605244807752471,
        0.5934952539452913,
        0.379722590023459,
        0.4351855289665892
    ],
    "obj_pose": [
        0.49279397528389157,
        -0.07932482778051853,
        1.2287369227179712,
        0.8239006599990236,
        0.028784102525152688,
        0.5642645594882014,
        -0.04432476509335252
    ]
}