{
    "hook_path": "models/hook_1120/Hook_60#23/base.urdf",
    "obj_path": "models/geo_data/hanging_exp/daily_5/base.urdf",
    "hook_pose": [
        0.5,
        -0.1,
        1.3,
        4.329780281177466e-17,
        0.7071067811865475,
        0.7071067811865476,
        4.329780281177467e-17
    ],
    "contact_info": [
        {
            "contact_point_hook": [
                -0.012728546572568722,
                0.0056638820726966355,
                0.011444869542804164,
                1.0
            ],
            "contact_point_obj": [
                -0.008636925247196385,
                -0.01329503106221086,
                0.04460714674369437,
                1.0
            ],
            "obj_pose": [
                0.4992863204880878,
                -0.07908742162837706,
                1.2612699532455396,
                0.002066404924721055,
                0.0240659197844807,
                0.6459705597938591,
                0.7629800766436974
            ]
        }
    ]
}