{
    "hook_path": "models/hook/Hook_bar/base.urdf",
    "obj_path": "models/geo_data/hanging_exp/mug_181/base.urdf",
    "hook_pose": [
        0.5,
        -0.1,
        1.3,
        4.329780281177466e-17,
        0.7071067811865475,
        0.7071067811865476,
        4.329780281177467e-17
    ],
    "contact_info": [
        {
            "contact_pose": [
                [
                    0.04556700677305514,
                    0.019685057156830738,
                    0.00261580206844448
                ],
                [
                    -0.006096924893619127,
                    -0.933225013981589,
                    0.3592407281836294
                ],
                [
                    -0.08288379411991414,
                    -0.35753965759969325,
                    -0.9302127014375698
                ],
                [
                    0.9965405682555672,
                    -0.035446671530015406,
                    -0.07516933748752835
                ]
            ],
            "object_pose": [
                0.5007942152972491,
                -0.06697565096028932,
                1.2382473120406547,
                0.5569807587640931,
                -0.4147880164633102,
                0.38513703704865615,
                0.6077769314957501
            ]
        }
    ],
    "initial_pose": [
        {
            "robot_pose": [
                0.46872958135015574,
                0.07257851369238574,
                1.2762559724535616,
                0.7372484584510796,
                -0.024588670827285438,
                0.6751530896826341,
                0.005330409969895589
            ],
            "object_pose": [
                0.5158437285491239,
                0.0403028712764658,
                1.2623048246299473,
                0.5366568378379328,
                -0.4390561609932512,
                0.45412495254703505,
                0.5594637194401547
            ]
        },
        {
            "robot_pose": [
                0.4683420740795568,
                0.141642508549509,
                1.2670531955057642,
                0.7497294447989497,
                -0.0037158657272186708,
                0.6616960753260581,
                0.007089135451335358
            ],
            "object_pose": [
                0.5158437285491239,
                0.11030287127646579,
                1.2523048246299473,
                0.5428021229275447,
                -0.41397923944519677,
                0.4586781327615335,
                0.5688597500088401
            ]
        },
        {
            "robot_pose": [
                0.4678388154738466,
                0.2223736793210365,
                1.243399241119609,
                0.724586082079157,
                -0.008275316895436537,
                0.6890128131045571,
                0.01295654912397582
            ],
            "object_pose": [
                0.5158437285491239,
                0.1903028712764658,
                1.2323048246299473,
                0.5214570697092477,
                -0.4379493712591992,
                0.4750942914848208,
                0.5572865392797972
            ]
        }
    ]
}