{
    "hook_path": "models/hook/Hook_bar/base.urdf",
    "obj_path": "models/geo_data/hanging_exp/mug_149/base.urdf",
    "hook_pose": [
        0.5,
        -0.1,
        1.3,
        4.329780281177466e-17,
        0.7071067811865475,
        0.7071067811865476,
        4.329780281177467e-17
    ],
    "contact_info": [
        {
            "contact_pose": [
                [
                    0.04534259868001316,
                    0.010166429794228236,
                    -0.0016922745159013198
                ],
                [
                    0.006954341797074826,
                    -0.993849364129728,
                    0.11052184647889335
                ],
                [
                    0.03440162745082809,
                    -0.11022131459761009,
                    -0.9933115270835775
                ],
                [
                    0.9993838927854017,
                    0.010709959258058066,
                    0.03342351887199857
                ]
            ],
            "object_pose": [
                0.5075111728359266,
                -0.07063325793228534,
                1.2391502198519946,
                0.5375019612028823,
                -0.46523824147643333,
                0.4777995975599698,
                0.5160935621982721
            ]
        }
    ],
    "initial_pose": [
        {
            "robot_pose": [
                0.45900949979611033,
                0.08271041806365467,
                1.2661666096304571,
                0.7265138388704072,
                -0.012234619921891132,
                0.6867220309131065,
                0.020995434354380883
            ],
            "object_pose": [
                0.5085694630612477,
                0.04741654131926285,
                1.2626750416786654,
                0.5282357620365641,
                -0.44741857821327435,
                0.4474257911016277,
                0.5662099937588044
            ]
        },
        {
            "robot_pose": [
                0.4581080657918124,
                0.1515384032871889,
                1.2545147869626914,
                0.7130317059074328,
                -0.007459090133552292,
                0.7010271731783395,
                0.009542054846950535
            ],
            "object_pose": [
                0.5085694630612477,
                0.11741654131926285,
                1.2526750416786654,
                0.5270098618786924,
                -0.45443887629308566,
                0.4621502918527507,
                0.5496935700337928
            ]
        },
        {
            "robot_pose": [
                0.45835943069200913,
                0.23194586681393115,
                1.2335218424907417,
                0.7175337034285635,
                0.007682651151164775,
                0.6958460505848909,
                0.029742817633660247
            ],
            "object_pose": [
                0.5085694630612477,
                0.19741654131926287,
                1.2326750416786654,
                0.5148878368693273,
                -0.44061251483771813,
                0.4677004139675012,
                0.5674570027649978
            ]
        }
    ]
}