{
    "hook_path": "models/hook/Hook_bar/base.urdf",
    "obj_path": "models/geo_data/hanging_exp/wrench_1/base.urdf",
    "hook_pose": [
        0.5,
        -0.1,
        1.3,
        4.329780281177466e-17,
        0.7071067811865475,
        0.7071067811865476,
        4.329780281177467e-17
    ],
    "contact_info": [
        {
            "contact_pose": [
                [
                    0.14215800538659085,
                    0.002325075789571121,
                    -0.010386000154540075
                ],
                [
                    0.03291462561250914,
                    -0.9990154943513182,
                    -0.02974339366615973
                ],
                [
                    -0.9986033787090173,
                    -0.03164137166374921,
                    -0.04230975809635167
                ],
                [
                    0.041326982126979286,
                    0.03109446325679678,
                    -0.9986617119440638
                ]
            ],
            "object_pose": [
                0.4985269701531266,
                -0.07322525408987929,
                1.1488561768161536,
                0.026209210602476496,
                -0.7175376707239791,
                0.0033745999891049315,
                0.6960182328405738
            ]
        }
    ],
    "initial_pose": [
        {
            "robot_pose": [
                0.4784645221047523,
                0.03516201073225927,
                1.2574235033258354,
                0.7426563108787481,
                -0.01828951618031066,
                0.6693497614443905,
                -0.009899210281424783
            ],
            "object_pose": [
                0.5046037376699626,
                0.02777218894769552,
                1.1748190481839447,
                0.04373481536111976,
                -0.6944501994706866,
                0.058693661499953545,
                0.715808103111568
            ]
        },
        {
            "robot_pose": [
                0.47874327078164025,
                0.10584632971399303,
                1.2474471824292777,
                0.7408904200250208,
                -0.04470573472319897,
                0.6701048162747856,
                0.006505228923162943
            ],
            "object_pose": [
                0.5046037376699626,
                0.09777218894769552,
                1.1648190481839447,
                0.026306256012353715,
                -0.6966216231249969,
                0.032964516705916706,
                0.7161980422534348
            ]
        },
        {
            "robot_pose": [
                0.48014938437617416,
                0.18742565351039966,
                1.2277054722386713,
                0.7465496315304373,
                -0.03749413992995177,
                0.6641331777339589,
                0.013599976679215102
            ],
            "object_pose": [
                0.5046037376699626,
                0.17777218894769553,
                1.1448190481839446,
                0.02013809298371546,
                -0.6900732455133638,
                0.040127608742939,
                0.7223455876893038
            ]
        }
    ]
}