{
    "hook_path": "models/hook/Hook_bar/base.urdf",
    "obj_path": "models/geo_data/hanging_exp/scissor_98/base.urdf",
    "hook_pose": [
        0.5,
        -0.1,
        1.3,
        4.329780281177466e-17,
        0.7071067811865475,
        0.7071067811865476,
        4.329780281177467e-17
    ],
    "contact_info": [
        {
            "contact_pose": [
                [
                    0.06903062931795406,
                    -0.0009854999952949484,
                    -0.021608141678403275
                ],
                [
                    -0.03773140545510067,
                    -0.9356000917483442,
                    -0.3510396122417987
                ],
                [
                    -0.9912248266237167,
                    -0.00949406423870984,
                    0.13184538607404478
                ],
                [
                    -0.1266873479364276,
                    0.3529338905017777,
                    -0.9270318143451786
                ]
            ],
            "object_pose": [
                0.5001794430297026,
                -0.0696121276346935,
                1.238031717684025,
                -0.051646518847503875,
                -0.8208529602442957,
                -0.04147558051523876,
                0.5672854933541268
            ]
        }
    ],
    "initial_pose": [
        {
            "robot_pose": [
                0.47914979137753627,
                0.0358249724920685,
                1.2379190487639478,
                0.6934362086506294,
                -0.023792829286705633,
                0.7189724945198203,
                0.040726869886127545
            ],
            "object_pose": [
                0.5051965245219626,
                0.03241898724334503,
                1.2471848196555402,
                0.08878938767330681,
                -0.8007615536354564,
                0.11412129750338783,
                0.5812690498487534
            ]
        },
        {
            "robot_pose": [
                0.47896645238685986,
                0.10693621376330699,
                1.2289710791202166,
                0.7067154335991013,
                -0.041063673395440474,
                0.7045280623502587,
                0.0500727470895791
            ],
            "object_pose": [
                0.5051965245219626,
                0.10241898724334503,
                1.2371848196555402,
                0.07970891249434728,
                -0.7918234291757847,
                0.09589550163850426,
                0.597884770706504
            ]
        },
        {
            "robot_pose": [
                0.4788725860746117,
                0.18669887993938067,
                1.2091461421301346,
                0.7102574909970336,
                -0.02698483587984417,
                0.700207635845578,
                0.06719659082634385
            ],
            "object_pose": [
                0.5051965245219626,
                0.18241898724334504,
                1.2171848196555402,
                0.06567110293763354,
                -0.7855536028141993,
                0.11116483163749592,
                0.6051737135332244
            ]
        }
    ]
}