{
    "hook_path": "models/hook/Hook_bar/base.urdf",
    "obj_path": "models/geo_data/hanging_exp/mug_159/base.urdf",
    "hook_pose": [
        0.5,
        -0.1,
        1.3,
        4.329780281177466e-17,
        0.7071067811865475,
        0.7071067811865476,
        4.329780281177467e-17
    ],
    "contact_info": [
        {
            "contact_pose": [
                [
                    0.026545484530374704,
                    0.0267213238410349,
                    0.008085999637842173
                ],
                [
                    -0.08672940573062232,
                    -0.9538026288064216,
                    0.28764310432126355
                ],
                [
                    0.19815998850063182,
                    -0.29947818009484695,
                    -0.9332981509702614
                ],
                [
                    0.9763250632545717,
                    -0.023945039758551723,
                    0.2149790825450672
                ]
            ],
            "object_pose": [
                0.5001939755044057,
                -0.08260521456508424,
                1.2413343811180995,
                0.6045366103602295,
                -0.3500899410935543,
                0.483337853870851,
                0.52759552584797
            ]
        }
    ],
    "initial_pose": [
        {
            "robot_pose": [
                0.459137804093076,
                0.0646334861827969,
                1.2820752026049764,
                0.7556914471228582,
                -0.018878699040180896,
                0.6544285777465533,
                0.017241464454451894
            ],
            "object_pose": [
                0.5111465791643365,
                0.04086632678133681,
                1.27056685315232,
                0.5074597463188271,
                -0.3928849307631523,
                0.4935068947390527,
                0.5870067988450238
            ]
        },
        {
            "robot_pose": [
                0.4587891971176996,
                0.1330944388801484,
                1.2734838278483167,
                0.7593523130469971,
                -0.023513616566160765,
                0.6502434981011918,
                -0.00381676345615195
            ],
            "object_pose": [
                0.5111465791643365,
                0.1108663267813368,
                1.26056685315232,
                0.5250837983356865,
                -0.3940110697942703,
                0.48933822466576565,
                0.5740996285366325
            ]
        },
        {
            "robot_pose": [
                0.45848125067559864,
                0.21296900402295577,
                1.252401864410363,
                0.7605612238424688,
                0.0014143497671307236,
                0.6491343223213923,
                0.013009841902538353
            ],
            "object_pose": [
                0.5111465791643365,
                0.19086632678133683,
                1.24056685315232,
                0.5123207359532984,
                -0.37433988498145154,
                0.5041205117243023,
                0.585883626399622
            ]
        }
    ]
}