{
    "hook_path": "models/hook/Hook_bar/base.urdf",
    "obj_path": "models/geo_data/hanging_exp/mug_118/base.urdf",
    "hook_pose": [
        0.5,
        -0.1,
        1.3,
        4.329780281177466e-17,
        0.7071067811865475,
        0.7071067811865476,
        4.329780281177467e-17
    ],
    "contact_info": [
        {
            "contact_pose": [
                [
                    0.040401823039445915,
                    -0.0009398559358416952,
                    0.01553604240271235
                ],
                [
                    -0.05087177934104942,
                    -0.9226495600967646,
                    0.38226934394471457
                ],
                [
                    -0.9934838496121466,
                    0.007663266799485015,
                    -0.11371506013624583
                ],
                [
                    0.10198971823917188,
                    -0.38556330685791007,
                    -0.917027280825542
                ]
            ],
            "object_pose": [
                0.49788735446792554,
                -0.07258733148487719,
                1.2407444931150184,
                0.028382157575923658,
                -0.5535456618043181,
                0.049523008039316876,
                0.8308604727050702
            ]
        }
    ],
    "initial_pose": [
        {
            "robot_pose": [
                0.4621349279827209,
                0.07475549338084976,
                1.2871141308792977,
                0.7964949117614712,
                -0.0017986143798797464,
                0.6046179477253408,
                0.005455072208098869
            ],
            "object_pose": [
                0.5082855701630359,
                0.045574683596816434,
                1.267468850267138,
                0.008190018660087185,
                -0.571041659900254,
                0.037550876682782605,
                0.8200209009001321
            ]
        },
        {
            "robot_pose": [
                0.4615304063919406,
                0.14364279158828092,
                1.2773050408831674,
                0.7997936079761265,
                0.013267723599411418,
                0.6001268844743122,
                0.001369190335697472
            ],
            "object_pose": [
                0.5082855701630359,
                0.11557468359681643,
                1.257468850267138,
                0.011873830243385071,
                -0.5659958066689857,
                0.052679049819324406,
                0.822637633893933
            ]
        },
        {
            "robot_pose": [
                0.4615067371201263,
                0.22123788157098523,
                1.2602828707922475,
                0.8108409110792665,
                0.013046925940911605,
                0.5845586899949863,
                -0.025650196782539516
            ],
            "object_pose": [
                0.5082855701630359,
                0.19557468359681646,
                1.237468850267138,
                0.039602730901345216,
                -0.5506413979774089,
                0.053277356156310164,
                0.8320980698569335
            ]
        }
    ]
}