{
    "hook_path": "models/hook/Hook_bar/base.urdf",
    "obj_path": "models/geo_data/hanging_exp/daily_42/base.urdf",
    "hook_pose": [
        0.5,
        -0.1,
        1.3,
        4.329780281177466e-17,
        0.7071067811865475,
        0.7071067811865476,
        4.329780281177467e-17
    ],
    "contact_info": [
        {
            "contact_pose": [
                [
                    0.0479248708688723,
                    0.013425129611940294,
                    -0.0022460001055151302
                ],
                [
                    0.058885977336608886,
                    -0.9523936777551678,
                    0.29912994541686727
                ],
                [
                    -0.05879796428228143,
                    -0.30243871330846706,
                    -0.9513535746969044
                ],
                [
                    0.9965316056550199,
                    0.03843315319232196,
                    -0.07380820866491455
                ]
            ],
            "object_pose": [
                0.4991856942545119,
                -0.0802087437482272,
                1.2552860841257354,
                0.565412489764532,
                -0.44668254164947396,
                0.388471021154902,
                0.5743463146279487
            ]
        }
    ],
    "initial_pose": [
        {
            "robot_pose": [
                0.47287917137145996,
                0.02232234925031662,
                1.2658103704452515,
                0.7135398387908936,
                -0.03504975140094757,
                0.6987929344177246,
                0.036342836916446686
            ],
            "object_pose": [
                0.5099684768721736,
                0.018655098575134425,
                1.264982482049611,
                0.5681368939938599,
                -0.44339463263905765,
                0.4051030156210787,
                0.5625950730006375
            ]
        },
        {
            "robot_pose": [
                0.4760132133960724,
                0.06296142935752869,
                1.2713192701339722,
                0.7122259736061096,
                -0.029110480099916458,
                0.7005983591079712,
                0.03238452970981598
            ],
            "object_pose": [
                0.5132210427533157,
                0.0605670084283792,
                1.2706560573400072,
                0.5693841307775325,
                -0.44042284401147536,
                0.4104533066345321,
                0.5597834520279575
            ]
        },
        {
            "robot_pose": [
                0.4782126843929291,
                0.10180845111608505,
                1.277790904045105,
                0.7108839750289917,
                -0.027546832337975502,
                0.7023535370826721,
                0.02418055757880211
            ],
            "object_pose": [
                0.5154328161528129,
                0.09964843146207208,
                1.277284136320968,
                0.5739284353615771,
                -0.43983476995481663,
                0.4136166988381776,
                0.5532384229827263
            ]
        }
    ]
}