{
    "hook_path": "models/hook/Hook_bar/base.urdf",
    "obj_path": "models/geo_data/hanging_exp/wrench_10/base.urdf",
    "hook_pose": [
        0.5,
        -0.1,
        1.3,
        4.329780281177466e-17,
        0.7071067811865475,
        0.7071067811865476,
        4.329780281177467e-17
    ],
    "contact_info": [
        {
            "contact_pose": [
                [
                    -0.08800535330569458,
                    0.01880745638110003,
                    0.0021740000229328793
                ],
                [
                    -0.0005923090376150908,
                    0.944512112745461,
                    0.3284760539934526
                ],
                [
                    0.0020638030268688434,
                    -0.3284742574950689,
                    0.9445106684840195
                ],
                [
                    0.9999976949408784,
                    0.0012373520795525283,
                    -0.0017547286858601296
                ]
            ],
            "object_pose": [
                0.5004769828976775,
                -0.08004853294054576,
                1.2005428222426073,
                0.5770132600512474,
                0.40948061463860264,
                -0.40998487684116586,
                0.5755812060185407
            ]
        }
    ],
    "initial_pose": [
        {
            "robot_pose": [
                0.4581216589599635,
                0.029045007968278667,
                1.2278049486598803,
                0.6996251759035623,
                -0.11011617880769259,
                0.7054708399395748,
                -0.026644594229461988
            ],
            "object_pose": [
                0.5034460380836686,
                0.0320718541122942,
                1.2013633521998461,
                0.6042700591037656,
                0.4409859882624732,
                -0.3623461186182429,
                0.5559625384404923
            ]
        },
        {
            "robot_pose": [
                0.4573671450144031,
                0.09913028073290693,
                1.2164771317530927,
                0.6887015627790677,
                -0.12201752453496012,
                0.7140445336894472,
                -0.03069666171182687
            ],
            "object_pose": [
                0.5034460380836686,
                0.10207185411229419,
                1.1913633521998461,
                0.6181000228610574,
                0.432881477766271,
                -0.3530941846725151,
                0.553073670225316
            ]
        },
        {
            "robot_pose": [
                0.4573657461311169,
                0.1812662071612717,
                1.196633429177214,
                0.68897364794017,
                -0.101553340099869,
                0.7176245471133496,
                -0.004152220964119623
            ],
            "object_pose": [
                0.5034460380836686,
                0.1820718541122942,
                1.171363352199846,
                0.6013273310370341,
                0.4180000682387777,
                -0.37026555279847106,
                0.5714759875192456
            ]
        }
    ]
}