{
    "hook_path": "models/hook/Hook_bar/base.urdf",
    "obj_path": "models/geo_data/hanging_exp/mug_112/base.urdf",
    "hook_pose": [
        0.5,
        -0.1,
        1.3,
        4.329780281177466e-17,
        0.7071067811865475,
        0.7071067811865476,
        4.329780281177467e-17
    ],
    "contact_info": [
        {
            "contact_pose": [
                [
                    0.04455198224018723,
                    0.018200691498705412,
                    0.00161499995738268
                ],
                [
                    0.19257635340039359,
                    -0.8962793509053086,
                    0.39949677502048175
                ],
                [
                    -0.3229591818031383,
                    -0.4423263479898064,
                    -0.8366867805595163
                ],
                [
                    0.9266130341194506,
                    0.03210493754485973,
                    -0.3746432409442167
                ]
            ],
            "object_pose": [
                0.49505034419011723,
                -0.05554181295911531,
                1.2366727719129755,
                0.52646047590541,
                -0.4887656248979454,
                0.24770905596663206,
                0.6500675002026252
            ]
        }
    ],
    "initial_pose": [
        {
            "robot_pose": [
                0.48835046294624046,
                0.07013972856931366,
                1.2836440650081802,
                0.8341678059944808,
                0.014662470231268045,
                0.5472914474398017,
                -0.0664917661693385
            ],
            "object_pose": [
                0.5337179086089086,
                0.043004505226805954,
                1.2635148160927372,
                0.5586261516652582,
                -0.4125699938643885,
                0.5097464966583853,
                0.5078201768174491
            ]
        },
        {
            "robot_pose": [
                0.4896157340705023,
                0.1426416561445719,
                1.2729145485693538,
                0.834488240965324,
                0.001844725371058093,
                0.5492308411508242,
                -0.04440107890201295
            ],
            "object_pose": [
                0.5337179086089086,
                0.11300450522680594,
                1.2535148160927372,
                0.542730785732726,
                -0.41988645214353804,
                0.5031581662578077,
                0.5253289647947563
            ]
        },
        {
            "robot_pose": [
                0.48814842345977566,
                0.2211044436558147,
                1.2517775545848597,
                0.8234148666122114,
                0.008328679790673092,
                0.5642425676040765,
                -0.05957277430586542
            ],
            "object_pose": [
                0.5337179086089086,
                0.19300450522680596,
                1.2335148160927372,
                0.5436209263112891,
                -0.42739998597454026,
                0.5160845163958034,
                0.5054327971174096
            ]
        }
    ]
}