{
    "hook_path": "models/hook/Hook_bar/base.urdf",
    "obj_path": "models/geo_data/hanging_exp/mug_70/base.urdf",
    "hook_pose": [
        0.5,
        -0.1,
        1.3,
        4.329780281177466e-17,
        0.7071067811865475,
        0.7071067811865476,
        4.329780281177467e-17
    ],
    "contact_info": [
        {
            "contact_pose": [
                [
                    0.043908985564637376,
                    -0.0008501556657093956,
                    -0.004129345917491739
                ],
                [
                    -0.001202035086940223,
                    -0.9957597321396174,
                    0.09198429736040703
                ],
                [
                    -0.0026778557259692914,
                    -0.09198082877480179,
                    -0.9957571773412492
                ],
                [
                    0.9999956920909017,
                    -0.0014432557426225512,
                    -0.0025559367168865865
                ]
            ],
            "object_pose": [
                0.5002178682824142,
                -0.060746284373787554,
                1.2417899980075193,
                0.5215034002506157,
                -0.47677308612770397,
                0.47612527307848473,
                0.523475264178977
            ]
        }
    ],
    "initial_pose": [
        {
            "robot_pose": [
                0.4643014654293046,
                0.0731738326183759,
                1.2631818317799843,
                0.7338747160728514,
                -0.0047756973657079255,
                0.6790636298203726,
                0.01666374744296232
            ],
            "object_pose": [
                0.5124365547470693,
                0.04455672306259616,
                1.2600626361249407,
                0.5307421000469453,
                -0.4374255575033719,
                0.5272836459931567,
                0.4989425433341861
            ]
        },
        {
            "robot_pose": [
                0.4653711330575995,
                0.14490875278212828,
                1.253104927627764,
                0.7264530696186661,
                -0.030026536643534,
                0.6863273735905773,
                0.01786283849426075
            ],
            "object_pose": [
                0.5124365547470693,
                0.11455672306259615,
                1.2500626361249407,
                0.5244694925630252,
                -0.46135922635937504,
                0.5161553058225782,
                0.49564414239952725
            ]
        },
        {
            "robot_pose": [
                0.46595231164714823,
                0.22592819303369321,
                1.2309000009027526,
                0.7230758371409262,
                -0.01580123230444535,
                0.6889975543343199,
                0.04684041974551301
            ],
            "object_pose": [
                0.5124365547470693,
                0.19455672306259617,
                1.2300626361249407,
                0.5027989224257361,
                -0.451729275454741,
                0.5270441146191601,
                0.5151295046393274
            ]
        }
    ]
}