{
    "hook_path": "models/hook/Hook_bar/base.urdf",
    "obj_path": "models/geo_data/hanging_exp/bag_5/base.urdf",
    "hook_pose": [
        0.5,
        -0.1,
        1.3,
        4.329780281177466e-17,
        0.7071067811865475,
        0.7071067811865476,
        4.329780281177467e-17
    ],
    "contact_info": [
        {
            "contact_pose": [
                [
                    0.0030464389947997142,
                    0.046400229091211276,
                    0.007981911891054226
                ],
                [
                    -0.998283840822038,
                    0.01362614416146124,
                    -0.05695350163853671
                ],
                [
                    -0.009514521581390989,
                    -0.9973700598562049,
                    -0.07185010495126298
                ],
                [
                    -0.05778275722632997,
                    -0.07118491341373773,
                    0.9957880603168535
                ]
            ],
            "object_pose": [
                0.5002608999718748,
                -0.08172806162387493,
                1.2320162911512527,
                0.46431321954213584,
                0.49881938359645517,
                0.5288250876875272,
                0.5059016538213212
            ]
        }
    ],
    "initial_pose": [
        {
            "robot_pose": [
                0.4651187062263489,
                0.023856787011027336,
                1.2450807094573975,
                0.7044188380241394,
                -0.13098858296871185,
                0.6952707171440125,
                -0.05687468871474266
            ],
            "object_pose": [
                0.5115154170535089,
                0.020843948891368966,
                1.2514280349948725,
                0.4814396815556386,
                0.4009430364369605,
                0.6343697364210223,
                0.452808515897656
            ]
        },
        {
            "robot_pose": [
                0.4670643210411072,
                0.07685070484876633,
                1.2425864934921265,
                0.7149780988693237,
                -0.037536218762397766,
                0.69782954454422,
                0.02076774276793003
            ],
            "object_pose": [
                0.5140657180627818,
                0.08174544230940155,
                1.248589305924098,
                0.39807977955193435,
                0.47405525370072693,
                0.6102974602565221,
                0.4943087249432905
            ]
        },
        {
            "robot_pose": [
                0.467364639043808,
                0.11164005845785141,
                1.2418897151947021,
                0.7113275527954102,
                -0.07965883612632751,
                0.6977110505104065,
                -0.029444003477692604
            ],
            "object_pose": [
                0.5141860621178289,
                0.1132984173107922,
                1.248391623264901,
                0.42889421691657525,
                0.43330299954126894,
                0.6449934842123987,
                0.4607403461903538
            ]
        }
    ]
}