{
    "hook_path": "models/hook_1120/Hook_skew#9/base.urdf",
    "obj_path": "models/geo_data/hanging_exp/daily_5/base.urdf",
    "hook_pose": [
        0.5,
        -0.1,
        1.3,
        4.329780281177466e-17,
        0.7071067811865475,
        0.7071067811865476,
        4.329780281177467e-17
    ],
    "contact_info": [
        {
            "contact_point_hook": [
                0.0011901878501663354,
                0.003991439497474714,
                0.015170140520362686,
                1.0
            ],
            "contact_point_obj": [
                0.00320217483317449,
                0.0028854713982099933,
                0.04124326590196681,
                1.0
            ],
            "obj_pose": [
                0.5011345791998669,
                -0.08708822647256019,
                1.2626503934560305,
                0.012882069002964113,
                -0.0032283007239638866,
                0.707443919379452,
                0.7066446994817679
            ]
        }
    ]
}