{
    "hook_path": "models/hook_1120/Hook_skew#26/base.urdf",
    "obj_path": "models/geo_data/hanging_exp/daily_5/base.urdf",
    "hook_pose": [
        0.5,
        -0.1,
        1.3,
        4.329780281177466e-17,
        0.7071067811865475,
        0.7071067811865476,
        4.329780281177467e-17
    ],
    "contact_info": [
        {
            "contact_point_hook": [
                0.0020380138343331633,
                0.0013417115375449207,
                0.018405361821203895,
                1.0
            ],
            "contact_point_obj": [
                0.0026451344846705194,
                0.0021260868609491723,
                0.04096569489947899,
                1.0
            ],
            "obj_pose": [
                0.5002189945897313,
                -0.07772286527092409,
                1.2604807224660228,
                0.055019586709105325,
                -0.057271104196934465,
                0.7047379920598698,
                0.7050086724642798
            ]
        }
    ]
}