{
    "hook_path": "models/hook_all_new/Hook_hsr_56_normal/base.urdf",
    "obj_path": "models/everyday_objects_50/cooking_310/base.urdf",
    "hook_pose": [
        0.5,
        -0.1,
        1.3,
        4.329780281177466e-17,
        0.7071067811865475,
        0.7071067811865476,
        4.329780281177467e-17
    ],
    "contact_info": [
        {
            "contact_point_hook": [
                0.002593755725223079,
                0.0066516765964166336,
                0.0226219188089169,
                1.0
            ],
            "obj_pose": [
                0.5030660668441418,
                -0.07926331905234259,
                1.2155992368711857,
                0.709092472754995,
                -0.011739990178089976,
                0.008689484138889661,
                0.7049642051751459
            ],
            "contact_point_obj": [
                -0.0030364830389434383,
                0.09116557290349192,
                -0.0023984539101982658,
                1.0
            ]
        }
    ],
    "initial_pose": [
        {
            "robot_pose": [
                0.5140159130096436,
                0.023352274671196938,
                1.244109869003296,
                0.7135145664215088,
                -0.05419760197401047,
                0.6958998441696167,
                0.06068732589483261
            ],
            "obj_pose": [
                0.5507083965426048,
                0.01519628620367873,
                1.204992128703724,
                0.6921502942690237,
                -0.029002440757002264,
                0.03553009639577563,
                0.7202946902647189
            ]
        },
        {
            "robot_pose": [
                0.508553647968468,
                0.02470511894077458,
                1.212951238282284,
                0.7073969548540229,
                -0.055418220647947464,
                0.7008598256374383,
                0.07289632289032524
            ],
            "obj_pose": [
                0.545639218793344,
                0.01519628620367873,
                1.1745155954697233,
                0.6854241372358053,
                -0.0403942643977021,
                0.03399323274779975,
                0.7262275921676856
            ]
        },
        {
            "robot_pose": [
                0.5031154534835112,
                0.023276390690999745,
                1.2433261142236205,
                0.7192643662320743,
                -0.07064865921824606,
                0.688443161791967,
                0.060938915327695575
            ],
            "obj_pose": [
                0.5389531536968529,
                0.01519628620367873,
                1.2034083580650345,
                0.7006318199541015,
                -0.03176248421491646,
                0.02072212245038243,
                0.7125144146650312
            ]
        },
        {
            "robot_pose": [
                0.5075079140802701,
                0.024147123872039933,
                1.2764378076678986,
                0.706101731398611,
                -0.03807417163993139,
                0.7038634772542697,
                0.06743076269288989
            ],
            "obj_pose": [
                0.5450520379022041,
                0.01519628620367873,
                1.2383146208477804,
                0.6796835526503806,
                -0.03046480612693199,
                0.04755135147649554,
                0.7313282661137641
            ]
        },
        {
            "robot_pose": [
                0.5164030571826513,
                0.02369893933773812,
                1.2700397464760873,
                0.706276017103885,
                -0.04112772691003855,
                0.703903487720671,
                0.06326592856950163
            ],
            "obj_pose": [
                0.5539814862233382,
                0.01519628620367873,
                1.23184782766648,
                0.6834155440435126,
                -0.0303710851142025,
                0.04815275235942766,
                0.7278063642129734
            ]
        },
        {
            "robot_pose": [
                0.5649795223566256,
                0.022450960787701018,
                1.272399947006914,
                0.7167274624313063,
                -0.06665454883420335,
                0.6921470496732669,
                0.05283348696689832
            ],
            "obj_pose": [
                0.6013245638951346,
                0.01519628620367873,
                1.2327834888854754,
                0.7026660072490905,
                -0.02923829597297304,
                0.030013295574487432,
                0.7102850177175192
            ]
        },
        {
            "robot_pose": [
                0.5594918175703069,
                0.023058653351063805,
                1.2455510248672992,
                0.7116796351942352,
                -0.04307931393717341,
                0.6988094994332088,
                0.05763291648364518
            ],
            "obj_pose": [
                0.5965683119515612,
                0.01519628620367873,
                1.2067364290420142,
                0.6880960234329024,
                -0.02382622865322519,
                0.044965594135873733,
                0.7238330392486922
            ]
        },
        {
            "robot_pose": [
                0.5620538248745671,
                0.025057207483016805,
                1.2334553188027821,
                0.7075245971157468,
                -0.0501712459241098,
                0.7007801393138188,
                0.07615107945346279
            ],
            "obj_pose": [
                0.5991126963637395,
                0.01519628620367873,
                1.195082693438919,
                0.6811602617523764,
                -0.03869460816641743,
                0.03478766336943516,
                0.7302829887006655
            ]
        },
        {
            "robot_pose": [
                0.5166109138768782,
                0.025072812545455285,
                1.2126439758410783,
                0.7126206580086516,
                -0.05960269629295645,
                0.6947741389893533,
                0.0768648955344936
            ],
            "obj_pose": [
                0.552971648599851,
                0.01519628620367873,
                1.1736131252268591,
                0.6860329606542204,
                -0.03873859034982942,
                0.024274119787164754,
                0.7261328154148327
            ]
        }
    ]
}