{
    "hook_path": "models/hook_1120/Hook136#22/base.urdf",
    "obj_path": "models/geo_data/hanging_exp/daily_5/base.urdf",
    "hook_pose": [
        0.5,
        -0.1,
        1.3,
        0.0,
        0.0,
        -0.7071067811865475,
        0.7071067811865476
    ],
    "contact_info": [
        {
            "contact_point_hook": [
                -0.007362884229754072,
                -0.03997724719646145,
                -0.012693179232299734,
                1.0
            ],
            "contact_point_obj": [
                -0.004426657614214166,
                0.005004396522711008,
                0.0431599706158845,
                1.0
            ],
            "obj_pose": [
                0.45743249413742054,
                -0.09814562705756466,
                1.2440590554012203,
                0.010428600863422325,
                -0.025094382119895512,
                -0.689405348654822,
                0.7238658587861259
            ]
        }
    ]
}