{
    "hook_path": "models/hook/Hook122#4/base.urdf",
    "obj_path": "models/geo_data/hanging_exp/daily_5/base.urdf",
    "hook_pose": [
        0.5,
        -0.1,
        1.3,
        0.7071067811865476,
        -0.7071067811865475,
        -4.329780281177466e-17,
        4.329780281177467e-17
    ],
    "contact_info": [
        {
            "contact_point_hook": [
                -0.006184044346388293,
                -0.00044802121912695947,
                0.03914332467264625,
                1.0
            ],
            "contact_point_obj": [
                -0.004136714815118445,
                -5.385062275664598e-05,
                0.04285622000049938,
                1.0
            ],
            "obj_pose": [
                0.5014265016815124,
                -0.09801416275325432,
                1.2180175747857265,
                -0.0006444240968035815,
                -0.002069245307318236,
                -0.6328350031154787,
                0.7742836442630527
            ]
        }
    ]
}