{
    "hook_path": "models/hook/Hook186#16/base.urdf",
    "obj_path": "models/geo_data/hanging_exp/daily_5/base.urdf",
    "hook_pose": [
        0.5,
        -0.1,
        1.3,
        -0.5,
        0.5,
        0.4999999999999999,
        0.5000000000000001
    ],
    "contact_info": [
        {
            "contact_point_hook": [
                -0.016218370567204987,
                5.3179961761296024e-05,
                0.007540267443729279,
                1.0
            ],
            "contact_point_obj": [
                -0.0015043700204740405,
                0.0032551534228953127,
                0.040504685735309964,
                1.0
            ],
            "obj_pose": [
                0.49330515644216155,
                -0.09172761473593066,
                1.2761080099647992,
                0.07948672703608838,
                0.09263230027413567,
                0.7053860386198357,
                0.6982346694996091
            ]
        }
    ]
}