{
    "hook_path": "models/hook/Hook136#16/base.urdf",
    "obj_path": "models/geo_data/hanging_exp/daily_5/base.urdf",
    "hook_pose": [
        0.5,
        -0.1,
        1.3,
        0.0,
        0.0,
        -0.7071067811865475,
        0.7071067811865476
    ],
    "contact_info": [
        {
            "contact_point_hook": [
                -0.00560347974485288,
                -0.04974223391706717,
                -0.0129229588235098,
                1.0
            ],
            "contact_point_obj": [
                -0.004186697529011435,
                0.00187556667820854,
                0.04292115893815596,
                1.0
            ],
            "obj_pose": [
                0.4522814130333428,
                -0.09845071585452571,
                1.2441498886711078,
                0.029764696912071262,
                -0.02770554510660088,
                -0.6711267062778534,
                0.7402265934892629
            ]
        }
    ]
}