{
    "hook_path": "models/hook/Hook_bar#10/base.urdf",
    "obj_path": "models/geo_data/hanging_exp/daily_5/base.urdf",
    "hook_pose": [
        0.5,
        -0.1,
        1.3,
        4.329780281177466e-17,
        0.7071067811865475,
        0.7071067811865476,
        4.329780281177467e-17
    ],
    "contact_info": [
        {
            "contact_point_hook": [
                0.0009901437296832571,
                -0.0024127597618059937,
                0.02477850838024991,
                1.0
            ],
            "contact_point_obj": [
                0.0005915680793710867,
                -0.003548779517304479,
                0.040641736135159645,
                1.0
            ],
            "obj_pose": [
                0.5010647155477778,
                -0.07480234988929677,
                1.256840505663574,
                -0.013471951684863787,
                0.012913260975275339,
                -0.7244523954770292,
                0.6890721884508032
            ]
        }
    ]
}