{
    "hook_path": "models/hook_1120/Hook_skew#14/base.urdf",
    "obj_path": "models/geo_data/hanging_exp/daily_5/base.urdf",
    "hook_pose": [
        0.5,
        -0.1,
        1.3,
        4.329780281177466e-17,
        0.7071067811865475,
        0.7071067811865476,
        4.329780281177467e-17
    ],
    "contact_info": [
        {
            "contact_point_hook": [
                -0.00019881904255591998,
                0.0015488619161854178,
                0.018372663491538575,
                1.0
            ],
            "contact_point_obj": [
                0.002864461094595483,
                0.002974519923530816,
                0.041062509151874815,
                1.0
            ],
            "obj_pose": [
                0.5034235108488575,
                -0.079041477305577,
                1.2604867472735741,
                0.04460183461835587,
                -0.04889345461948209,
                0.7065837451793411,
                0.7045278684994551
            ]
        }
    ]
}