{
    "hook_path": "models/hook_1120/Hook40#5/base.urdf",
    "obj_path": "models/geo_data/hanging_exp/daily_5/base.urdf",
    "hook_pose": [
        0.5,
        -0.1,
        1.3,
        0.0,
        0.0,
        -0.7071067811865475,
        0.7071067811865476
    ],
    "contact_info": [
        {
            "contact_point_hook": [
                0.0012089514191387521,
                0.004151947763333164,
                -0.04350369838332324,
                1.0
            ],
            "contact_point_obj": [
                0.003975899018407839,
                0.001363602515329132,
                0.04233136059465514,
                1.0
            ],
            "obj_pose": [
                0.5034393906576924,
                -0.10447454872977695,
                1.2140882904490322,
                0.023133010038544944,
                0.011260848747076493,
                0.7054460705339188,
                0.7082964765550548
            ]
        }
    ]
}