{
    "hook_path": "models/hook_1120/Hook_180#24/base.urdf",
    "obj_path": "models/geo_data/hanging_exp/daily_5/base.urdf",
    "hook_pose": [
        0.5,
        -0.1,
        1.3,
        4.329780281177466e-17,
        0.7071067811865475,
        0.7071067811865476,
        4.329780281177467e-17
    ],
    "contact_info": [
        {
            "contact_point_hook": [
                -0.0012772958151359148,
                -0.012691517666115537,
                0.031244504965604047,
                1.0
            ],
            "contact_point_obj": [
                -0.004930314706997521,
                0.0014429068296659686,
                0.04712779280145596,
                1.0
            ],
            "obj_pose": [
                0.4991255748686524,
                -0.07279046270872809,
                1.2401225949267196,
                0.0025211730981162857,
                0.00939487131686257,
                -0.7265238370311937,
                0.687072408341814
            ]
        }
    ]
}