{
    "hook_path": "models/hook_all_new/Hook_hs_190_easy/base.urdf",
    "obj_path": "models/everyday_objects_50/tool_127/base.urdf",
    "hook_pose": [
        0.5,
        -0.1,
        1.3,
        4.329780281177466e-17,
        0.7071067811865475,
        0.7071067811865476,
        4.329780281177467e-17
    ],
    "contact_info": [
        {
            "contact_point_hook": [],
            "obj_pose": [
                0.5280171549054861,
                -0.061403281389433295,
                1.209749176525418,
                0.7058205628948144,
                -0.11101103224395142,
                0.14460784814767635,
                0.684530827625081
            ],
            "contact_point_obj": []
        }
    ],
    "initial_pose": [
        {
            "robot_pose": [
                0.49673694372177124,
                0.03004460223019123,
                1.2731558084487915,
                0.7115980386734009,
                -0.05817313492298126,
                0.6984204649925232,
                0.049527473747730255
            ],
            "obj_pose": [
                0.5447502140793534,
                0.021733026249548853,
                1.2186576760197447,
                0.6976513270007271,
                -0.0705960083290706,
                -0.0337874807358594,
                0.7121497284192773
            ]
        },
        {
            "robot_pose": [
                0.48870353312844667,
                0.029507772419859815,
                1.2405149888615532,
                0.7028462511617134,
                -0.05219872745739927,
                0.7080068443856464,
                0.04481906271702786
            ],
            "obj_pose": [
                0.5382284388687357,
                0.021733026249548853,
                1.1873055921597588,
                0.6972471693571873,
                -0.07460839987883039,
                -0.019302477548333134,
                0.7126762138947857
            ]
        },
        {
            "robot_pose": [
                0.4829864074531812,
                0.030265082312181658,
                1.275429806762154,
                0.712880672949734,
                -0.06662405113594276,
                0.6961996335519618,
                0.05165706328357955
            ],
            "obj_pose": [
                0.5306343249253996,
                0.021733026249548853,
                1.2206458415545225,
                0.7002781532958949,
                -0.07414258139721586,
                -0.04099833924525057,
                0.7088247469010798
            ]
        },
        {
            "robot_pose": [
                0.4867833326254333,
                0.02928294618087602,
                1.3058042407632475,
                0.7128679977942205,
                -0.07759995876238497,
                0.6955039832814659,
                0.04551563863717498
            ],
            "obj_pose": [
                0.5344272429314932,
                0.021733026249548853,
                1.2508728345938722,
                0.7085289236601957,
                -0.07649964366926128,
                -0.04408874250183242,
                0.7001362379137419
            ]
        },
        {
            "robot_pose": [
                0.4923777136923596,
                0.031336737563042505,
                1.2989701820495394,
                0.7138346770803746,
                -0.05886262159093368,
                0.6953613850515342,
                0.058717882763361345
            ],
            "obj_pose": [
                0.5398034277231644,
                0.021733026249548853,
                1.2441707911620339,
                0.6928753469924565,
                -0.0726036144693233,
                -0.04127191053377688,
                0.7162046481955873
            ]
        },
        {
            "robot_pose": [
                0.5483980424444407,
                0.03178164650166599,
                1.3071971930426525,
                0.7048750860379212,
                -0.0611132311583725,
                0.704046186924761,
                0.06111671405696697
            ],
            "obj_pose": [
                0.5971053300661238,
                0.021733026249548853,
                1.2536152163384138,
                0.692242792535717,
                -0.08382314641253952,
                -0.03493430486202232,
                0.7159282021625225
            ]
        },
        {
            "robot_pose": [
                0.5424127713190484,
                0.029799513517759613,
                1.2731864971869244,
                0.7032060792036469,
                -0.04797945441475467,
                0.7078270547410062,
                0.046690927403185284
            ],
            "obj_pose": [
                0.5918927493045323,
                0.021733026249548853,
                1.2199787305952507,
                0.6943015677423353,
                -0.0730630323082301,
                -0.01827227880339407,
                0.7157326666904291
            ]
        },
        {
            "robot_pose": [
                0.5444635773362676,
                0.031906356289073484,
                1.2596865731758138,
                0.7023003304342729,
                -0.057236499219212575,
                0.7068988330217715,
                0.061581400613316455
            ],
            "obj_pose": [
                0.5935996833632571,
                0.021733026249548853,
                1.206521271480276,
                0.6901337414930446,
                -0.08481074655610425,
                -0.030452317884561545,
                0.7180495891349464
            ]
        },
        {
            "robot_pose": [
                0.49196769708736654,
                0.03045493233146364,
                1.2406651908542998,
                0.7016140597093823,
                -0.06290173204421287,
                0.7078898088193297,
                0.051702049221380955
            ],
            "obj_pose": [
                0.5413838164940883,
                0.021733026249548853,
                1.1875014968418904,
                0.6981955538278405,
                -0.0838907094678201,
                -0.02775053366423213,
                0.7104331251858765
            ]
        }
    ]
}