{
    "hook_path": "models/hook_1120/Hook84#2/base.urdf",
    "obj_path": "models/geo_data/hanging_exp/daily_5/base.urdf",
    "hook_pose": [
        0.5,
        -0.1,
        1.3,
        0.0,
        0.0,
        -0.7071067811865475,
        0.7071067811865476
    ],
    "contact_info": [
        {
            "contact_point_hook": [
                -0.013734259316466768,
                0.0009292679544863347,
                -0.031494508237581265,
                1.0
            ],
            "contact_point_obj": [
                0.002012935651435531,
                -0.003192690221229477,
                0.04064580784479932,
                1.0
            ],
            "obj_pose": [
                0.5007812219680727,
                -0.08566999575490708,
                1.2276894404283194,
                -0.04085505142491296,
                0.020323248935313343,
                -0.7575533687047084,
                0.6511764153360662
            ]
        }
    ]
}