{
    "hook_path": "models/hook_1120/Hook40#25/base.urdf",
    "obj_path": "models/geo_data/hanging_exp/daily_5/base.urdf",
    "hook_pose": [
        0.5,
        -0.1,
        1.3,
        0.0,
        0.0,
        -0.7071067811865475,
        0.7071067811865476
    ],
    "contact_info": [
        {
            "contact_point_hook": [
                0.002556959775790886,
                -0.005578723314054679,
                -0.044120909569253186,
                1.0
            ],
            "contact_point_obj": [
                0.003912888668289163,
                0.007789019107347861,
                0.04152341599683829,
                1.0
            ],
            "obj_pose": [
                0.5044262481972722,
                -0.1079218370023201,
                1.2149976492889114,
                -0.027808145355623058,
                -0.01802046841650638,
                0.670920438328446,
                0.7407885900870074
            ]
        }
    ]
}