{
    "hook_path": "models/hook_1120/Hook35#15/base.urdf",
    "obj_path": "models/geo_data/hanging_exp/daily_5/base.urdf",
    "hook_pose": [
        0.5,
        -0.1,
        1.3,
        0.0,
        0.0,
        -0.7071067811865475,
        0.7071067811865476
    ],
    "contact_info": [
        {
            "contact_point_hook": [
                0.0026552783702079724,
                0.0005897850642657687,
                0.0213167166050503,
                1.0
            ],
            "contact_point_obj": [
                -0.000514066196842522,
                9.302759234108837e-06,
                0.04062421234132341,
                1.0
            ],
            "obj_pose": [
                0.49020376113096253,
                -0.10157733665355506,
                1.2820540176725859,
                -0.08445212511011017,
                0.0979148248998158,
                -0.7543026173521664,
                0.64366768373509
            ]
        }
    ]
}