{
    "hook_path": "models/hook_1120/Hook35#16/base.urdf",
    "obj_path": "models/geo_data/hanging_exp/daily_5/base.urdf",
    "hook_pose": [
        0.5,
        -0.1,
        1.3,
        0.0,
        0.0,
        -0.7071067811865475,
        0.7071067811865476
    ],
    "contact_info": [
        {
            "contact_point_hook": [
                0.0010045796974950396,
                0.0005477990190227988,
                0.025337825401274605,
                1.0
            ],
            "contact_point_obj": [
                -0.0012545357460671813,
                0.0008433772977065046,
                0.04065706784115597,
                1.0
            ],
            "obj_pose": [
                0.49685856804252293,
                -0.10095155279534852,
                1.2848203097618074,
                -0.01517192706839676,
                0.032975816402483926,
                -0.7492975905038446,
                0.6612378762795986
            ]
        }
    ]
}