{
    "file": "models/everyday_objects/daily_97/base.urdf",
    "contact_pose": [
        0.000718220389333224,
        0.03929694705466669,
        -0.0007625190126463628,
        0.5076368933155997,
        0.49202513258376573,
        0.5152867473093937,
        -0.4844539415652629
    ],
    "obj_pose": [
        0.5012568576389248,
        -0.053908357695114664,
        1.259955751068951,
        0.7071174680127451,
        -0.011492421680719471,
        0.02239948382305055,
        0.706647772089899
    ],
    "initial_pose": [
        {
            "robot_pose": [
                0.5339733362197876,
                0.08931335806846619,
                1.2320196628570557,
                0.7152560353279114,
                -0.04319840297102928,
                0.6956200003623962,
                0.05153172090649605
            ],
            "obj_pose": [
                0.5660329987237707,
                0.08443832569300101,
                1.2399442212263294,
                0.6904536494723569,
                -0.02308491154549167,
                -0.02878086581789025,
                0.722435122728687
            ]
        },
        {
            "robot_pose": [
                0.5037992366715653,
                0.08968144859533027,
                1.198857213666357,
                0.7184171653820821,
                -0.04599568441096852,
                0.6917037576769758,
                0.05750726141533833
            ],
            "obj_pose": [
                0.5358754161476906,
                0.08443832569300101,
                1.2064739648324132,
                0.6886969696140082,
                -0.02374350860242694,
                -0.03676032747148478,
                0.7237274405243437
            ]
        },
        {
            "robot_pose": [
                0.5033077929906435,
                0.08815042844127102,
                1.2346397652703636,
                0.7137721663367655,
                -0.02879448944653719,
                0.6985513124380931,
                0.04154799431321962
            ],
            "obj_pose": [
                0.5354710787480734,
                0.08443832569300101,
                1.2427717925914776,
                0.6885987315131908,
                -0.013237122650492324,
                -0.014236615964040782,
                0.7248819795720216
            ]
        },
        {
            "robot_pose": [
                0.5079523572945647,
                0.08927300607136969,
                1.26204680195278,
                0.708686446625777,
                -0.03588354035543291,
                0.7017459250544212,
                0.06347084819036578
            ],
            "obj_pose": [
                0.5398494744951784,
                0.08443832569300101,
                1.2706250480327477,
                0.6802388222371971,
                -0.031413107416802914,
                -0.025081181411919437,
                0.7318874884452895
            ]
        },
        {
            "robot_pose": [
                0.5375035707914734,
                0.088466732587287,
                1.2593545863355171,
                0.7137953900144725,
                -0.028347015459160865,
                0.697864029411659,
                0.051753109684042474
            ],
            "obj_pose": [
                0.5696272592577295,
                0.08443832569300101,
                1.2674925899663927,
                0.6829687998576306,
                -0.01745858880904278,
                -0.019655933564409984,
                0.729974287474248
            ]
        },
        {
            "robot_pose": [
                0.5600818395422503,
                0.08963190327003129,
                1.2625880998015144,
                0.7192673155009416,
                -0.04741779416948647,
                0.6910381819248388,
                0.053593962068339523
            ],
            "obj_pose": [
                0.5921877959309505,
                0.08443832569300101,
                1.2701127820006113,
                0.6915051866782052,
                -0.021857520346728897,
                -0.03618578908232543,
                0.7211334233482196
            ]
        },
        {
            "robot_pose": [
                0.55913842272717,
                0.08932929927846353,
                1.2354751108941353,
                0.7264093952872606,
                -0.046158683910698474,
                0.6841351006693758,
                0.046453529146146415
            ],
            "obj_pose": [
                0.5914414334124736,
                0.08443832569300101,
                1.2423293361552878,
                0.6948196879109206,
                -0.0107149418700194,
                -0.038761858544025835,
                0.7180587090442578
            ]
        },
        {
            "robot_pose": [
                0.5643155709935187,
                0.08992774376808323,
                1.2040631535332889,
                0.7238011367008755,
                -0.05276788652010287,
                0.6859345665154872,
                0.053115300262097175
            ],
            "obj_pose": [
                0.5964780409337176,
                0.08443832569300101,
                1.2111220728855634,
                0.6944300617423235,
                -0.01948228161567246,
                -0.043353034277918416,
                0.7179887495431234
            ]
        },
        {
            "robot_pose": [
                0.5332587804568277,
                0.08936472975933882,
                1.2025475366587899,
                0.7049810698844801,
                -0.04263348710119676,
                0.7058209242789416,
                0.05478046852799428
            ],
            "obj_pose": [
                0.5650612621239183,
                0.08443832569300101,
                1.2114199223959345,
                0.6880839214597568,
                -0.03472560789971309,
                -0.02011846421051522,
                0.7245204597403506
            ]
        }
    ]
}