{
    "hook_path": "models/hook_1120/Hook57#25/base.urdf",
    "obj_path": "models/geo_data/hanging_exp/daily_5/base.urdf",
    "hook_pose": [
        0.5,
        -0.1,
        1.3,
        0.0,
        0.0,
        -0.7071067811865475,
        0.7071067811865476
    ],
    "contact_info": [
        {
            "contact_point_hook": [
                -0.012761631381215874,
                0.0026383975364865364,
                -0.03268933475620206,
                1.0
            ],
            "contact_point_obj": [
                -0.0029541068076628235,
                0.003356121676980406,
                0.0413772395335017,
                1.0
            ],
            "obj_pose": [
                0.5027638822140372,
                -0.0905548019237286,
                1.225825104202827,
                0.02513888621933913,
                -0.028290037745804988,
                -0.6668222878084422,
                0.7442551623239889
            ]
        }
    ]
}