{
    "hook_path": "models/hook/Hook23#17/base.urdf",
    "obj_path": "models/geo_data/hanging_exp/daily_5/base.urdf",
    "hook_pose": [
        0.5,
        -0.1,
        1.3,
        0.0,
        0.0,
        -0.7071067811865475,
        0.7071067811865476
    ],
    "contact_info": [
        {
            "contact_point_hook": [
                -0.009874320415294815,
                -0.05071810473076277,
                0.003424289598928487,
                1.0
            ],
            "contact_point_obj": [
                -0.003447129063258947,
                -0.0017915127985082824,
                0.04169284204764567,
                1.0
            ],
            "obj_pose": [
                0.4458172365247268,
                -0.09433387073495557,
                1.2619071538364153,
                -0.05752375063125241,
                0.04868157358085527,
                -0.6005301913126929,
                0.796043096715841
            ]
        }
    ]
}