{
    "file": "models/everyday_objects/mug_128/base.urdf",
    "contact_pose": [
        -0.031039948700694375,
        0.029682536336160803,
        0.012067997616042075,
        0.31944981629435837,
        0.6181117231631374,
        0.5225263096107157,
        -0.492804188621002
    ],
    "obj_pose": [
        0.49646436374269043,
        -0.06982942934345074,
        1.2476931734231747,
        0.6618442121499754,
        0.21176750792361734,
        0.020502355085523172,
        0.718815981227008
    ],
    "initial_pose": [
        {
            "robot_pose": [
                0.5075024962425232,
                0.10359952598810196,
                1.2547321319580078,
                0.7168194651603699,
                -0.039375387132167816,
                0.6944801807403564,
                0.04813278838992119
            ],
            "obj_pose": [
                0.5721224683270799,
                0.06479738427022935,
                1.2586038216171314,
                0.6842514440426466,
                -0.042129069196613744,
                -0.011669336393230692,
                0.7279347013587975
            ]
        },
        {
            "robot_pose": [
                0.4779713948199362,
                0.10152953509466499,
                1.2275039444439078,
                0.715231515244732,
                -0.0323205436641279,
                0.6973998023361323,
                0.03213685982642542
            ],
            "obj_pose": [
                0.5437916298545842,
                0.06479738427022935,
                1.2313487761325446,
                0.6895089551517175,
                -0.033470605681155965,
                0.002273672016981328,
                0.7234997924923562
            ]
        },
        {
            "robot_pose": [
                0.48109925095297384,
                0.10422281534546841,
                1.2550899542010816,
                0.7172843544517684,
                -0.035402198096339044,
                0.6932712034063054,
                0.06020695770615257
            ],
            "obj_pose": [
                0.545298482137172,
                0.06479738427022935,
                1.2596100288474543,
                0.675681050131274,
                -0.044722999423883115,
                -0.016520288406921838,
                0.7356507676112235
            ]
        },
        {
            "robot_pose": [
                0.47402310215338633,
                0.1051209526323128,
                1.283055237119456,
                0.7149379876075576,
                -0.0465455231523063,
                0.6952255669033303,
                0.057953423316290546
            ],
            "obj_pose": [
                0.5376789809245046,
                0.06479738427022935,
                1.2873302701420664,
                0.6821280760121292,
                -0.051670882929990516,
                -0.019079236197102327,
                0.729155258171647
            ]
        },
        {
            "robot_pose": [
                0.5104394211632394,
                0.1046100129981053,
                1.2809381488478324,
                0.7136352187443317,
                -0.03657924095436267,
                0.6966574657980804,
                0.06367973811762263
            ],
            "obj_pose": [
                0.5743386698732292,
                0.06479738427022935,
                1.2862464049639681,
                0.6741251003224789,
                -0.05051177477707171,
                -0.015451811320410394,
                0.736725967542204
            ]
        },
        {
            "robot_pose": [
                0.5408583282049063,
                0.10337798343886956,
                1.2892785279744432,
                0.7303823887629454,
                -0.047426118092983145,
                0.6804141770999936,
                0.036453766731331425
            ],
            "obj_pose": [
                0.6057258489055376,
                0.06479738427022935,
                1.2895597767277325,
                0.6949692506762949,
                -0.02685718444290728,
                -0.023470218695675633,
                0.7181542878049297
            ]
        },
        {
            "robot_pose": [
                0.5374985199836902,
                0.10495285309753179,
                1.2509381920067009,
                0.7152110309513109,
                -0.049952924411805905,
                0.6951819321666856,
                0.051961213777827656
            ],
            "obj_pose": [
                0.6012923839821799,
                0.06479738427022935,
                1.2547088967579494,
                0.6870706923789289,
                -0.0505416469095981,
                -0.017980525575954868,
                0.7246075533015213
            ]
        },
        {
            "robot_pose": [
                0.5425074008685208,
                0.10511040652239342,
                1.2271103410404924,
                0.7222030462983278,
                -0.05724182422580067,
                0.6878021351878689,
                0.045545101907084835
            ],
            "obj_pose": [
                0.6062898683696143,
                0.06479738427022935,
                1.2288406737506414,
                0.694320474007998,
                -0.044050547697974125,
                -0.025559652954524864,
                0.7178616390096784
            ]
        },
        {
            "robot_pose": [
                0.5031802932317286,
                0.102086942815498,
                1.2279427966240397,
                0.7226004863804856,
                -0.03736164233108115,
                0.6894760973553644,
                0.03279262021592865
            ],
            "obj_pose": [
                0.5687628219641027,
                0.06479738427022935,
                1.23012401726525,
                0.6919082583116103,
                -0.028572458782120787,
                -0.008150394214477073,
                0.7213737919785321
            ]
        }
    ]
}