{
    "hook_path": "models/hook/Hook122#14/base.urdf",
    "obj_path": "models/geo_data/hanging_exp/daily_5/base.urdf",
    "hook_pose": [
        0.5,
        -0.1,
        1.3,
        0.7071067811865476,
        -0.7071067811865475,
        -4.329780281177466e-17,
        4.329780281177467e-17
    ],
    "contact_info": [
        {
            "contact_point_hook": [
                -0.004386468151548987,
                0.003111534532448834,
                0.03965508265665063,
                1.0
            ],
            "contact_point_obj": [
                -0.0011458265535046197,
                -0.002952693047031385,
                0.040109109845922086,
                1.0
            ],
            "obj_pose": [
                0.5015840456491353,
                -0.09955201830229053,
                1.220580462631079,
                0.005699984977552547,
                -0.03677027236984308,
                -0.7939069023904561,
                0.6068997343696023
            ]
        }
    ]
}