{
    "hook_path": "models/hook_1120/Hook84#25/base.urdf",
    "obj_path": "models/geo_data/hanging_exp/daily_5/base.urdf",
    "hook_pose": [
        0.5,
        -0.1,
        1.3,
        0.0,
        0.0,
        -0.7071067811865475,
        0.7071067811865476
    ],
    "contact_info": [
        {
            "contact_point_hook": [
                -0.01730113191938061,
                0.0029259132954866374,
                -0.026883666791675864,
                1.0
            ],
            "contact_point_obj": [
                -0.0029325007479916697,
                0.003082983232520764,
                0.04059298720154736,
                1.0
            ],
            "obj_pose": [
                0.5028685385316803,
                -0.08592799746578443,
                1.2324289348183521,
                0.02355886622451914,
                -0.02837221543569641,
                -0.7021581677825038,
                0.7110653307747488
            ]
        }
    ]
}