{
    "hook_path": "models/hook_1120/Hook44#7/base.urdf",
    "obj_path": "models/geo_data/hanging_exp/daily_5/base.urdf",
    "hook_pose": [
        0.5,
        -0.1,
        1.3,
        0.0,
        0.0,
        -0.7071067811865475,
        0.7071067811865476
    ],
    "contact_info": [
        {
            "contact_point_hook": [
                0.00462505890479431,
                -9.147234512013602e-05,
                -0.04228422445152957,
                1.0
            ],
            "contact_point_obj": [
                0.0008150904720058694,
                -0.0025113772309527937,
                0.0403802558273898,
                1.0
            ],
            "obj_pose": [
                0.49605199389658006,
                -0.1034511969496261,
                1.2174505840769219,
                -0.04520478149693578,
                0.05630885964527303,
                -0.5403395239127903,
                0.8383430317912606
            ]
        }
    ]
}