{
    "file": "models/geo_data/hanging_exp/headphone_20/base.urdf",
    "contact_pose": [
        0.005276961300637193,
        0.06982063132663718,
        -0.02792800454563039,
        -0.09714531038874726,
        0.8075771931977833,
        0.5817020894407752,
        0.0021318622141682513
    ],
    "obj_pose": [
        0.5136395564357976,
        -0.06817980933160896,
        1.2163051130221563,
        0.5370629113026221,
        0.5609113885143895,
        0.4565025422821721,
        0.4342203040254167
    ]
}