{
    "file": "models/geo_data/hanging_exp/bag_5/base.urdf",
    "contact_pose": [
        0.0031888624139851936,
        0.05465222391927113,
        0.007154973093053809,
        -0.08762476460966516,
        0.6467725865461872,
        0.7558950090171326,
        0.05128213394979389
    ],
    "obj_pose": [
        0.5025473219054851,
        -0.08156164847429749,
        1.2351853334977427,
        0.465057003989285,
        0.49355476875022364,
        0.5298592248493449,
        0.5092885970905634
    ]
}