{
    "file": "models/geo_data/hanging_exp/scissor_39/base.urdf",
    "contact_pose": [
        0.07692920481006282,
        -0.002476951106910695,
        0.013569003890928074,
        0.444541549081685,
        0.42716673286899703,
        0.5461613624788207,
        0.567114767578275
    ],
    "obj_pose": [
        0.5028862079998903,
        -0.07615512424954467,
        1.2140979802812204,
        0.6293862079145862,
        0.0015749245391339802,
        0.7770650750872464,
        -0.006355311105306476
    ]
}