{
    "file": "models/geo_data/hanging_exp/wrench_1/base.urdf",
    "contact_pose": [
        0.13789961416487,
        0.003350661235740322,
        -0.009161510074499803,
        0.5760666676920088,
        -0.44545649702454304,
        0.49043526101621,
        -0.4787368362522462
    ],
    "obj_pose": [
        0.49832677349575666,
        -0.06903338106322572,
        1.1533479241053843,
        0.026654039613721724,
        -0.7199897631407413,
        0.01009912858220663,
        0.6933990991822023
    ]
}