{
    "file": "models/geo_data/hanging_exp/mug_115/base.urdf",
    "contact_pose": [
        0.0631274584251095,
        0.027663032464822265,
        0.004083082615748797,
        0.7204645650337199,
        0.1544427022540252,
        0.6751553773855223,
        0.03526299248022048
    ],
    "obj_pose": [
        0.5014491186902139,
        -0.06798403795029752,
        1.2213430449755593,
        0.6011022900895213,
        -0.3713014955160457,
        0.40920369102197157,
        0.5773764591067735
    ]
}