{
    "file": "models/geo_data/hanging_exp/scissor_4/base.urdf",
    "contact_pose": [
        0.03654598087047023,
        0.0033560478174894798,
        -0.0231052417214869,
        -0.5242253771955038,
        0.7004966751777155,
        -0.28056291102818137,
        0.3946854632800536
    ],
    "obj_pose": [
        0.5100362755766866,
        -0.07037829784747301,
        1.2500974563123788,
        0.10958211056526956,
        0.8682022703540395,
        0.09972231213243636,
        -0.47357368936535454
    ]
}