{
    "file": "models/geo_data/hanging_exp/scissor_14/base.urdf",
    "contact_pose": [
        0.044438957026232864,
        -0.0027914966718758944,
        0.03668793011518359,
        0.328311899672244,
        -0.29965601597636693,
        0.6890701575940734,
        -0.5723634217313792
    ],
    "obj_pose": [
        0.5051382996701694,
        -0.0720166470532019,
        1.232377761756383,
        0.012920056845446903,
        -0.48127725116042325,
        0.015112448727435284,
        0.8763429086493699
    ]
}