{
    "file": "models/geo_data/hanging_exp/mug_59/base.urdf",
    "contact_pose": [
        0.05839255405530343,
        0.015901868968055424,
        0.0054684629696909225,
        0.7055956141160545,
        0.05419404872741362,
        0.7064266502317185,
        0.012618330519992492
    ],
    "obj_pose": [
        0.5005069975987195,
        -0.06894183654438774,
        1.236080204077137,
        0.5682052209842391,
        -0.4066794809647674,
        0.42032114589275404,
        0.5788650627943284
    ]
}