{
    "file": "models/geo_data/hanging_exp/mug_59/base.urdf",
    "contact_pose": [
        0.0602690096281951,
        0.019706969585329557,
        0.005464861704365001,
        0.7021188464412116,
        0.10068890656894716,
        0.7049048115376302,
        -0.0002761106847314411
    ],
    "obj_pose": [
        0.5005055432985734,
        -0.06894144506478952,
        1.2360800766086715,
        0.5682786867420021,
        -0.4066163875439006,
        0.4204009273820899,
        0.5787793256775958
    ]
}