{
    "file": "models/geo_data/hanging_exp/daily_5/base.urdf",
    "contact_pose": [
        -0.0008249580604751402,
        -0.0008015193864366907,
        0.03371457570667182,
        -0.05660805699952174,
        0.05235904158313751,
        0.9774341654880304,
        0.19666344546954212
    ],
    "obj_pose": [
        0.4922569551931912,
        -0.06577795748387247,
        1.2586267102905335,
        0.036412781803930115,
        0.05315720102086622,
        0.7515680814888595,
        0.6565012111093792
    ]
}