{
    "file": "models/geo_data/hanging_exp/daily_5/base.urdf",
    "contact_pose": [
        -0.0013275332455272675,
        0.0013073379058196046,
        0.03365319408477073,
        -0.047381689128183066,
        0.05180730801747618,
        0.9825265023023823,
        0.17237357873174577
    ],
    "obj_pose": [
        0.49642517434011935,
        -0.06843660486123875,
        1.2599436078472601,
        0.038525409915962,
        0.059986993320465455,
        0.748052231804847,
        0.6597993724723941
    ]
}