{
    "hook_path": "models/hook/Hook23#0/base.urdf",
    "obj_path": "models/geo_data/hanging_exp/daily_5/base.urdf",
    "hook_pose": [
        0.5,
        -0.1,
        1.3,
        0.0,
        0.0,
        -0.7071067811865475,
        0.7071067811865476
    ],
    "contact_info": [
        {
            "contact_point_hook": [
                0.0011455364750958142,
                -0.0547828083320433,
                0.004160855813871711,
                1.0
            ],
            "contact_point_obj": [
                -0.004849323644685155,
                0.006024843683372305,
                0.041308276798474486,
                1.0
            ],
            "obj_pose": [
                0.44119421550731625,
                -0.10385188404103185,
                1.2624154397907605,
                0.03528923760363773,
                0.0013608905303392287,
                -0.7059091671220055,
                0.7074214199891286
            ]
        }
    ]
}