{
    "hook_path": "models/hook/Hook122#3/base.urdf",
    "obj_path": "models/geo_data/hanging_exp/daily_5/base.urdf",
    "hook_pose": [
        0.5,
        -0.1,
        1.3,
        0.7071067811865476,
        -0.7071067811865475,
        -4.329780281177466e-17,
        4.329780281177467e-17
    ],
    "contact_info": [
        {
            "contact_point_hook": [
                -0.0069242707281118735,
                0.002618391053041569,
                0.03876170638954002,
                1.0
            ],
            "contact_point_obj": [
                -0.00634142451264613,
                -0.003225479909903628,
                0.041219261246682626,
                1.0
            ],
            "obj_pose": [
                0.5024065294454159,
                -0.09910736409054981,
                1.2201528407272368,
                0.015617331135675459,
                -0.012294849400907502,
                -0.696926185572747,
                0.7168673709337235
            ]
        }
    ]
}