{
    "hook_path": "models/hook/Hook122#13/base.urdf",
    "obj_path": "models/geo_data/hanging_exp/daily_5/base.urdf",
    "hook_pose": [
        0.5,
        -0.1,
        1.3,
        0.7071067811865476,
        -0.7071067811865475,
        -4.329780281177466e-17,
        4.329780281177467e-17
    ],
    "contact_info": [
        {
            "contact_point_hook": [
                -0.0036245849787755885,
                -0.00035162502877356117,
                0.03901169846493513,
                1.0
            ],
            "contact_point_obj": [
                -0.0019031481259801017,
                -0.0012283742558377164,
                0.04089092444128095,
                1.0
            ],
            "obj_pose": [
                0.4988982990736095,
                -0.09862426349959323,
                1.2201223119844158,
                -0.026872229407654245,
                0.020978444939248702,
                -0.6917702625189337,
                0.7213124787698317
            ]
        }
    ]
}