{
    "hook_path": "models/hook/Hook124#12/base.urdf",
    "obj_path": "models/geo_data/hanging_exp/daily_5/base.urdf",
    "hook_pose": [
        0.5,
        -0.1,
        1.3,
        0.0,
        0.0,
        -0.7071067811865475,
        0.7071067811865476
    ],
    "contact_info": [
        {
            "contact_point_hook": [
                -0.0018683792449309816,
                -0.00032104618005207586,
                -0.0009576502740007431,
                1.0
            ],
            "contact_point_obj": [
                -0.0012404861209552864,
                -0.0033840887619405735,
                0.04064011150075508,
                1.0
            ],
            "obj_pose": [
                0.49918909455721544,
                -0.09851968836645289,
                1.2582475097730041,
                -0.019734717745538276,
                0.0422089062492269,
                -0.8083239711829716,
                0.5868912222548045
            ]
        }
    ]
}