{
    "hook_path": "models/hook/Hook_bar#11/base.urdf",
    "obj_path": "models/geo_data/hanging_exp/daily_5/base.urdf",
    "hook_pose": [
        0.5,
        -0.1,
        1.3,
        4.329780281177466e-17,
        0.7071067811865475,
        0.7071067811865476,
        4.329780281177467e-17
    ],
    "contact_info": [
        {
            "contact_point_hook": [
                0.0038657063074014064,
                -0.0030502788826543004,
                0.025572718040997245,
                1.0
            ],
            "contact_point_obj": [
                -0.00018032284428132206,
                -0.004829228374268135,
                0.04087115253395046,
                1.0
            ],
            "obj_pose": [
                0.506851055784428,
                -0.07616357018157716,
                1.257251592874975,
                0.07441161665878729,
                -0.03367444882979682,
                -0.8568651460450504,
                0.5090295318499999
            ]
        }
    ]
}