{
    "hook_path": "models/hook_1120/Hook124#18/base.urdf",
    "obj_path": "models/geo_data/hanging_exp/daily_5/base.urdf",
    "hook_pose": [
        0.5,
        -0.1,
        1.3,
        0.0,
        0.0,
        -0.7071067811865475,
        0.7071067811865476
    ],
    "contact_info": [
        {
            "contact_point_hook": [
                -0.0019044699955089173,
                -4.937528183851514e-05,
                -0.0006326972290897626,
                1.0
            ],
            "contact_point_obj": [
                -0.001426862714511895,
                -0.0010747275687227886,
                0.04065403403309076,
                1.0
            ],
            "obj_pose": [
                0.5008138899686411,
                -0.09931034217997096,
                1.2587013407854566,
                0.0012440210238776033,
                0.003490426860599997,
                -0.7287586210438506,
                0.6847606454713124
            ]
        }
    ]
}