{
    "hook_path": "models/hook/Hook_60/base.urdf",
    "obj_path": "models/geo_data/mug/142/base.urdf",
    "hook_pose": [
        0.8,
        -0.2,
        1.0,
        4.329780281177466e-17,
        0.7071067811865475,
        0.7071067811865476,
        4.329780281177467e-17
    ],
    "contact_info": [
        {
            "contact_pose": [
                [
                    -0.045058759877350224,
                    0.03817800059914595,
                    -0.0030588815632080816
                ],
                [
                    -0.10942923045470093,
                    -0.7256363856027774,
                    0.6793210429623314
                ],
                [
                    0.5942995760965146,
                    0.5000559117970564,
                    0.6298826072597323
                ],
                [
                    -0.7967642420274617,
                    0.4726477768551888,
                    0.37652466275166185
                ]
            ],
            "object_pose": [
                0.7692739746545532,
                -0.15979681967240228,
                1.032011513623152,
                0.8285934461353823,
                0.2230622994795081,
                0.332539755622916,
                -0.39127154573602346
            ]
        },
        {
            "contact_pose": [
                [
                    0.020986333034486132,
                    0.03026359167598803,
                    -0.002736876646576713
                ],
                [
                    0.06737432953225597,
                    -0.9742212644261712,
                    0.2152989262861073
                ],
                [
                    0.04408143875657508,
                    -0.2126719430627621,
                    -0.9761288190556916
                ],
                [
                    0.9967534933358542,
                    0.0752567111544275,
                    0.028616445428979675
                ]
            ],
            "object_pose": [
                0.8016399414062724,
                -0.19008037030875993,
                0.9400287560522995,
                0.5776324688322821,
                -0.4516293685401075,
                0.43402931966516967,
                0.5234407264378423
            ]
        },
        {
            "contact_pose": [
                [
                    0.03349420272480527,
                    -0.017792190221927233,
                    -0.0048798843241685584
                ],
                [
                    0.28571385610024946,
                    -0.9384355123358727,
                    0.19418131119969678
                ],
                [
                    -0.26126950721472736,
                    -0.27123137119676316,
                    -0.9263756192163612
                ],
                [
                    0.9220118421322467,
                    0.21394469487610862,
                    -0.3226791448207791
                ]
            ],
            "object_pose": [
                0.7998106990874199,
                -0.17861863364246236,
                0.9400464945597798,
                0.5354569307752673,
                -0.5659136177216314,
                0.28749108103968507,
                0.5571144683856082
            ]
        },
        {
            "contact_pose": [
                [
                    0.02105153825165204,
                    0.030384666311747306,
                    -0.0027555300552009935
                ],
                [
                    0.10970612315587197,
                    -0.9706468506363943,
                    0.21403097414102912
                ],
                [
                    0.04202637592192349,
                    -0.21060839895672911,
                    -0.9766667220785974
                ],
                [
                    0.9930751986979525,
                    0.11614126587278273,
                    0.017687738478668225
                ]
            ],
            "object_pose": [
                0.80142023567562,
                -0.1884944249011456,
                0.9396285502430399,
                0.5857044083698993,
                -0.46370354640918754,
                0.42185724359909704,
                0.5137760534382473
            ]
        },
        {
            "contact_pose": [
                [
                    0.04544427035821161,
                    0.011933035610324112,
                    -0.012119470796451459
                ],
                [
                    0.08102036609304603,
                    -0.9853156134989376,
                    0.15029584849010677
                ],
                [
                    0.06553417741690118,
                    -0.14519908314224084,
                    -0.9872297087532076
                ],
                [
                    0.9945556655453928,
                    0.08983522722109047,
                    0.05280776535412318
                ]
            ],
            "object_pose": [
                0.8065296527121852,
                -0.1856056776357296,
                0.9406752528012514,
                0.5713285510824964,
                -0.46744122660343157,
                0.45425848965806465,
                0.49872999805809637
            ]
        }
    ]
}