{
    "hook_path": "models/hook/Hook_60/base.urdf",
    "obj_path": "models/geo_data/mug/129/base.urdf",
    "hook_pose": [
        0.8,
        -0.2,
        1.0,
        4.329780281177466e-17,
        0.7071067811865475,
        0.7071067811865476,
        4.329780281177467e-17
    ],
    "contact_info": [
        {
            "contact_pose": [
                [
                    0.016492005968435513,
                    -0.03256951757563882,
                    -0.01730085362213446
                ],
                [
                    0.11510554372441917,
                    -0.978489806971315,
                    0.17119699605175764
                ],
                [
                    0.16253863298775761,
                    0.18857221707421867,
                    0.9685152098620783
                ],
                [
                    -0.9799652578486534,
                    -0.08365534412668119,
                    0.18074810319521945
                ]
            ],
            "object_pose": [
                0.7970392440420523,
                -0.17539359147553252,
                0.9515186867110967,
                -0.5590349463389642,
                -0.38164414931772633,
                -0.5184103059022558,
                0.5225690641414495
            ]
        },
        {
            "contact_pose": [
                [
                    0.008741794145828801,
                    0.03610527659447353,
                    0.01941455929266358
                ],
                [
                    0.1414573698314781,
                    -0.830750991038951,
                    0.5383703218121905
                ],
                [
                    -0.12668431725660395,
                    -0.554558871698743,
                    -0.8224448562556916
                ],
                [
                    0.9818049176295608,
                    0.04813780954736274,
                    -0.18368956151723298
                ]
            ],
            "object_pose": [
                0.8045076419624037,
                -0.17679340136213356,
                0.9413301241046593,
                0.6041158444584427,
                -0.39888964795785825,
                0.26777208190168134,
                0.6357902227782037
            ]
        },
        {
            "contact_pose": [
                [
                    0.043421998620033306,
                    0.0017740000039338372,
                    0.0050710001960396775
                ],
                [
                    0.029814300653750292,
                    -0.9740622208104894,
                    -0.22430759564995828
                ],
                [
                    0.11243978941644114,
                    -0.21971474714988298,
                    0.9690628068607572
                ],
                [
                    -0.9932111564176642,
                    -0.05411302869550333,
                    0.1029727094568531
                ]
            ],
            "object_pose": [
                0.7980108742329274,
                -0.17862894319772682,
                0.9476713460227472,
                0.45662324871577104,
                0.5142360298389286,
                0.5896737262592557,
                -0.4234872027668321
            ]
        },
        {
            "contact_pose": [
                [
                    0.009477905476695175,
                    0.035731724961544795,
                    0.018523248328985498
                ],
                [
                    0.14898990265413198,
                    -0.8236281589810694,
                    0.5472098908467999
                ],
                [
                    -0.13403495329772547,
                    -0.5651002103075887,
                    -0.8140616583556775
                ],
                [
                    0.9797125293684822,
                    0.047941715069169374,
                    -0.1945891871472764
                ]
            ],
            "object_pose": [
                0.8037854710449079,
                -0.1768380288768093,
                0.94133601569112,
                0.6043832915911566,
                -0.3983612611437309,
                0.26019869368729803,
                0.6390037419834402
            ]
        },
        {
            "contact_pose": [
                [
                    0.009106063580354911,
                    0.03685877286948551,
                    -0.018960908857562866
                ],
                [
                    0.17402709013002582,
                    -0.8427916105992441,
                    -0.5093298273264666
                ],
                [
                    -0.1400584946942492,
                    -0.533147749736661,
                    0.8343483055743062
                ],
                [
                    -0.9747298035685874,
                    -0.07386323885578738,
                    -0.21082227581751428
                ]
            ],
            "object_pose": [
                0.7937893747272885,
                -0.17741864444930794,
                0.9415020680462077,
                0.2630344269879406,
                0.6275996102542066,
                0.6006526807332181,
                -0.4196998648509343
            ]
        }
    ]
}