{
    "hook_path": "models/hook/Hook_60/base.urdf",
    "obj_path": "models/geo_data/mug/173/base.urdf",
    "hook_pose": [
        0.8,
        -0.2,
        1.0,
        4.329780281177466e-17,
        0.7071067811865475,
        0.7071067811865476,
        4.329780281177467e-17
    ],
    "contact_info": [
        {
            "contact_pose": [
                [
                    0.04200381884824168,
                    0.002572210227561632,
                    -4.199519040347404e-05
                ],
                [
                    0.022199123366352103,
                    -0.9938573811225732,
                    0.10841911690262929
                ],
                [
                    -0.049866271888382996,
                    -0.10941158782440202,
                    -0.9927449115345277
                ],
                [
                    0.9985091656313023,
                    0.01663160960110835,
                    -0.051988803721156995
                ]
            ],
            "object_pose": [
                0.7984142345666472,
                -0.18466340641812945,
                0.9438106277831884,
                0.5184555078826327,
                -0.48940748987598826,
                0.45417039798072467,
                0.5342409987987407
            ]
        },
        {
            "contact_pose": [
                [
                    -0.041582585706584456,
                    0.04651800170540813,
                    -0.016217415000386273
                ],
                [
                    -0.5552704014231002,
                    -0.7005333490305534,
                    0.4482497163406418
                ],
                [
                    0.6302847221501879,
                    -0.7061011578039338,
                    -0.3227418844401894
                ],
                [
                    0.5426010968727297,
                    0.1033159321885102,
                    0.8336125405897692
                ]
            ],
            "object_pose": [
                0.8180592165707931,
                -0.1532459809536025,
                0.9606501515329807,
                0.7385543938464079,
                0.07871069447298833,
                0.5193070078530223,
                0.4226845934032679
            ]
        },
        {
            "contact_pose": [
                [
                    0.0035419999621808616,
                    0.04651800170540802,
                    0.01901100017130368
                ],
                [
                    0.654438901924872,
                    0.7167948523421486,
                    -0.24065507121846752
                ],
                [
                    0.7436045221192448,
                    -0.6677992910119154,
                    0.033112257666809586
                ],
                [
                    -0.13697459009311863,
                    -0.2006221487767017,
                    -0.9700457283494637
                ]
            ],
            "object_pose": [
                0.7960206967974441,
                -0.1506536679867904,
                0.9544790181833843,
                -0.5705977791150426,
                0.2722261928629028,
                0.7390672740208455,
                -0.23257394277895233
            ]
        },
        {
            "contact_pose": [
                [
                    -0.012428835083443715,
                    0.04461102062264547,
                    -0.028612918578605998
                ],
                [
                    0.6396917704810581,
                    0.7386258771837758,
                    -0.21266464758700954
                ],
                [
                    0.7557073115227638,
                    -0.6549078598855809,
                    -0.001467777614196586
                ],
                [
                    -0.14035988775232627,
                    -0.15977330382321708,
                    -0.9771241442598623
                ]
            ],
            "object_pose": [
                0.7981444236462527,
                -0.14972064841181365,
                0.9546055774769674,
                -0.5880623606626548,
                0.2725729408071482,
                0.7294081955484512,
                -0.2187471969611518
            ]
        },
        {
            "contact_pose": [
                [
                    0.042338168549723505,
                    -0.002413807092047494,
                    -0.002651999937370434
                ],
                [
                    -0.011511414629840622,
                    -0.9947214818603347,
                    -0.10196401747087008
                ],
                [
                    -0.002715599232341992,
                    -0.10193929836181814,
                    0.9947869143541795
                ],
                [
                    -0.9999300539807918,
                    0.011728298047041119,
                    -0.0015277993620161356
                ]
            ],
            "object_pose": [
                0.8015084952733359,
                -0.18378938622522606,
                0.9438956015173711,
                0.4761955169213138,
                0.5283010303676904,
                0.5214211637897639,
                -0.47144015625380037
            ]
        }
    ]
}