{
    "hook_path": "models/hook/Hook_60/base.urdf",
    "obj_path": "models/geo_data/mug/193/base.urdf",
    "hook_pose": [
        0.8,
        -0.2,
        1.0,
        4.329780281177466e-17,
        0.7071067811865475,
        0.7071067811865476,
        4.329780281177467e-17
    ],
    "contact_info": [
        {
            "contact_pose": [
                [
                    0.018698669066839754,
                    0.03114008279179016,
                    0.013453226550872803
                ],
                [
                    0.22541415179246072,
                    -0.952242177359425,
                    0.20596916232646884
                ],
                [
                    -0.16949085673556613,
                    -0.24651503240752487,
                    -0.9542029072897237
                ],
                [
                    0.95940674880612,
                    0.18018094920079303,
                    -0.2169643193946229
                ]
            ],
            "object_pose": [
                0.8046274365160279,
                -0.17758717856231343,
                0.9449918463294091,
                0.5515113903610006,
                -0.5347201706523447,
                0.3333013020290996,
                0.546644095792967
            ]
        },
        {
            "contact_pose": [
                [
                    0.0196720007807018,
                    0.03344799950718859,
                    0.011882999911904306
                ],
                [
                    0.1676070783559086,
                    -0.9798368365628395,
                    0.10875495850545788
                ],
                [
                    -0.07109285279894559,
                    -0.12204116051473379,
                    -0.989975636781595
                ],
                [
                    0.9832871775660983,
                    0.15819522386830928,
                    -0.0901143583417855
                ]
            ],
            "object_pose": [
                0.810511875627843,
                -0.1796638256233336,
                0.9453758605572777,
                0.5467763092835181,
                -0.5292761845581655,
                0.4068036887822206,
                0.505384157704833
            ]
        },
        {
            "contact_pose": [
                [
                    0.019124999642372072,
                    0.030714999884367114,
                    0.01243100035935643
                ],
                [
                    0.20552509248863188,
                    -0.9669502940814715,
                    0.15088593417975205
                ],
                [
                    -0.11234219245887583,
                    -0.17646884723940093,
                    -0.9778742136632561
                ],
                [
                    0.9721824253457134,
                    0.18402683154842975,
                    -0.14489809218610727
                ]
            ],
            "object_pose": [
                0.8080775026600756,
                -0.17802993415852722,
                0.9451906403179521,
                0.5528495666248882,
                -0.5351362185994222,
                0.37173412602723976,
                0.5194230681944629
            ]
        }
    ]
}