{
    "hook_path": "models/hook/Hook_60/base.urdf",
    "obj_path": "models/geo_data/mug/181/base.urdf",
    "hook_pose": [
        0.8,
        -0.2,
        1.0,
        4.329780281177466e-17,
        0.7071067811865475,
        0.7071067811865476,
        4.329780281177467e-17
    ],
    "contact_info": [
        {
            "contact_pose": [
                [
                    -0.04260083818801401,
                    0.04914899915456782,
                    0.00344173373924925
                ],
                [
                    -0.24589984891930008,
                    -0.7216271683190991,
                    0.6471379252100931
                ],
                [
                    0.5943224390644075,
                    0.41516317917751044,
                    0.6887818036793335
                ],
                [
                    -0.7657115009753993,
                    0.5539799315850538,
                    0.3267906557339426
                ]
            ],
            "object_pose": [
                0.7590917493773601,
                -0.1569203245286091,
                1.0281927472966872,
                0.8359785128607604,
                0.2795172478178016,
                0.31353013502264054,
                -0.35314145698311594
            ]
        },
        {
            "contact_pose": [
                [
                    -0.04289729677393199,
                    0.04914899915456771,
                    0.0009227534814799957
                ],
                [
                    -0.5019639252718173,
                    -0.2812647528950382,
                    -0.8178767367425254
                ],
                [
                    -0.5341449482114546,
                    0.8445659654262697,
                    0.03738320938302883
                ],
                [
                    0.680236276617097,
                    0.4556297497118531,
                    -0.5741777940251802
                ]
            ],
            "object_pose": [
                0.7964332807771358,
                -0.210829822660398,
                1.0363535151628909,
                0.16094103326830067,
                0.8378023983413143,
                -0.4550005601148249,
                -0.25526381537395576
            ]
        }
    ]
}