{
    "hook_path": "models/hook/Hook_60/base.urdf",
    "obj_path": "models/geo_data/mug/126/base.urdf",
    "hook_pose": [
        0.8,
        -0.2,
        1.0,
        4.329780281177466e-17,
        0.7071067811865475,
        0.7071067811865476,
        4.329780281177467e-17
    ],
    "contact_info": [
        {
            "contact_pose": [
                [
                    0.043016462224330664,
                    -0.0015164755327694256,
                    -0.0013419999741017786
                ],
                [
                    -0.0050316428061824015,
                    -0.9908251364806606,
                    -0.1350564011394897
                ],
                [
                    0.021023361663807694,
                    -0.13513307431307858,
                    0.9906043965635567
                ],
                [
                    -0.9997663231150684,
                    0.0021450279195739386,
                    0.021510416551069278
                ]
            ],
            "object_pose": [
                0.8006032013597159,
                -0.1857655207895878,
                0.941218575136992,
                0.4711984689183242,
                0.5282466439541419,
                0.5371067712484463,
                -0.45874154195939365
            ]
        },
        {
            "contact_pose": [
                [
                    0.04215685886847211,
                    -0.0021192367974351665,
                    0.0010620000539347562
                ],
                [
                    -0.05085178610375474,
                    -0.9896070311262113,
                    0.13450657900498228
                ],
                [
                    -0.002055425031191327,
                    -0.1345768384369581,
                    -0.9909010292578435
                ],
                [
                    0.9987040958552231,
                    -0.05066555537915701,
                    0.004809409539896059
                ]
            ],
            "object_pose": [
                0.7994349655687819,
                -0.18764940852760628,
                0.9414203631163243,
                0.5200446131330065,
                -0.4519079803032504,
                0.47804381371977384,
                0.5447998622006366
            ]
        },
        {
            "contact_pose": [
                [
                    0.04214065337895625,
                    -0.002130973410915695,
                    0.0010620000539347284
                ],
                [
                    -0.13348729423820066,
                    -0.9821593677115703,
                    0.1324542135734943
                ],
                [
                    0.007839963844438746,
                    -0.13469264413717463,
                    -0.9908564106782853
                ],
                [
                    0.9910195140580645,
                    -0.13122830499455984,
                    0.02567985055199573
                ]
            ],
            "object_pose": [
                0.7996169441061112,
                -0.19273585594505657,
                0.941873557685957,
                0.5022613543822014,
                -0.42675447202914796,
                0.5016507887130012,
                0.5603219063011047
            ]
        },
        {
            "contact_pose": [
                [
                    0.042126622315744065,
                    -0.0021411352246320757,
                    0.001062000053934784
                ],
                [
                    -0.11190023770402718,
                    -0.9846747678954554,
                    0.13376822594253387
                ],
                [
                    0.00999050400299964,
                    -0.1357216369750351,
                    -0.9906966372641941
                ],
                [
                    0.9936692239530958,
                    -0.10952277720569073,
                    0.025024680649398445
                ]
            ],
            "object_pose": [
                0.7995310949820263,
                -0.1912753013082495,
                0.941722190210956,
                0.508486959700011,
                -0.43206437392151864,
                0.49642347226590633,
                0.5552703168604515
            ]
        },
        {
            "contact_pose": [
                [
                    0.042312059904449216,
                    -0.0020068344803528503,
                    0.001062000053934784
                ],
                [
                    -0.07622663699943438,
                    -0.9871603556727276,
                    0.1403706949468088
                ],
                [
                    -0.018219718417043118,
                    -0.13937777911960575,
                    -0.990071652229519
                ],
                [
                    0.9969240400715391,
                    -0.07802734697386532,
                    -0.007361484338087698
                ]
            ],
            "object_pose": [
                0.7990978539661274,
                -0.19003699653381542,
                0.9414660504484983,
                0.5109118391552255,
                -0.4471637497875831,
                0.4794363705461897,
                0.5560165825624531
            ]
        },
        {
            "contact_pose": [
                [
                    0.043008611353386204,
                    -0.0015221972604562949,
                    -0.0013419999741017786
                ],
                [
                    -0.007871104826447428,
                    -0.9910292495777879,
                    -0.13341316348133564
                ],
                [
                    0.023139586090179354,
                    -0.13356208233949896,
                    0.9907702709088078
                ],
                [
                    -0.9997012580088045,
                    0.004711331279311393,
                    0.02398328778942388
                ]
            ],
            "object_pose": [
                0.8005089642761474,
                -0.1859294346971155,
                0.941219785334058,
                0.47287359671696494,
                0.5279642290606599,
                0.5366193758829911,
                -0.45791263335629145
            ]
        },
        {
            "contact_pose": [
                [
                    0.043050678608153946,
                    -0.00149153857583181,
                    -0.0013419999741017508
                ],
                [
                    0.04174148676188816,
                    -0.9904131097378661,
                    -0.13167961247769633
                ],
                [
                    -0.004024670929921037,
                    -0.13196008503175916,
                    0.9912468602635351
                ],
                [
                    -0.99912033825101,
                    -0.04084615058705138,
                    -0.009494296993825535
                ]
            ],
            "object_pose": [
                0.8004530864764896,
                -0.18306738829757177,
                0.9412440976929086,
                0.45372060951794196,
                0.5231773439333373,
                0.5404861450894987,
                -0.4778051927928567
            ]
        }
    ]
}