{
    "hook_path": "models/hook/Hook_60/base.urdf",
    "obj_path": "models/geo_data/mug/113/base.urdf",
    "hook_pose": [
        0.8,
        -0.2,
        1.0,
        4.329780281177466e-17,
        0.7071067811865475,
        0.7071067811865476,
        4.329780281177467e-17
    ],
    "contact_info": [
        {
            "contact_pose": [
                [
                    0.016832141269400337,
                    0.023755509212987264,
                    -0.01040000002831221
                ],
                [
                    0.043611375963407084,
                    -0.9913946002141939,
                    -0.12342930994183243
                ],
                [
                    -0.004058017467654829,
                    -0.1237216238823769,
                    0.9923086678439021
                ],
                [
                    -0.9990403297068695,
                    -0.042775068089323465,
                    -0.009418766858945493
                ]
            ],
            "object_pose": [
                0.80036478796984,
                -0.18004480779673357,
                0.9476587910906363,
                0.45544966914610585,
                0.5207476018476138,
                0.5390144619032733,
                -0.48046950361473145
            ]
        },
        {
            "contact_pose": [
                [
                    -0.01634659422096054,
                    0.03895799815654773,
                    -0.030919652896071268
                ],
                [
                    -0.7305158055767633,
                    -0.4661674363507148,
                    0.4990336452472266
                ],
                [
                    -0.5536435875684846,
                    0.8320930392358192,
                    -0.033165524262326995
                ],
                [
                    -0.399781735134098,
                    -0.3005147173459225,
                    -0.8659477287409848
                ]
            ],
            "object_pose": [
                0.8027285278677775,
                -0.20960121655803032,
                1.0320170539064875,
                -0.4015206533706639,
                -0.4341932821265593,
                0.2489163938605748,
                0.7670058588696754
            ]
        },
        {
            "contact_pose": [
                [
                    0.01717491143242409,
                    0.024087051697051016,
                    -0.012919353401327913
                ],
                [
                    0.02656762420621167,
                    -0.9947584466629242,
                    -0.09874104585633897
                ],
                [
                    0.005372138102260893,
                    -0.09863240846200616,
                    0.9951094352548338
                ],
                [
                    -0.9996325832405862,
                    -0.0269681440546079,
                    0.002723550991291568
                ]
            ],
            "object_pose": [
                0.7992735800615586,
                -0.18063283740640237,
                0.9476766344026551,
                0.46895174277086177,
                0.5163334106223105,
                0.5317615367843954,
                -0.4803267013439936
            ]
        }
    ]
}