{
    "hook_path": "models/hook/Hook_60/base.urdf",
    "obj_path": "models/geo_data/mug/115/base.urdf",
    "hook_pose": [
        0.8,
        -0.2,
        1.0,
        4.329780281177466e-17,
        0.7071067811865475,
        0.7071067811865476,
        4.329780281177467e-17
    ],
    "contact_info": [
        {
            "contact_pose": [
                [
                    0.016383999958634342,
                    0.02281079009965197,
                    -0.01945099979639048
                ],
                [
                    0.18871716058605648,
                    -0.9097624567608413,
                    -0.3697541150126862
                ],
                [
                    -0.2911087964895712,
                    -0.41142171248960746,
                    0.8637058776565736
                ],
                [
                    -0.9378920523742217,
                    -0.05535744539442691,
                    -0.3424821912635358
                ]
            ],
            "object_pose": [
                0.7976807680022464,
                -0.1763184151386236,
                0.9438074660948917,
                0.2663548587426723,
                0.6335427108940309,
                0.5324478293498673,
                -0.49414373588848415
            ]
        },
        {
            "contact_pose": [
                [
                    0.016383999958634342,
                    0.0224433926237163,
                    0.018968999385833737
                ],
                [
                    0.2014406761887495,
                    -0.9040731855193975,
                    0.3769261588181807
                ],
                [
                    -0.2749594798404821,
                    -0.4215344810287585,
                    -0.8641214994140967
                ],
                [
                    0.9401164493946859,
                    0.07042979858429382,
                    -0.333497683723448
                ]
            ],
            "object_pose": [
                0.801726132574963,
                -0.17475864342208125,
                0.9439167373036997,
                0.5413862940548995,
                -0.4920526190374855,
                0.2634789188706771,
                0.6287797388741087
            ]
        },
        {
            "contact_pose": [
                [
                    0.014398511896726663,
                    0.02878811088575383,
                    0.022178757008599944
                ],
                [
                    0.21538575724302006,
                    -0.8999746355146672,
                    0.3790179824323551
                ],
                [
                    -0.2688610821836907,
                    -0.4277790949286048,
                    -0.8629708943116674
                ],
                [
                    0.9387878855544877,
                    0.08396845462616255,
                    -0.3341056787362772
                ]
            ],
            "object_pose": [
                0.8026282546074693,
                -0.17428470453040915,
                0.9438868213925936,
                0.5463802144282924,
                -0.493409453288417,
                0.25891720721004224,
                0.6252820583524453
            ]
        }
    ]
}