{
    "hook_path": "models/hook/Hook_60/base.urdf",
    "obj_path": "models/geo_data/mug/135/base.urdf",
    "hook_pose": [
        0.8,
        -0.2,
        1.0,
        4.329780281177466e-17,
        0.7071067811865475,
        0.7071067811865476,
        4.329780281177467e-17
    ],
    "contact_info": [
        {
            "contact_pose": [
                [
                    0.016377542074675237,
                    -0.029158465338063596,
                    -0.017134096624244633
                ],
                [
                    0.08991521356174603,
                    -0.9692113539807298,
                    0.22922610166598867
                ],
                [
                    0.23426483909989848,
                    0.24428260171545074,
                    0.9409814002734747
                ],
                [
                    -0.9680058055257956,
                    -0.030908927738940495,
                    0.24901686419675417
                ]
            ],
            "object_pose": [
                0.79833574912826,
                -0.17787638533904934,
                0.9460267158250121,
                -0.5984525906508691,
                -0.3555278229250041,
                -0.5089075714638294,
                0.5064262508759372
            ]
        },
        {
            "contact_pose": [
                [
                    0.016353140022548732,
                    -0.030183000490069552,
                    -0.016876972568453056
                ],
                [
                    0.09037355189388291,
                    -0.96658042785922,
                    0.23990601826042302
                ],
                [
                    0.13701670617801556,
                    0.2506684719928723,
                    0.9583275741503454
                ],
                [
                    -0.9864375516707637,
                    -0.05373633433948913,
                    0.1550914666432155
                ]
            ],
            "object_pose": [
                0.7971956116058676,
                -0.17593074100851475,
                0.9461807814368091,
                -0.575149195882892,
                -0.37727342247436146,
                -0.4875569254602691,
                0.5377326581169067
            ]
        },
        {
            "contact_pose": [
                [
                    -0.04497399926185608,
                    0.039129000157117906,
                    -0.0006949999951757304
                ],
                [
                    -0.15927634907476348,
                    -0.7178761176794349,
                    -0.6777056324769009
                ],
                [
                    0.570377253209872,
                    0.49338925631099584,
                    -0.6566862498770962
                ],
                [
                    0.8057920536007883,
                    -0.49114246550505547,
                    0.33087496872903477
                ]
            ],
            "object_pose": [
                0.8314784297429739,
                -0.16159707492744257,
                1.0306180595062429,
                0.31683164110766926,
                -0.39248755195610135,
                0.8275302639770687,
                0.24650536496103012
            ]
        },
        {
            "contact_pose": [
                [
                    0.04444599896669388,
                    -0.00214400002732867,
                    -0.004397999960929137
                ],
                [
                    0.06359699321032575,
                    -0.9809361443778988,
                    0.18362925449837056
                ],
                [
                    -0.05562803147243989,
                    -0.18720008790161308,
                    -0.9807454558671833
                ],
                [
                    0.9964240786779024,
                    0.05215752814934704,
                    -0.06647290943115886
                ]
            ],
            "object_pose": [
                0.7940429796307942,
                -0.1767411043232942,
                0.9455321596014982,
                0.5431755589068965,
                -0.480665243470811,
                0.4208875104703875,
                0.544770538351117
            ]
        },
        {
            "contact_pose": [
                [
                    -0.03250827189213035,
                    0.039129000157117906,
                    0.024132333887931696
                ],
                [
                    0.36204513331127974,
                    0.1857372715722287,
                    -0.9134686570400333
                ],
                [
                    -0.5026160170320828,
                    0.8641905833251428,
                    -0.023489893889812707
                ],
                [
                    0.7850480627760462,
                    0.4676283798499121,
                    0.40623052259834375
                ]
            ],
            "object_pose": [
                0.7987109787145497,
                -0.21055512521694864,
                1.0320437367474373,
                -0.11351619463516667,
                0.8490749457383059,
                -0.48559866663687373,
                0.17429786296892552
            ]
        }
    ]
}