{
    "hook_path": "models/hook/Hook_60/base.urdf",
    "obj_path": "models/geo_data/mug/43/base.urdf",
    "hook_pose": [
        0.8,
        -0.2,
        1.0,
        4.329780281177466e-17,
        0.7071067811865475,
        0.7071067811865476,
        4.329780281177467e-17
    ],
    "contact_info": [
        {
            "contact_pose": [
                [
                    0.021647561152338114,
                    0.0426872174753915,
                    -0.0018400164615275864
                ],
                [
                    0.29185079102345063,
                    0.3764301391270325,
                    -0.8792743975209272
                ],
                [
                    0.5341607341491456,
                    -0.826724350511699,
                    -0.17663283489842863
                ],
                [
                    -0.7934074778272715,
                    -0.4181234251125051,
                    -0.4423543551271485
                ]
            ],
            "object_pose": [
                0.8077755991136374,
                -0.1651101764748799,
                0.9533656624109367,
                -0.2432914463743606,
                0.48140166136483076,
                0.8413617766428687,
                -0.03423555696360342
            ]
        },
        {
            "contact_pose": [
                [
                    0.011856578162360843,
                    0.04608817868978199,
                    -0.024218739947657934
                ],
                [
                    0.8879860825262962,
                    0.43977747523642163,
                    0.1344488360465816
                ],
                [
                    0.09437908436526943,
                    -0.46041783928046676,
                    0.8826709475827783
                ],
                [
                    0.45008144337883493,
                    -0.7711103588637523,
                    -0.45035042886516696
                ]
            ],
            "object_pose": [
                0.7567036681065499,
                -0.18919187285144023,
                0.9843148639133781,
                0.338274134966043,
                -0.003928126919939835,
                -0.6578450819118511,
                0.6729004589359902
            ]
        },
        {
            "contact_pose": [
                [
                    -0.04109137102111517,
                    0.04639457882323561,
                    0.014223351953193138
                ],
                [
                    0.16962105391533228,
                    -0.7928671189965224,
                    0.5853122497289853
                ],
                [
                    0.2727745833242629,
                    -0.5329438055729847,
                    -0.8009774820765307
                ],
                [
                    0.9470072464141583,
                    0.29552094970668125,
                    0.1258755080368476
                ]
            ],
            "object_pose": [
                0.8444587574947122,
                -0.17846861031186367,
                0.982968738651923,
                0.7337587789525808,
                -0.3306940113811531,
                0.3130261106875097,
                0.5042362335002417
            ]
        },
        {
            "contact_pose": [
                [
                    -0.021254779671970214,
                    0.044381520413846465,
                    -0.029612111295569614
                ],
                [
                    0.8835272054949389,
                    -0.18583018987846978,
                    -0.4299381556457118
                ],
                [
                    0.3190005221361922,
                    -0.43337717292726363,
                    0.8428658807084374
                ],
                [
                    -0.3429553090814329,
                    -0.8818454323266095,
                    -0.3236205949218225
                ]
            ],
            "object_pose": [
                0.7507077412463455,
                -0.17773591347411338,
                0.9866497828912085,
                0.04247627032788731,
                -0.23931788544888902,
                -0.8109846037546757,
                0.5321904627444731
            ]
        },
        {
            "contact_pose": [
                [
                    0.021194539596004026,
                    0.043186823807391805,
                    -0.0024069974686262634
                ],
                [
                    0.276917266343637,
                    0.377477122394052,
                    -0.8836446399259564
                ],
                [
                    0.5405331586945272,
                    -0.8215032540014687,
                    -0.18153872318796205
                ],
                [
                    -0.7944436619122116,
                    -0.4273680214219407,
                    -0.4315273366930668
                ]
            ],
            "object_pose": [
                0.8075970673788986,
                -0.16464040099435368,
                0.9533195057647353,
                -0.23954148771487904,
                0.4784724286229794,
                0.8443260359663239,
                -0.028241028670433876
            ]
        },
        {
            "contact_pose": [
                [
                    0.021380571641734115,
                    0.04655199870467175,
                    -0.0030414240603460134
                ],
                [
                    -0.30552525128875613,
                    0.4349421335292812,
                    -0.8470417116682858
                ],
                [
                    0.8078829817087511,
                    0.589237199895756,
                    0.011162890503209122
                ],
                [
                    0.5039636977901485,
                    -0.6809000387281571,
                    -0.5314091912732353
                ]
            ],
            "object_pose": [
                0.7970968882168378,
                -0.16029342208951394,
                1.031390818247168,
                -0.2645473640542976,
                -0.2992735751914031,
                0.9132120142805276,
                0.080584343006443
            ]
        }
    ]
}