{
    "hook_path": "models/hook/Hook_60/base.urdf",
    "obj_path": "models/geo_data/mug/112/base.urdf",
    "hook_pose": [
        0.8,
        -0.2,
        1.0,
        4.329780281177466e-17,
        0.7071067811865475,
        0.7071067811865476,
        4.329780281177467e-17
    ],
    "contact_info": [
        {
            "contact_pose": [
                [
                    0.03827799856662737,
                    -0.014535984321969227,
                    0.002514832388670096
                ],
                [
                    0.13504069456724954,
                    -0.9561671974050198,
                    0.25982359672944383
                ],
                [
                    -0.19375697556896093,
                    -0.2826459606260614,
                    -0.9394516993226101
                ],
                [
                    0.9717109885295956,
                    0.07652157570516178,
                    -0.2234327711470171
                ]
            ],
            "object_pose": [
                0.8021122132300988,
                -0.17858871659860118,
                0.9421310405051577,
                0.5344595861395052,
                -0.502606942487039,
                0.3427454784517344,
                0.5867407853118025
            ]
        },
        {
            "contact_pose": [
                [
                    0.020096000283956507,
                    0.03286499902605999,
                    -0.00993600022047759
                ],
                [
                    0.06016927478386569,
                    -0.9834907819570387,
                    -0.1706620642600949
                ],
                [
                    0.015316207055849518,
                    -0.17004206126318683,
                    0.9853177716872813
                ],
                [
                    -0.998070674939108,
                    -0.06189975126686459,
                    0.004832040945013771
                ]
            ],
            "object_pose": [
                0.7926685317343048,
                -0.18115259688564023,
                0.9424131393398885,
                0.4423670397783074,
                0.5228398669615251,
                0.5585423042578801,
                -0.4679533844174333
            ]
        },
        {
            "contact_pose": [
                [
                    0.016314616647779535,
                    0.029527589695375726,
                    -0.018112715325856867
                ],
                [
                    0.12616062858217392,
                    -0.9096308494403087,
                    -0.395796934730744
                ],
                [
                    -0.10618257193373115,
                    -0.409075261354278,
                    0.9063016561639214
                ],
                [
                    -0.9863106798637478,
                    -0.07231285013350797,
                    -0.14819613521370928
                ]
            ],
            "object_pose": [
                0.8053624603512125,
                -0.1747078424941044,
                0.9427077209916058,
                0.3262313761741874,
                0.5978433441402035,
                0.5835081860887902,
                -0.44235124260492786
            ]
        },
        {
            "contact_pose": [
                [
                    0.016171554249445698,
                    0.027310793163175088,
                    -0.01796935387438647
                ],
                [
                    0.18238569102773738,
                    -0.8944012640916363,
                    -0.40838932221547863
                ],
                [
                    -0.21057698728804541,
                    -0.44125093162710394,
                    0.8723273168730322
                ],
                [
                    -0.9604128238070467,
                    -0.07310262737751769,
                    -0.2688181797004785
                ]
            ],
            "object_pose": [
                0.8067356088814067,
                -0.1754831459151612,
                0.9427401776438421,
                0.2774576828630622,
                0.6216638324138711,
                0.5636743213738211,
                -0.4677847508336726
            ]
        },
        {
            "contact_pose": [
                [
                    0.042651787759683125,
                    0.020770852465039517,
                    -0.001797999953851043
                ],
                [
                    0.11674219512879236,
                    -0.9751976306368804,
                    0.18804478476343403
                ],
                [
                    -0.28024822006581895,
                    -0.21399127051317013,
                    -0.935771698275867
                ],
                [
                    0.9528022853805778,
                    0.05654482597351024,
                    -0.2982792108564962
                ]
            ],
            "object_pose": [
                0.8086592219202244,
                -0.17700817866930035,
                0.9436704029666642,
                0.4910044273403056,
                -0.5358983721928756,
                0.3446600387328204,
                0.5940850483844344
            ]
        },
        {
            "contact_pose": [
                [
                    0.013154464006786474,
                    0.024961244904608607,
                    -0.022102944349777717
                ],
                [
                    0.22907845471595234,
                    -0.7947015591306256,
                    -0.5621143064362482
                ],
                [
                    -0.26501869981024406,
                    -0.6065743998205706,
                    0.749554925427885
                ],
                [
                    -0.9366366159487034,
                    -0.022736081405279274,
                    -0.34956390011912475
                ]
            ],
            "object_pose": [
                0.8115215056273516,
                -0.17233432759216055,
                0.9444194871136709,
                0.19373365243823062,
                0.6716392120851069,
                0.5744196392950199,
                -0.42592266750528646
            ]
        },
        {
            "contact_pose": [
                [
                    0.037797000259161086,
                    -0.013544999994337555,
                    0.0034640000667422784
                ],
                [
                    0.09201456089653443,
                    -0.9846607259455795,
                    0.14824498427718136
                ],
                [
                    -0.33846524660707406,
                    -0.17094016902063364,
                    -0.9253219631319736
                ],
                [
                    0.9364692186197208,
                    0.034967318963869745,
                    -0.3490024200234842
                ]
            ],