{
    "hook_path": "models/hook/Hook_60/base.urdf",
    "obj_path": "models/geo_data/mug/11/base.urdf",
    "hook_pose": [
        0.8,
        -0.2,
        1.0,
        4.329780281177466e-17,
        0.7071067811865475,
        0.7071067811865476,
        4.329780281177467e-17
    ],
    "contact_info": [
        {
            "contact_pose": [
                [
                    0.012730980854073684,
                    0.021273900634742157,
                    -0.020395033083803818
                ],
                [
                    0.19297942140598945,
                    -0.881218215009196,
                    -0.43152450735713277
                ],
                [
                    -0.26790868013417474,
                    -0.4704023887266341,
                    0.8408011249927305
                ],
                [
                    -0.943919425598697,
                    -0.04664815340700279,
                    -0.3268639896977682
                ]
            ],
            "object_pose": [
                0.8000321642669505,
                -0.17554631812635357,
                0.9492544525400031,
                0.25195171119764687,
                0.6428034369238206,
                0.5500599923258283,
                -0.46984899866447644
            ]
        },
        {
            "contact_pose": [
                [
                    0.012302370096496854,
                    0.024448191087241108,
                    0.021195899144780914
                ],
                [
                    0.27907695118494114,
                    -0.8618784466626084,
                    0.4234165779652089
                ],
                [
                    -0.25845061787400925,
                    -0.4920807956311763,
                    -0.831300047330404
                ],
                [
                    0.9248347600722311,
                    0.12256440653565948,
                    -0.3600814252536511
                ]
            ],
            "object_pose": [
                0.7996667897058238,
                -0.17386315087934323,
                0.9494431214339264,
                0.5673469764233479,
                -0.48928479601466773,
                0.22111557929345602,
                0.6243602304166159
            ]
        },
        {
            "contact_pose": [
                [
                    0.010517030803222563,
                    0.02414688045298113,
                    -0.02297800034284593
                ],
                [
                    0.21131466688902256,
                    -0.8686516041523624,
                    -0.44809653219045203
                ],
                [
                    -0.29054841042089985,
                    -0.49355110820705417,
                    0.8197493060622113
                ],
                [
                    -0.9332350897600613,
                    -0.04303131639999014,
                    -0.3566799308195152
                ]
            ],
            "object_pose": [
                0.8009610891463602,
                -0.17495254940046318,
                0.9493549593539747,
                0.2336256305441774,
                0.6510786485155541,
                0.5478547796107884,
                -0.4705005830576722
            ]
        }
    ]
}