{
    "hook_path": "models/hook/Hook_60/base.urdf",
    "obj_path": "models/geo_data/mug/59/base.urdf",
    "hook_pose": [
        0.8,
        -0.2,
        1.0,
        4.329780281177466e-17,
        0.7071067811865475,
        0.7071067811865476,
        4.329780281177467e-17
    ],
    "contact_info": [
        {
            "contact_pose": [
                [
                    0.04598608561517263,
                    -0.013182183085459927,
                    0.004832000005990264
                ],
                [
                    0.042354710794548056,
                    -0.9903365124155742,
                    -0.1320593451826398
                ],
                [
                    0.034850416999836625,
                    0.13356196199460674,
                    -0.9904275090803409
                ],
                [
                    0.9984946303853857,
                    0.03734694746172207,
                    0.04017061870128058
                ]
            ],
            "object_pose": [
                0.798919503166186,
                -0.17304102081221454,
                0.9440644349479085,
                -0.48480357343952174,
                0.5325776646754268,
                -0.5314044633611846,
                -0.4460222220797417
            ]
        },
        {
            "contact_pose": [
                [
                    0.018864804283826683,
                    0.02497861387524392,
                    0.018779980638343963
                ],
                [
                    0.06442367681713668,
                    -0.9466747904614832,
                    0.3156840682867421
                ],
                [
                    -0.16931078371229527,
                    -0.3221239474651843,
                    -0.9314343889873167
                ],
                [
                    0.9834548532515817,
                    0.006557711045371978,
                    -0.1810346597802639
                ]
            ],
            "object_pose": [
                0.8012936063299292,
                -0.17568633217669513,
                0.9416230263508988,
                0.5368731217941114,
                -0.4637306401540999,
                0.3565275013780812,
                0.6079550026428078
            ]
        },
        {
            "contact_pose": [
                [
                    0.02137770403678245,
                    -0.03129899874329567,
                    -0.013465767432566878
                ],
                [
                    0.0993177848708004,
                    -0.9817341119607855,
                    0.16227788210635818
                ],
                [
                    0.03519036190025998,
                    0.16644756357785123,
                    0.9854221668951464
                ],
                [
                    -0.9944333140224566,
                    -0.09215932937887966,
                    0.05107878200142435
                ]
            ],
            "object_pose": [
                0.7988655662649986,
                -0.17527066468198751,
                0.943940746611121,
                -0.5256683637588766,
                -0.42141797144121124,
                -0.49119034222304836,
                0.5520975569555117
            ]
        },
        {
            "contact_pose": [
                [
                    0.019444772880087433,
                    0.02981807936871195,
                    -0.017386842285767177
                ],
                [
                    0.14121231977170356,
                    -0.9476637683445865,
                    -0.286343260635958
                ],
                [
                    -0.14916223446355242,
                    -0.30630691520835823,
                    0.9401737613363713
                ],
                [
                    -0.9786775304228328,
                    -0.09005251724675803,
                    -0.18460995526511553
                ]
            ],
            "object_pose": [
                0.7978015120223524,
                -0.17546331634582912,
                0.9416809631422183,
                0.34439874696844197,
                0.5799683133268473,
                0.553902866804994,
                -0.48807568344324237
            ]
        },
        {
            "contact_pose": [
                [
                    0.04103301256349616,
                    -0.019889946249645792,
                    0.004309665488232331
                ],
                [
                    0.15338151113872,
                    -0.9813428620510852,
                    0.11593230413559175
                ],
                [
                    0.2943740314416467,
                    0.15737055356054558,
                    0.9426443860145988
                ],
                [
                    -0.9433016705453219,
                    -0.11045676065063686,
                    0.3130195878423151
                ]
            ],
            "object_pose": [
                0.8005409624160131,
                -0.17398819935110205,
                0.944104399333004,
                0.5700547287161561,
                0.3461346933536585,
                0.5676483259811245,
                -0.4827046284594187
            ]
        }
    ]
}