{
    "hook_path": "models/hook/Hook_60/base.urdf",
    "obj_path": "models/geo_data/mug/128/base.urdf",
    "hook_pose": [
        0.8,
        -0.2,
        1.0,
        4.329780281177466e-17,
        0.7071067811865475,
        0.7071067811865476,
        4.329780281177467e-17
    ],
    "contact_info": [
        {
            "contact_pose": [
                [
                    0.02549700066447245,
                    -0.023622000589966764,
                    0.00456900009885435
                ],
                [
                    0.10828131464120594,
                    -0.9701265351478638,
                    0.217093672642877
                ],
                [
                    -0.2872363680355891,
                    -0.23959473721730734,
                    -0.9274101739659172
                ],
                [
                    0.9517197201788432,
                    0.0380639947952119,
                    -0.304599255617827
                ]
            ],
            "object_pose": [
                0.8006596300877293,
                -0.1768663757058078,
                0.9499538478285943,
                0.4919149569291677,
                -0.5263569820444876,
                0.3382328948100413,
                0.6054473647401676
            ]
        },
        {
            "contact_pose": [
                [
                    0.013117999769747351,
                    0.017827241573412877,
                    0.01842799969017505
                ],
                [
                    0.10678692086168551,
                    -0.9689919637815898,
                    0.22282532993261434
                ],
                [
                    -0.2622465725148958,
                    -0.2436202713185267,
                    -0.9337429510346394
                ],
                [
                    0.9590741831250957,
                    0.041276355572963816,
                    -0.2801302799297938
                ]
            ],
            "object_pose": [
                0.8008506770709478,
                -0.1766734494460431,
                0.9500083704153476,
                0.500463563356685,
                -0.5197830312147669,
                0.34411180667754127,
                0.600790218561052
            ]
        }
    ]
}