{
    "hook_path": "models/hook/Hook_60/base.urdf",
    "obj_path": "models/geo_data/mug/145/base.urdf",
    "hook_pose": [
        0.8,
        -0.2,
        1.0,
        4.329780281177466e-17,
        0.7071067811865475,
        0.7071067811865476,
        4.329780281177467e-17
    ],
    "contact_info": [
        {
            "contact_pose": [
                [
                    0.020310999825596875,
                    0.02230400033295166,
                    0.020507000386714932
                ],
                [
                    0.11007733367830702,
                    -0.9937198350871645,
                    0.020096516230753037
                ],
                [
                    -0.04268581135349106,
                    -0.02492723629667437,
                    -0.9987775299833812
                ],
                [
                    0.9930059929926751,
                    0.10908493133768765,
                    -0.04516166112625997
                ]
            ],
            "object_pose": [
                0.8016325728254725,
                -0.1711799703947498,
                0.9504939437616918,
                -0.5211755069587762,
                0.5319008898423713,
                -0.45500899471276063,
                -0.4882871584033714
            ]
        },
        {
            "contact_pose": [
                [
                    -0.001067194088561197,
                    0.024017475447378315,
                    -0.02917293911148765
                ],
                [
                    0.7655199564390157,
                    0.6051008936901935,
                    0.2187055206183341
                ],
                [
                    -0.6125517548760503,
                    0.789415987217694,
                    -0.040034319319611655
                ],
                [
                    -0.19687443686745754,
                    -0.10332138007422591,
                    0.9749693064541461
                ]
            ],
            "object_pose": [
                0.8017832541381389,
                -0.20566620029828603,
                1.0189433182949035,
                -0.35455337597746045,
                0.5680063499168584,
                -0.2607988231280202,
                0.6954456584753065
            ]
        },
        {
            "contact_pose": [
                [
                    0.0243299994617699,
                    -0.023677000775933262,
                    0.011576999910175755
                ],
                [
                    0.11878022554364659,
                    -0.9744617994874543,
                    0.19056615481106076
                ],
                [
                    -0.3111082306265674,
                    -0.21878569445860224,
                    -0.9248483598605093
                ],
                [
                    0.9429225455233359,
                    0.050566997537325256,
                    -0.32915050038523885
                ]
            ],
            "object_pose": [
                0.7941723374091303,
                -0.17288338990591112,
                0.9507270055765341,
                0.4821889986617848,
                -0.5410889652711539,
                0.3345738397667422,
                0.6023095939590168
            ]
        }
    ]
}