{
    "hook_path": "models/hook_1120/Hook209#20/base.urdf",
    "obj_path": "models/geo_data/hanging_exp/daily_5/base.urdf",
    "hook_pose": [
        0.5,
        -0.1,
        1.3,
        0.0,
        0.0,
        -0.7071067811865475,
        0.7071067811865476
    ],
    "contact_info": [
        {
            "contact_point_hook": [
                -0.007016075383411659,
                0.0040789104815590616,
                -0.05107985875495302,
                1.0
            ],
            "contact_point_obj": [
                0.0030029962793128844,
                -0.0028028505225926315,
                0.04067927175365127,
                1.0
            ],
            "obj_pose": [
                0.489024869276077,
                -0.09628735685830633,
                1.2110500965273416,
                0.1102228698964735,
                0.10970017215326322,
                0.7112849911763159,
                0.6854855596645619
            ]
        }
    ]
}