{
    "hook_path": "models/hook_1120/Hook145#4/base.urdf",
    "obj_path": "models/geo_data/hanging_exp/daily_5/base.urdf",
    "hook_pose": [
        0.5,
        -0.1,
        1.3,
        0.0,
        0.0,
        -0.7071067811865475,
        0.7071067811865476
    ],
    "contact_info": [
        {
            "contact_point_hook": [
                -0.02951419983502726,
                0.0023862955869042857,
                0.052497085984813285,
                1.0
            ],
            "contact_point_obj": [
                0.005578902984651343,
                -0.00303489806705326,
                0.0413763782895622,
                1.0
            ],
            "obj_pose": [
                0.5054563353106184,
                -0.07151305313378062,
                1.3107615010172655,
                -0.012310295262727918,
                -0.08942584003422804,
                0.7148815598792568,
                0.6933944267942436
            ]
        }
    ]
}