{
    "hook_path": "models/hook_1120/Hook2#0/base.urdf",
    "obj_path": "models/geo_data/hanging_exp/daily_5/base.urdf",
    "hook_pose": [
        0.5,
        -0.1,
        1.3,
        0.0,
        0.0,
        -0.7071067811865475,
        0.7071067811865476
    ],
    "contact_info": [
        {
            "contact_point_hook": [
                -0.0037035812459657314,
                0.0004121948482945781,
                -0.008704833603870865,
                1.0
            ],
            "contact_point_obj": [
                0.0004862546134581022,
                -0.0007332530026873396,
                0.04075722995592823,
                1.0
            ],
            "obj_pose": [
                0.4954387258678598,
                -0.09616609449924544,
                1.2508331654682865,
                -0.05422649132799733,
                0.045229897868679064,
                -0.7318233124608448,
                0.6778262191121558
            ]
        }
    ]
}