{
    "hook_path": "models/hook/Hook40#5/base.urdf",
    "obj_path": "models/geo_data/hanging_exp/daily_5/base.urdf",
    "hook_pose": [
        0.5,
        -0.1,
        1.3,
        0.0,
        0.0,
        -0.7071067811865475,
        0.7071067811865476
    ],
    "contact_info": [
        {
            "contact_point_hook": [
                0.002005838487878804,
                0.00643735337316409,
                -0.038417628854567454,
                1.0
            ],
            "contact_point_obj": [
                0.00541863899194402,
                -0.005061359938478616,
                0.04363954067374376,
                1.0
            ],
            "obj_pose": [
                0.5005968471599105,
                -0.10768055798330756,
                1.2180728943732588,
                0.0021309335821949296,
                0.00838029291508874,
                0.6986601228171798,
                0.7154014695244963
            ]
        }
    ]
}