{
    "hook_path": "models/hook_1120/Hook84#23/base.urdf",
    "obj_path": "models/geo_data/hanging_exp/daily_5/base.urdf",
    "hook_pose": [
        0.5,
        -0.1,
        1.3,
        0.0,
        0.0,
        -0.7071067811865475,
        0.7071067811865476
    ],
    "contact_info": [
        {
            "contact_point_hook": [
                -0.0056442363211958715,
                0.0058263974949371855,
                -0.035528855763999,
                1.0
            ],
            "contact_point_obj": [
                -0.0065810645589810535,
                0.008882080004419424,
                0.03823709632004979,
                1.0
            ],
            "obj_pose": [
                0.49744919890229167,
                -0.10241616398246103,
                1.2264037069489004,
                -0.007106010719753099,
                0.004776568695581483,
                -0.6496464463155583,
                0.7601882554951198
            ]
        }
    ]
}