{
    "hook_path": "models/hook/Hook_180#19/base.urdf",
    "obj_path": "models/geo_data/hanging_exp/daily_5/base.urdf",
    "hook_pose": [
        0.5,
        -0.1,
        1.3,
        4.329780281177466e-17,
        0.7071067811865475,
        0.7071067811865476,
        4.329780281177467e-17
    ],
    "contact_info": [
        {
            "contact_point_hook": [
                0.00037064560409305614,
                -0.018033565130843865,
                0.0327719176462187,
                1.0
            ],
            "contact_point_obj": [
                -0.001809701399448074,
                -0.0037221516463368243,
                0.04085807795086871,
                1.0
            ],
            "obj_pose": [
                0.5020427651797792,
                -0.069813582680886,
                1.2410518579763226,
                -0.01681782863335065,
                0.004806230592539579,
                -0.7162808620140952,
                0.6975928522425494
            ]
        }
    ]
}