{
    "hook_path": "models/hook_1120/Hook84#18/base.urdf",
    "obj_path": "models/geo_data/hanging_exp/daily_5/base.urdf",
    "hook_pose": [
        0.5,
        -0.1,
        1.3,
        0.0,
        0.0,
        -0.7071067811865475,
        0.7071067811865476
    ],
    "contact_info": [
        {
            "contact_point_hook": [
                -0.01674117361928079,
                0.0053453577572724065,
                -0.022156815475757208,
                1.0
            ],
            "contact_point_obj": [
                -0.006874321652772852,
                0.00723045962497515,
                0.03880115201341172,
                1.0
            ],
            "obj_pose": [
                0.5014203939081289,
                -0.09007471047973008,
                1.238559554029165,
                0.02682348587659281,
                0.0033533289789450756,
                -0.5975070080164149,
                0.8014079056020468
            ]
        }
    ]
}