{
    "hook_path": "models/hook_1120/Hook_bar#25/base.urdf",
    "obj_path": "models/geo_data/hanging_exp/daily_5/base.urdf",
    "hook_pose": [
        0.5,
        -0.1,
        1.3,
        4.329780281177466e-17,
        0.7071067811865475,
        0.7071067811865476,
        4.329780281177467e-17
    ],
    "contact_info": [
        {
            "contact_point_hook": [
                0.0002985857265087044,
                -0.0013889715755854848,
                0.022211686240954282,
                1.0
            ],
            "contact_point_obj": [
                0.008595690387672883,
                -0.007492133349010943,
                0.04088274356537891,
                1.0
            ],
            "obj_pose": [
                0.4983214316515677,
                -0.06879866175307704,
                1.2571538398853037,
                -0.04311762799203026,
                0.021014650928797406,
                -0.4868253428880697,
                0.8721813688245095
            ]
        }
    ]
}