{
    "hook_path": "models/hook_all_new/Hook_hs_42_hard/base.urdf",
    "obj_path": "models/everyday_objects_50/scissor_79/base.urdf",
    "hook_pose": [
        0.5,
        -0.1,
        1.3,
        4.329780281177466e-17,
        0.7071067811865475,
        0.7071067811865476,
        4.329780281177467e-17
    ],
    "contact_info": [
        {
            "contact_point_hook": [
                -0.0010268615306594508,
                0.003239699631647941,
                0.02895070601464921,
                1.0
            ],
            "obj_pose": [
                0.5014339657590862,
                -0.07340797350554108,
                1.2406298870095542,
                0.6738010896370905,
                0.22004462992428497,
                -0.16877348716213453,
                0.6848999653062385
            ],
            "contact_point_obj": [
                -0.03330197128844675,
                0.05300453129474958,
                -0.002686281823053839,
                1.0
            ]
        }
    ],
    "initial_pose": [
        {
            "robot_pose": [
                0.5122230648994446,
                0.019900603219866753,
                1.2142784595489502,
                0.7154591083526611,
                -0.05934041738510132,
                0.6942930817604065,
                0.050538670271635056
            ],
            "obj_pose": [
                0.5474105444633248,
                0.013434282339003045,
                1.2252458479757375,
                0.696694203094408,
                0.11651266238942821,
                -0.242489781164678,
                0.6650117990744836
            ]
        },
        {
            "robot_pose": [
                0.5035202773451806,
                0.020697419572100327,
                1.185841940095883,
                0.7021157096232553,
                -0.07373522924056967,
                0.7067136557563086,
                0.046394558265243684
            ],
            "obj_pose": [
                0.5381614621507195,
                0.013434282339003045,
                1.1979865185364262,
                0.7097008981546998,
                0.10127777536443963,
                -0.23279782520925713,
                0.6571701605775195
            ]
        },
        {
            "robot_pose": [
                0.505013712513533,
                0.020797958516787632,
                1.2130808509844917,
                0.7173635233218113,
                -0.06341348082508072,
                0.6903552624814759,
                0.06912248130020368
            ],
            "obj_pose": [
                0.5400906343782054,
                0.013434282339003045,
                1.2238345228385703,
                0.6904510433084985,
                0.10630205927645084,
                -0.25770919460467917,
                0.6675052059752039
            ]
        },
        {
            "robot_pose": [
                0.5058581488318705,
                0.020748994846469804,
                1.2396906046187939,
                0.714415280980307,
                -0.06769840702775339,
                0.6938929055734098,
                0.0595009880810772
            ],
            "obj_pose": [
                0.5408690960129056,
                0.013434282339003045,
                1.2506898860097164,
                0.6977280552334216,
                0.10757178508840046,
                -0.2504858841790223,
                0.662465617085246
            ]
        },
        {
            "robot_pose": [
                0.5154118444437249,
                0.020697869416753674,
                1.2425630293508347,
                0.7039033837996512,
                -0.07305601503452525,
                0.7049137819534607,
                0.047743114212887586
            ],
            "obj_pose": [
                0.5501109327519518,
                0.013434282339003045,
                1.2545408925174688,
                0.7083263861851332,
                0.10243851231769913,
                -0.23508706016137357,
                0.6576580843969979
            ]
        },
        {
            "robot_pose": [
                0.5613536915879929,
                0.01935436391486056,
                1.2500021338269618,
                0.7244606205808868,
                -0.05120757833412629,
                0.6856141586650056,
                0.04967714350470643
            ],
            "obj_pose": [
                0.5968920787469102,
                0.013434282339003045,
                1.2601130835832852,
                0.6900490707850434,
                0.1285770250695467,
                -0.247535888081924,
                0.6678519391635069
            ]
        },
        {
            "robot_pose": [
                0.5630676549328931,
                0.019202786726245757,
                1.2172498426676237,
                0.7070725175074634,
                -0.051008710078962426,
                0.7037544499579445,
                0.0466501944918715
            ],
            "obj_pose": [
                0.5980774066568834,
                0.013434282339003045,
                1.229136695659721,
                0.6959575349554383,
                0.11330446381108814,
                -0.22853811064603535,
                0.6712492383620052
            ]
        },
        {
            "robot_pose": [
                0.5616773919328285,
                0.020714892563961633,
                1.2082446185263473,
                0.7104772968050799,
                -0.06702000539289225,
                0.6979374807291148,
                0.06011324808376148
            ],
            "obj_pose": [
                0.5965646944152304,
                0.013434282339003045,
                1.219651829971325,
                0.698162521175297,
                0.10356869576572493,
                -0.2467461213966221,
                0.6640474161227218
            ]
        },
        {
            "robot_pose": [
                0.5089873246289431,
                0.01870370844679339,
                1.1823572341978579,
                0.7199966837762681,
                -0.04676031899452128,
                0.6912748845561653,
                0.03946241123610725
            ],
            "obj_pose": [
                0.5444861462138932,
                0.013434282339003045,
                1.1929554626946974,
                0.6930785200225462,
                0.13162370789428063,
                -0.23500605888816645,
                0.6686475281412247
            ]
        }
    ]
}