{
    "hook_path": "models/hook/Hook_60#15/base.urdf",
    "obj_path": "models/geo_data/hanging_exp/daily_5/base.urdf",
    "hook_pose": [
        0.5,
        -0.1,
        1.3,
        4.329780281177466e-17,
        0.7071067811865475,
        0.7071067811865476,
        4.329780281177467e-17
    ],
    "contact_info": [
        {
            "contact_point_hook": [
                0.0032057594830576797,
                0.00201844084433489,
                0.020429234464560107,
                1.0
            ],
            "contact_point_obj": [
                -0.0004122726006417915,
                0.004547935769220801,
                0.040539922577698784,
                1.0
            ],
            "obj_pose": [
                0.49844298265005005,
                -0.07958757851657261,
                1.2612554628156605,
                0.02315679587629824,
                0.027421888562472116,
                0.6854108073114377,
                0.7272714954218226
            ]
        }
    ]
}