{
    "hook_path": "models/hook_1120/Hook44#15/base.urdf",
    "obj_path": "models/geo_data/hanging_exp/daily_5/base.urdf",
    "hook_pose": [
        0.5,
        -0.1,
        1.3,
        0.0,
        0.0,
        -0.7071067811865475,
        0.7071067811865476
    ],
    "contact_info": [
        {
            "contact_point_hook": [
                0.0020821987737260758,
                -0.00443508574696444,
                -0.03423280788884475,
                1.0
            ],
            "contact_point_obj": [
                -0.0034833309978763993,
                -0.006445515717039441,
                0.04136363957640077,
                1.0
            ],
            "obj_pose": [
                0.5032759872148683,
                -0.106167994736861,
                1.2246761398998687,
                -0.006221682181135107,
                -0.019590320264014048,
                -0.6603684719420752,
                0.7506603701326446
            ]
        }
    ]
}