{
    "hook_path": "models/hook_1120/Hook44#22/base.urdf",
    "obj_path": "models/geo_data/hanging_exp/daily_5/base.urdf",
    "hook_pose": [
        0.5,
        -0.1,
        1.3,
        0.0,
        0.0,
        -0.7071067811865475,
        0.7071067811865476
    ],
    "contact_info": [
        {
            "contact_point_hook": [
                0.006245134621531742,
                -0.0003401916595272003,
                -0.04295214729297858,
                1.0
            ],
            "contact_point_obj": [
                0.0006793441517315424,
                -0.0007196254458453066,
                0.04062835090118866,
                1.0
            ],
            "obj_pose": [
                0.49951826358367474,
                -0.1082396552318568,
                1.216456669935073,
                -0.02859799312923355,
                -0.016420221716076853,
                -0.7852667650375901,
                0.6182787711341654
            ]
        }
    ]
}