{
    "hook_path": "models/hook_all_new_1/Hook_hsr_231_devil/base.urdf",
    "obj_path": "models/geo_data/hanging_exp/daily_5/base.urdf",
    "hook_pose": [
        0.5,
        -0.1,
        1.3,
        4.329780281177466e-17,
        0.7071067811865475,
        0.7071067811865476,
        4.329780281177467e-17
    ],
    "contact_info": [
        {
            "contact_point_hook": [
                0.0005609809312929204,
                0.005190387130126206,
                0.014232737787493763,
                1.0
            ],
            "obj_pose": [
                0.5000047196240444,
                -0.08945844342813312,
                1.2629789153382398,
                0.0028451336757902715,
                -0.0028233331858485214,
                -0.7194309242694865,
                0.6945524308566207
            ],
            "contact_point_obj": [
                -0.0036762505547853035,
                -0.0003568732201228997,
                0.04221505667514047,
                1.0
            ]
        }
    ]
}