{
    "hook_path": "models/hook_1120/Hook42#9/base.urdf",
    "obj_path": "models/geo_data/hanging_exp/daily_5/base.urdf",
    "hook_pose": [
        0.5,
        -0.1,
        1.3,
        0.0,
        0.0,
        -0.7071067811865475,
        0.7071067811865476
    ],
    "contact_info": [
        {
            "contact_point_hook": [
                -0.0024510064500934824,
                -0.0014296946217806639,
                -0.011323410720480043,
                1.0
            ],
            "contact_point_obj": [
                0.00023040605403482767,
                -0.004108629457881818,
                0.040577195435926194,
                1.0
            ],
            "obj_pose": [
                0.5002686806123013,
                -0.09583871321760137,
                1.2479625477807148,
                -0.010911105535893795,
                0.027987698894615123,
                -0.6442962808432633,
                0.7641858013455287
            ]
        }
    ]
}