{
    "hook_path": "models/hook/Hook42#17/base.urdf",
    "obj_path": "models/geo_data/hanging_exp/daily_5/base.urdf",
    "hook_pose": [
        0.5,
        -0.1,
        1.3,
        0.0,
        0.0,
        -0.7071067811865475,
        0.7071067811865476
    ],
    "contact_info": [
        {
            "contact_point_hook": [
                -0.005952224950566562,
                -0.0007006715020458909,
                -0.01379991514059542,
                1.0
            ],
            "contact_point_obj": [
                -0.00403410447791705,
                -0.0007049117282847961,
                0.042703719809704,
                1.0
            ],
            "obj_pose": [
                0.4995033867560642,
                -0.09518073151121352,
                1.243315899488196,
                0.017936847072790137,
                0.02937969589765626,
                -0.6798801989026544,
                0.7325148586384685
            ]
        }
    ]
}