{
    "hook_path": "models/hook_1120/Hook136#18/base.urdf",
    "obj_path": "models/geo_data/hanging_exp/daily_5/base.urdf",
    "hook_pose": [
        0.5,
        -0.1,
        1.3,
        0.0,
        0.0,
        -0.7071067811865475,
        0.7071067811865476
    ],
    "contact_info": [
        {
            "contact_point_hook": [
                -0.006792798995842335,
                -0.03296459276359137,
                -0.01087955099734339,
                1.0
            ],
            "contact_point_obj": [
                -0.0032444052417728853,
                0.00221718596572551,
                0.04195753205932906,
                1.0
            ],
            "obj_pose": [
                0.4657957988697817,
                -0.09689666791811623,
                1.247159422079126,
                0.0035772166079555204,
                -0.009269218964006645,
                -0.6848316061600105,
                0.728633622821125
            ]
        }
    ]
}