{
    "hook_path": "models/hook_1120/Hook_skew#19/base.urdf",
    "obj_path": "models/geo_data/hanging_exp/daily_5/base.urdf",
    "hook_pose": [
        0.5,
        -0.1,
        1.3,
        4.329780281177466e-17,
        0.7071067811865475,
        0.7071067811865476,
        4.329780281177467e-17
    ],
    "contact_info": [
        {
            "contact_point_hook": [
                -0.00012089936737968987,
                0.0025217282284528686,
                0.016544956443761045,
                1.0
            ],
            "contact_point_obj": [
                0.00304976023458213,
                0.0010616678342955654,
                0.04118977237839472,
                1.0
            ],
            "obj_pose": [
                0.5001707906733883,
                -0.08531891647515162,
                1.2612476563035444,
                0.018871114974569243,
                -0.0014450167156110558,
                0.7076322806850592,
                0.7063273662253005
            ]
        }
    ]
}