{
    "hook_path": "models/hook/Hook44#12/base.urdf",
    "obj_path": "models/geo_data/hanging_exp/daily_5/base.urdf",
    "hook_pose": [
        0.5,
        -0.1,
        1.3,
        0.0,
        0.0,
        -0.7071067811865475,
        0.7071067811865476
    ],
    "contact_info": [
        {
            "contact_point_hook": [
                0.003825079758082023,
                0.00032990787274900235,
                -0.039796850798618166,
                1.0
            ],
            "contact_point_obj": [
                -0.0032745896417079798,
                -0.0011296878699113555,
                0.04177995633344311,
                1.0
            ],
            "obj_pose": [
                0.49725766807811744,
                -0.10657725710417672,
                1.2184832409353112,
                -0.02951732487197331,
                0.03684798114220831,
                -0.7377844457275448,
                0.673383297580691
            ]
        }
    ]
}