{
    "hook_path": "models/hook_1120/Hook12#14/base.urdf",
    "obj_path": "models/geo_data/hanging_exp/daily_5/base.urdf",
    "hook_pose": [
        0.5,
        -0.1,
        1.3,
        0.5,
        -0.4999999999999999,
        -0.5,
        0.5000000000000001
    ],
    "contact_info": [
        {
            "contact_point_hook": [
                0.00391499097329935,
                0.024334235966071427,
                0.0027442167135628415,
                1.0
            ],
            "contact_point_obj": [
                0.0023184445643293916,
                0.004905360265421876,
                0.04068331929400548,
                1.0
            ],
            "obj_pose": [
                0.5027761675340908,
                -0.08407540472778512,
                1.288830906704233,
                0.1949032603159075,
                -0.20208113000007513,
                0.670401571941781,
                0.6868316157211399
            ]
        }
    ]
}