{
    "hook_path": "models/hook_1120/Hook122#19/base.urdf",
    "obj_path": "models/geo_data/hanging_exp/daily_5/base.urdf",
    "hook_pose": [
        0.5,
        -0.1,
        1.3,
        0.7071067811865476,
        -0.7071067811865475,
        -4.329780281177466e-17,
        4.329780281177467e-17
    ],
    "contact_info": [
        {
            "contact_point_hook": [
                -0.003920169294478012,
                -0.0020023849370532365,
                0.04149898807249941,
                1.0
            ],
            "contact_point_obj": [
                -0.0019439079223025346,
                0.003861940361056748,
                0.040903578106733285,
                1.0
            ],
            "obj_pose": [
                0.4945930671051891,
                -0.09723480226409564,
                1.2180589037571579,
                -0.027155935516439685,
                0.03195343476088506,
                -0.7378433991687703,
                0.6736680573370565
            ]
        }
    ]
}