{
    "hook_path": "models/hook_1120/Hook15#18/base.urdf",
    "obj_path": "models/geo_data/hanging_exp/daily_5/base.urdf",
    "hook_pose": [
        0.5,
        -0.1,
        1.3,
        0.0,
        0.0,
        -0.7071067811865475,
        0.7071067811865476
    ],
    "contact_info": [
        {
            "contact_point_hook": [
                -0.006141143821179168,
                0.000259841685171458,
                0.006193056640380057,
                1.0
            ],
            "contact_point_obj": [
                -0.0022334308925581817,
                -0.0012498121563498943,
                0.040624245790807034,
                1.0
            ],
            "obj_pose": [
                0.5035640974771443,
                -0.09589197646889144,
                1.265673581007085,
                0.020723212183034342,
                -0.016114891371516962,
                -0.7167597447502825,
                0.6968258943655948
            ]
        }
    ]
}