{
    "hook_path": "models/hook_1120/Hook_180#6/base.urdf",
    "obj_path": "models/geo_data/hanging_exp/daily_5/base.urdf",
    "hook_pose": [
        0.5,
        -0.1,
        1.3,
        4.329780281177466e-17,
        0.7071067811865475,
        0.7071067811865476,
        4.329780281177467e-17
    ],
    "contact_info": [
        {
            "contact_point_hook": [
                -0.0009510178685687709,
                -0.014816129448148585,
                0.03137946048203255,
                1.0
            ],
            "contact_point_obj": [
                -0.004956052435942743,
                0.002613193091075161,
                0.045463253885456245,
                1.0
            ],
            "obj_pose": [
                0.49827036775332023,
                -0.07152682485341207,
                1.2395476315718357,
                0.015737002143174243,
                0.014601362606470322,
                -0.7194744198568175,
                0.694187082957668
            ]
        }
    ]
}