{
    "hook_path": "models/hook_1120/Hook12#1/base.urdf",
    "obj_path": "models/geo_data/hanging_exp/daily_5/base.urdf",
    "hook_pose": [
        0.5,
        -0.1,
        1.3,
        0.5,
        -0.4999999999999999,
        -0.5,
        0.5000000000000001
    ],
    "contact_info": [
        {
            "contact_point_hook": [
                0.002699826302494379,
                0.022069047410050446,
                0.000305423457603593,
                1.0
            ],
            "contact_point_obj": [
                0.002420152525182906,
                0.004937785254925664,
                0.04045747814436984,
                1.0
            ],
            "obj_pose": [
                0.4979755130226687,
                -0.08173284918229186,
                1.2870765183455897,
                0.2652271410913717,
                -0.15130601924819104,
                0.6831900146534342,
                0.6633343471022769
            ]
        }
    ]
}