{
    "hook_path": "models/hook/Hook42/base.urdf",
    "obj_path": "models/geo_data/hanging_exp/daily_5/base.urdf",
    "hook_pose": [
        0.5,
        -0.1,
        1.3,
        0.0,
        0.0,
        -0.7071067811865475,
        0.7071067811865476
    ],
    "contact_info": [
        {
            "contact_point_hook": [
                0.006209890694902089,
                -0.005338245253156626,
                -0.038062109752025064,
                1.0
            ],
            "contact_point_obj": [
                0.009647109603519277,
                -0.005546555826270061,
                0.016837416286230145,
                1.0
            ],
            "object_pose": [
                0.5001568150076463,
                -0.09457661526497925,
                1.2463879446553452,
                0.04536354025057858,
                0.03431892614834117,
                -0.6957767016659099,
                0.7160021940908187
            ]
        }
    ]
}