{
    "hook_path": "models/hook_1120/Hook15#12/base.urdf",
    "obj_path": "models/geo_data/hanging_exp/daily_5/base.urdf",
    "hook_pose": [
        0.5,
        -0.1,
        1.3,
        0.0,
        0.0,
        -0.7071067811865475,
        0.7071067811865476
    ],
    "contact_info": [
        {
            "contact_point_hook": [
                -0.006100805363921852,
                0.000269382747086655,
                0.006219573733068806,
                1.0
            ],
            "contact_point_obj": [
                -0.002815114626264076,
                -0.0003572050728952725,
                0.04062853493708851,
                1.0
            ],
            "obj_pose": [
                0.5026306904683998,
                -0.09627550672921531,
                1.2656300715971887,
                0.026274770662247454,
                -0.015170844010859458,
                -0.7569554133847818,
                0.6527618126591955
            ]
        }
    ]
}