{
    "hook_path": "models/hook_1120/Hook145#8/base.urdf",
    "obj_path": "models/geo_data/hanging_exp/daily_5/base.urdf",
    "hook_pose": [
        0.5,
        -0.1,
        1.3,
        0.0,
        0.0,
        -0.7071067811865475,
        0.7071067811865476
    ],
    "contact_info": [
        {
            "contact_point_hook": [
                -0.01577692902478652,
                -0.009736127900061287,
                0.052517381083366566,
                1.0
            ],
            "contact_point_obj": [
                0.0022497289229578277,
                0.005355317438888729,
                0.04043500977827752,
                1.0
            ],
            "obj_pose": [
                0.45729671786585074,
                -0.06377687397987766,
                1.3397169712851908,
                0.616373227998719,
                0.17998150335101576,
                0.5170910108528902,
                0.5659572322650216
            ]
        }
    ]
}