{
    "hook_path": "models/hook_1120/Hook_bar#10/base.urdf",
    "obj_path": "models/geo_data/hanging_exp/daily_5/base.urdf",
    "hook_pose": [
        0.5,
        -0.1,
        1.3,
        4.329780281177466e-17,
        0.7071067811865475,
        0.7071067811865476,
        4.329780281177467e-17
    ],
    "contact_info": [
        {
            "contact_point_hook": [
                -0.0014389685632728577,
                -0.001534821185683155,
                0.023164202025865627,
                1.0
            ],
            "contact_point_obj": [
                0.0031393697274492705,
                0.0012868935536728965,
                0.04067002061027991,
                1.0
            ],
            "obj_pose": [
                0.4927175018538062,
                -0.0744765283403741,
                1.2586665333728502,
                -0.06786323890042664,
                0.05937408773766771,
                -0.6831808104692236,
                0.7246608025261737
            ]
        }
    ]
}