{
    "hook_path": "models/hook/Hook40#6/base.urdf",
    "obj_path": "models/geo_data/hanging_exp/daily_5/base.urdf",
    "hook_pose": [
        0.5,
        -0.1,
        1.3,
        0.0,
        0.0,
        -0.7071067811865475,
        0.7071067811865476
    ],
    "contact_info": [
        {
            "contact_point_hook": [
                -0.003751905731002676,
                -0.005274082225441679,
                -0.03877346980940044,
                1.0
            ],
            "contact_point_obj": [
                0.00502421521176688,
                0.006819974293185205,
                0.04351317351544237,
                1.0
            ],
            "obj_pose": [
                0.4955301772532768,
                -0.1019171341308428,
                1.2172678426422372,
                0.03914630531579546,
                0.030936036799228017,
                0.5920545262104069,
                0.8043518921473672
            ]
        }
    ]
}