{
    "hook_path": "models/hook_all_new/Hook_my_bar_easy/base.urdf",
    "obj_path": "models/everyday_objects_50/scissor_95/base.urdf",
    "hook_pose": [
        0.5,
        -0.1,
        1.3,
        4.329780281177466e-17,
        0.7071067811865475,
        0.7071067811865476,
        4.329780281177467e-17
    ],
    "contact_info": [
        {
            "contact_point_hook": [
                -0.0007012952493091751,
                -0.003073650308662579,
                0.03544506054994455,
                1.0
            ],
            "obj_pose": [
                0.5047959878424025,
                -0.06614353187174966,
                1.2413359697484472,
                0.7073052449864591,
                0.11277379009310744,
                -0.10661664996004348,
                0.6896624193284554
            ],
            "contact_point_obj": [
                -0.020909014007202645,
                0.05160499201811608,
                -0.0030526066837851737,
                1.0
            ]
        }
    ],
    "initial_pose": [
        {
            "robot_pose": [
                0.49306240677833557,
                -0.005842216312885284,
                1.2501565217971802,
                0.7129096388816833,
                -0.05581383407115936,
                0.6965627670288086,
                0.05869394913315773
            ],
            "obj_pose": [
                0.5259974830650723,
                -0.01001780165140467,
                1.2546112180627136,
                0.7313985160063808,
                0.08237658074363527,
                -0.19685653626214658,
                0.647701948321542
            ]
        },
        {
            "robot_pose": [
                0.4866284306331171,
                -0.0059757367640815495,
                1.2151981134982133,
                0.7066675514694418,
                -0.060894268530573864,
                0.7032450373742853,
                0.04857239101331464
            ],
            "obj_pose": [
                0.5194974353190441,
                -0.01001780165140467,
                1.220226962686025,
                0.7394855477754664,
                0.0804181928764897,
                -0.18646601136973023,
                0.6418134195305999
            ]
        },
        {
            "robot_pose": [
                0.4860947179613719,
                -0.00591328665112529,
                1.2533497708485037,
                0.7070763167834037,
                -0.06531940716344845,
                0.7027308803490465,
                0.04411085009026109
            ],
            "obj_pose": [
                0.5189654482175815,
                -0.01001780165140467,
                1.2583163723813995,
                0.743492999811793,
                0.08170733926688245,
                -0.18606912311850562,
                0.6371187890516952
            ]
        },
        {
            "robot_pose": [
                0.48699794000179275,
                -0.0053108276037032625,
                1.2796033361817423,
                0.711244544332899,
                -0.05951434494438077,
                0.6971967681957155,
                0.06712605544777499
            ],
            "obj_pose": [
                0.5198446455285035,
                -0.01001780165140467,
                1.2841790779911528,
                0.7300292749568031,
                0.07452482792398257,
                -0.2016972546981915,
                0.6487075806371914
            ]
        },
        {
            "robot_pose": [
                0.48970604051640815,
                -0.006141454478593461,
                1.282092604455246,
                0.6997846459426612,
                -0.048311701076819105,
                0.7100225277692839,
                0.061930920403983306
            ],
            "obj_pose": [
                0.5224821503405318,
                -0.01001780165140467,
                1.287810964285075,
                0.7286868024065183,
                0.07114700760572083,
                -0.1822694308295058,
                0.6563013803828263
            ]
        },
        {
            "robot_pose": [
                0.5398596792796847,
                -0.006269824209844108,
                1.2759435595852269,
                0.7152200120830741,
                -0.0430249182832532,
                0.6945396456044268,
                0.06499131793004322
            ],
            "obj_pose": [
                0.5728686314915636,
                -0.01001780165140467,
                1.280228512411341,
                0.7215957403816291,
                0.08593728132996241,
                -0.1978860517123015,
                0.6578415323453056
            ]
        },
        {
            "robot_pose": [
                0.5444196586120633,
                -0.004879881866926523,
                1.251307423712986,
                0.7144893430797621,
                -0.06721926916006567,
                0.6931314769749498,
                0.06749299301084023
            ],
            "obj_pose": [
                0.5772500583762362,
                -0.01001780165140467,
                1.2555223630201933,
                0.7331052275203495,
                0.07442144399895134,
                -0.2084467642718584,
                0.6430926220382565
            ]
        },
        {
            "robot_pose": [
                0.5408482658795899,
                -0.006322879316783563,
                1.2379584063909181,
                0.7060051369453718,
                -0.057067777257205646,
                0.7044679961971719,
                0.044998419301239094
            ],
            "obj_pose": [
                0.5737439639029135,
                -0.01001780165140467,
                1.2430789222096612,
                0.7391329509129244,
                0.08336456480774682,
                -0.1821172334257477,
                0.6430910849160631
            ]
        },
        {
            "robot_pose": [
                0.4886285659349164,
                -0.005869610604340488,
                1.2252719720327288,
                0.7208727800125037,
                -0.05378336149931297,
                0.6883302118208775,
                0.060426025498163255
            ],
            "obj_pose": [
                0.5216602055677539,
                -0.01001780165140467,
                1.2289736440811396,
                0.7279259581461093,
                0.08971370388660029,
                -0.20536121303784846,
                0.6479984745133583
            ]
        }
    ]
}