{
    "hook_path": "models/hook/Hook35#18/base.urdf",
    "obj_path": "models/geo_data/hanging_exp/daily_5/base.urdf",
    "hook_pose": [
        0.5,
        -0.1,
        1.3,
        0.0,
        0.0,
        -0.7071067811865475,
        0.7071067811865476
    ],
    "contact_info": [
        {
            "contact_point_hook": [
                -0.0007557395098669588,
                0.0027097271128266875,
                0.02477994987665122,
                1.0
            ],
            "contact_point_obj": [
                -0.0011686680554685441,
                0.001740241823795896,
                0.04133642025829065,
                1.0
            ],
            "obj_pose": [
                0.4913413319331822,
                -0.09866606316242928,
                1.284986493815524,
                -0.07506903930985141,
                0.09059023650273017,
                -0.7460790379936094,
                0.6553808949412592
            ]
        }
    ]
}