{
    "file": "models/everyday_objects/mug_159/base.urdf",
    "contact_pose": [
        -0.015577206590295462,
        0.0650789328164092,
        -0.00946202340142218,
        -0.4473264391523117,
        -0.5450143017075416,
        -0.40574023867102754,
        0.5815783064151651
    ],
    "obj_pose": [
        0.4973497841269278,
        -0.07682208625126243,
        1.2317319767335908,
        0.7007125459340825,
        0.06914476931295988,
        -0.12418501434419704,
        0.6991416244650046
    ],
    "initial_pose": [
        {
            "robot_pose": [
                0.4926111102104187,
                0.13817402720451355,
                1.2567449808120728,
                0.7194173336029053,
                -0.04404095932841301,
                0.6923027038574219,
                0.0348736047744751
            ],
            "obj_pose": [
                0.5652725403631531,
                0.10276797933999789,
                1.2651772742327239,
                0.6565690951753066,
                -0.01195868742533904,
                0.044810268791562316,
                0.7528386632383928
            ]
        },
        {
            "robot_pose": [
                0.4625500045148518,
                0.13761025108590574,
                1.22975513516759,
                0.7227762196033444,
                -0.04997559553015246,
                0.688953116240053,
                0.020989994054903705
            ],
            "obj_pose": [
                0.5356488199621059,
                0.10276797933999789,
                1.2366074712181385,
                0.6675383981392872,
                -0.006124135199770943,
                0.04610655103732516,
                0.7431212336685932
            ]
        },
        {
            "robot_pose": [
                0.4623181521837821,
                0.13869258769079945,
                1.2597227241258881,
                0.7200152863100475,
                -0.03864577313649545,
                0.6912232922153312,
                0.04790461353086646
            ],
            "obj_pose": [
                0.5346462947087082,
                0.10276797933999789,
                1.2688022364086349,
                0.646711083099184,
                -0.013285333964588782,
                0.039801633211549885,
                0.761580005575135
            ]
        },
        {
            "robot_pose": [
                0.46458830360189024,
                0.1406445847133124,
                1.2892924335514688,
                0.7162035878187606,
                -0.054342621933486136,
                0.6940124271062391,
                0.04945757029046364
            ],
            "obj_pose": [
                0.5359047306051595,
                0.10276797933999789,
                1.2984414900295227,
                0.6534369360797074,
                -0.025734437132702175,
                0.03368564322778627,
                0.7557930846154638
            ]
        },
        {
            "robot_pose": [
                0.49441607210840544,
                0.13898637466928662,
                1.283404045441382,
                0.7271385714690712,
                -0.042060854572780665,
                0.6836214314649627,
                0.046498611122496813
            ],
            "obj_pose": [
                0.5667974329356277,
                0.10276797933999789,
                1.2907212630907254,
                0.6501081659922648,
                -0.006710862517839571,
                0.031962691720986786,
                0.7591394622678956
            ]
        },
        {
            "robot_pose": [
                0.5176501005613086,
                0.1380445677536855,
                1.29059008635124,
                0.7266507364018068,
                -0.03848496917694484,
                0.6847258018731897,
                0.04059791476515959
            ],
            "obj_pose": [
                0.5904900832628325,
                0.10276797933999789,
                1.2979572065138292,
                0.6514469436117121,
                -0.003359592411207912,
                0.037801643051618705,
                0.7577444348725945
            ]
        },
        {
            "robot_pose": [
                0.5252750094722372,
                0.1381893732719144,
                1.2537318320490531,
                0.7147411244246995,
                -0.034144642020066736,
                0.6968740866763569,
                0.048433209644121046
            ],
            "obj_pose": [
                0.5976670761801453,
                0.10276797933999789,
                1.2641763884893633,
                0.6434084857500045,
                -0.01691946965523185,
                0.046929795721484834,
                0.7638958347085103
            ]
        },
        {
            "robot_pose": [
                0.5205185766112075,
                0.13538284200346176,
                1.2295157588830017,
                0.7187715412127176,
                -0.030219591573145584,
                0.6942456817230939,
                0.021844478402645157
            ],
            "obj_pose": [
                0.5944395691097162,
                0.10276797933999789,
                1.238252625085243,
                0.6563614182475493,
                -0.0009243284863419762,
                0.060383304972032724,
                0.7520257247817851
            ]
        },
        {
            "robot_pose": [
                0.49322029451512506,
                0.13981418659215897,
                1.2310786739626947,
                0.719427669884834,
                -0.05680101925938895,
                0.6912662182961681,
                0.03672175727939856
            ],
            "obj_pose": [
                0.5651276059576872,
                0.10276797933999789,
                1.238907615071769,
                0.662090217095854,
                -0.01889366959030698,
                0.03655964877769564,
                0.7482933687776664
            ]
        }
    ]
}