{
    "hook_path": "models/hook_1120/Hook_180#16/base.urdf",
    "obj_path": "models/geo_data/hanging_exp/daily_5/base.urdf",
    "hook_pose": [
        0.5,
        -0.1,
        1.3,
        4.329780281177466e-17,
        0.7071067811865475,
        0.7071067811865476,
        4.329780281177467e-17
    ],
    "contact_info": [
        {
            "contact_point_hook": [
                0.0003911031985517899,
                -0.020743537439898763,
                0.03305329334884219,
                1.0
            ],
            "contact_point_obj": [
                -0.0019062277493222188,
                -0.0035222016393691713,
                0.04092294538591634,
                1.0
            ],
            "obj_pose": [
                0.4972330463554698,
                -0.06960282930340278,
                1.2382927296394566,
                -0.05470430522408328,
                0.04280115690826057,
                -0.740209356787349,
                0.6687791923211457
            ]
        }
    ]
}