{
    "hook_path": "models/hook_all_new/Hook_hsr_304_hard/base.urdf",
    "obj_path": "models/everyday_objects_50/mug_90/base.urdf",
    "hook_pose": [
        0.5,
        -0.1,
        1.3,
        4.329780281177466e-17,
        0.7071067811865475,
        0.7071067811865476,
        4.329780281177467e-17
    ],
    "contact_info": [
        {
            "contact_point_hook": [],
            "obj_pose": [
                0.49203227141570594,
                -0.06542073368941694,
                1.2540387851371442,
                0.691721746327933,
                0.1250230582940296,
                -0.2084933859943905,
                0.6800152708200282
            ],
            "contact_point_obj": []
        }
    ],
    "initial_pose": [
        {
            "robot_pose": [
                0.48617497086524963,
                0.18016310036182404,
                1.3081892728805542,
                0.7233690619468689,
                -0.016350962221622467,
                0.6898524165153503,
                0.023947903886437416
            ],
            "obj_pose": [
                0.536300969678333,
                0.15821254812569852,
                1.302772313918762,
                0.7238761949891407,
                0.08597165035112238,
                -0.03920558673656899,
                0.683428892886882
            ]
        },
        {
            "robot_pose": [
                0.478270130064106,
                0.1806564506584258,
                1.279052021816267,
                0.7322770797687099,
                -0.01029337632047226,
                0.6800137751162942,
                0.035292924240154656
            ],
            "obj_pose": [
                0.5280806825491217,
                0.15821254812569852,
                1.2728097429765501,
                0.7153146722070275,
                0.0922172148450351,
                -0.05248655776772785,
                0.69069969325697
            ]
        },
        {
            "robot_pose": [
                0.47405774633889897,
                0.17874001024019445,
                1.3049544078615931,
                0.7280382235315512,
                -0.016838339752264477,
                0.6853089411948399,
                0.005335776402527909
            ],
            "obj_pose": [
                0.5246382601616267,
                0.15821254812569852,
                1.2983195856755343,
                0.7319801515224217,
                0.09975038593092263,
                -0.03396572658002142,
                0.6731279578963689
            ]
        },
        {
            "robot_pose": [
                0.4719719460537808,
                0.18064587574824834,
                1.3353687355685337,
                0.7191956346829903,
                -0.026044147916774122,
                0.6939696985907314,
                0.022031769109839717
            ],
            "obj_pose": [
                0.5219114514421856,
                0.15821254812569852,
                1.3302133928820905,
                0.7299579159492515,
                0.0779959678425699,
                -0.037960508470352226,
                0.6779653897803327
            ]
        },
        {
            "robot_pose": [
                0.4849826731456097,
                0.17953601229239985,
                1.3412232296326636,
                0.7280999097987431,
                -0.02155895482386799,
                0.6850339113872135,
                0.011587625619592005
            ],
            "obj_pose": [
                0.5352357446403255,
                0.15821254812569852,
                1.3346107697157923,
                0.7318341060076541,
                0.09426781155817478,
                -0.03952930758835641,
                0.6737728510630235
            ]
        },
        {
            "robot_pose": [
                0.5341197743847776,
                0.18030351339004597,
                1.3369378004902055,
                0.7346970613504876,
                -0.0223623020874342,
                0.6777074016733543,
                0.020804643843600968
            ],
            "obj_pose": [
                0.5839354542929123,
                0.15821254812569852,
                1.3295775536292973,
                0.7280222505252985,
                0.0957848238174162,
                -0.05204388476086948,
                0.6768310751770662
            ]
        },
        {
            "robot_pose": [
                0.5332597504771567,
                0.17884281589382406,
                1.306279766225651,
                0.7217275432481174,
                -0.0086908509356277,
                0.691993244411543,
                0.013385518885649709
            ],
            "obj_pose": [
                0.5839615192069197,
                0.15821254812569852,
                1.3010348978418969,
                0.7243712018576925,
                0.09353179523037891,
                -0.028289554518239318,
                0.6824499002164071
            ]
        },
        {
            "robot_pose": [
                0.5343162023619051,
                0.1791138277688788,
                1.3010134089686007,
                0.7176620790742899,
                -0.02107687311434416,
                0.6960432620232583,
                0.006378328190936798
            ],
            "obj_pose": [
                0.5849111628385713,
                0.15821254812569852,
                1.295810291776377,
                0.7340749252095843,
                0.08688506114328881,
                -0.025479129325004374,
                0.6730050551797587
            ]
        },
        {
            "robot_pose": [
                0.49042437569472136,
                0.18170524241968838,
                1.2795184588166764,
                0.7277534799641169,
                -0.03121991850988897,
                0.6843992249688667,
                0.03158939616973377
            ],
            "obj_pose": [
                0.5397402106438959,
                0.15821254812569852,
                1.2732075410586357,
                0.7282412558244662,
                0.07911123554435953,
                -0.05464714515890141,
                0.6785423901657369
            ]
        }
    ]
}