{
    "hook_path": "models/hook_all_new/Hook_hsr_304_hard/base.urdf",
    "obj_path": "models/everyday_objects_50/daily_85/base.urdf",
    "hook_pose": [
        0.5,
        -0.1,
        1.3,
        4.329780281177466e-17,
        0.7071067811865475,
        0.7071067811865476,
        4.329780281177467e-17
    ],
    "contact_info": [
        {
            "contact_point_hook": [],
            "obj_pose": [
                0.4968345390172102,
                -0.06609802701292679,
                1.2515522261268632,
                0.22037996288294648,
                0.7153413245415966,
                0.6612217644064997,
                0.05005236895433156
            ],
            "contact_point_obj": []
        }
    ],
    "initial_pose": [
        {
            "robot_pose": [
                0.5368232131004333,
                0.07677321135997772,
                1.2394040822982788,
                0.7107580900192261,
                -0.04984486848115921,
                0.7001779675483704,
                0.04570792242884636
            ],
            "obj_pose": [
                0.5728485301582238,
                0.07389232001113198,
                1.2380504642795214,
                0.07360509662625839,
                0.6724459923420516,
                0.7362906625237127,
                0.016575204799484662
            ]
        },
        {
            "robot_pose": [
                0.5275739911417006,
                0.07760244834938362,
                1.2054797406783841,
                0.7056860898336991,
                -0.05766873349276545,
                0.7041006936165003,
                0.05407100000303307
            ],
            "obj_pose": [
                0.5635376972540911,
                0.07389232001113198,
                1.2045841536115962,
                0.07668634522326785,
                0.672096043690051,
                0.7358982925280441,
                0.029322611868453075
            ]
        },
        {
            "robot_pose": [
                0.5254066343837235,
                0.07741724301347656,
                1.2347144644062134,
                0.7116389629476005,
                -0.05675997256947094,
                0.6983554076002141,
                0.0514588826570835
            ],
            "obj_pose": [
                0.5613690548532878,
                0.07389232001113198,
                1.2332196341092592,
                0.0810421717131417,
                0.6711356821250568,
                0.7365672947619982,
                0.021855957301016353
            ]
        },
        {
            "robot_pose": [
                0.5247462918238845,
                0.07649639449906398,
                1.2724612915297797,
                0.7098685834675087,
                -0.04304873674295666,
                0.7014545325797105,
                0.04685017816453014
            ],
            "obj_pose": [
                0.5607968079414649,
                0.07389232001113198,
                1.2712225948210287,
                0.06993341356034391,
                0.6768858433467462,
                0.7326089986032092,
                0.014796212696671009
            ]
        },
        {
            "robot_pose": [
                0.5381403618214524,
                0.0759711863269043,
                1.266619184710042,
                0.7164412794806205,
                -0.04526009967339981,
                0.6953034138210299,
                0.03487949487230233
            ],
            "obj_pose": [
                0.5741966655138269,
                0.07389232001113198,
                1.2647280039404425,
                0.0715880754542033,
                0.6696275926335523,
                0.7392310181594156,
                0.0033965316943017315
            ]
        },
        {
            "robot_pose": [
                0.5918762147826098,
                0.0778130771650983,
                1.2635256897640397,
                0.6976746186077781,
                -0.061158645590712844,
                0.7117018536216144,
                0.054682887374013174
            ],
            "obj_pose": [
                0.6278285800803832,
                0.07389232001113198,
                1.2634238140850715,
                0.07048269469217931,
                0.6706486748423071,
                0.7373936848575402,
                0.03889856312777228
            ]
        },
        {
            "robot_pose": [
                0.5864201146581102,
                0.07692988701813094,
                1.2428013912497284,
                0.7147745316764481,
                -0.04511360845129912,
                0.6958741612414968,
                0.05311575016565689
            ],
            "obj_pose": [
                0.6224144854575431,
                0.07389232001113198,
                1.2410311530595923,
                0.07944360661355071,
                0.678404088376143,
                0.7302435723873502,
                0.014175021330713324
            ]
        },
        {
            "robot_pose": [
                0.5842725015653265,
                0.0758469304551112,
                1.2291652798045056,
                0.7122210525147501,
                -0.04669911763829464,
                0.6997097693648049,
                0.03109024641327294
            ],
            "obj_pose": [
                0.6203562124628214,
                0.07389232001113198,
                1.2277159379893394,
                0.06588198784114321,
                0.6672100757186955,
                0.7419242090904272,
                0.0062246689145837725
            ]
        },
        {
            "robot_pose": [
                0.5342968096007625,
                0.07762843456915464,
                1.2046400273651081,
                0.701341873618959,
                -0.06115715166266298,
                0.7083511637894702,
                0.05116647210099078
            ],
            "obj_pose": [
                0.5702659811424723,
                0.07389232001113198,
                1.204175880371929,
                0.07237579076280995,
                0.6688924522485776,
                0.7390619603741201,
                0.03364596505235748
            ]
        }
    ]
}