{
    "hook_path": "models/hook_1120/Hook40#20/base.urdf",
    "obj_path": "models/geo_data/hanging_exp/daily_5/base.urdf",
    "hook_pose": [
        0.5,
        -0.1,
        1.3,
        0.0,
        0.0,
        -0.7071067811865475,
        0.7071067811865476
    ],
    "contact_info": [
        {
            "contact_point_hook": [
                0.0002906472445478458,
                0.0022923255507013574,
                -0.048031762284215684,
                1.0
            ],
            "contact_point_obj": [
                0.0057145274074331676,
                -0.0008868579268042631,
                0.04368397423566628,
                1.0
            ],
            "obj_pose": [
                0.49366950086335937,
                -0.10907049198704079,
                1.209656381620783,
                0.06736493355663598,
                0.09336681062601189,
                0.8005625885783502,
                0.5880851521413949
            ]
        }
    ]
}