{
    "hook_path": "models/hook_1120/Hook84#0/base.urdf",
    "obj_path": "models/geo_data/hanging_exp/daily_5/base.urdf",
    "hook_pose": [
        0.5,
        -0.1,
        1.3,
        0.0,
        0.0,
        -0.7071067811865475,
        0.7071067811865476
    ],
    "contact_info": [
        {
            "contact_point_hook": [
                -0.02059492889793857,
                0.005556758803952566,
                -0.02295100152835805,
                1.0
            ],
            "contact_point_obj": [
                -0.012066199189399468,
                0.0027014402385218683,
                0.03927749185481666,
                1.0
            ],
            "obj_pose": [
                0.49525184952916784,
                -0.08857038176552738,
                1.2382492789632955,
                -0.036389859080565336,
                0.069845369555947,
                -0.7589599284571729,
                0.6463568901960995
            ]
        }
    ]
}