{
    "hook_path": "models/hook_1120/Hook136#8/base.urdf",
    "obj_path": "models/geo_data/hanging_exp/daily_5/base.urdf",
    "hook_pose": [
        0.5,
        -0.1,
        1.3,
        0.0,
        0.0,
        -0.7071067811865475,
        0.7071067811865476
    ],
    "contact_info": [
        {
            "contact_point_hook": [
                -0.004954559546344742,
                -0.051059140214207266,
                -0.013925487817390447,
                1.0
            ],
            "contact_point_obj": [
                -0.004392740272435393,
                0.0013315182151440452,
                0.04320471847933827,
                1.0
            ],
            "obj_pose": [
                0.4484646419136068,
                -0.09919709321702617,
                1.2428280810858379,
                0.01124918978225896,
                -0.008538267621958391,
                -0.7358150266420593,
                0.6770353020951005
            ]
        }
    ]
}