{
    "hook_path": "models/hook/Hook_90#8/base.urdf",
    "obj_path": "models/geo_data/hanging_exp/daily_5/base.urdf",
    "hook_pose": [
        0.5,
        -0.1,
        1.3,
        4.329780281177466e-17,
        0.7071067811865475,
        0.7071067811865476,
        4.329780281177467e-17
    ],
    "contact_info": [
        {
            "contact_point_hook": [
                -0.0043357404448824965,
                -0.000992187296570135,
                0.03102564519042084,
                1.0
            ],
            "contact_point_obj": [
                -0.006325321925851335,
                0.00690627061890392,
                0.04369778621382703,
                1.0
            ],
            "obj_pose": [
                0.5012565027051762,
                -0.07649341275941779,
                1.2550625643390636,
                0.019617071022794544,
                -0.030629416697753174,
                -0.6696805795543039,
                0.7417580001085621
            ]
        }
    ]
}