{
    "hook_path": "models/hook_1120/Hook_bar#16/base.urdf",
    "obj_path": "models/geo_data/hanging_exp/daily_5/base.urdf",
    "hook_pose": [
        0.5,
        -0.1,
        1.3,
        4.329780281177466e-17,
        0.7071067811865475,
        0.7071067811865476,
        4.329780281177467e-17
    ],
    "contact_info": [
        {
            "contact_point_hook": [
                0.00025165936787230336,
                -0.003312312401138273,
                0.024679937656560614,
                1.0
            ],
            "contact_point_obj": [
                -0.0010638642430120977,
                -0.0010027016245652276,
                0.04063465280806433,
                1.0
            ],
            "obj_pose": [
                0.5000530177908443,
                -0.07703884141457039,
                1.2560642313593813,
                -0.01031665014466168,
                -0.00014685232911170127,
                -0.7352184073403512,
                0.6777517529834235
            ]
        }
    ]
}