{
    "hook_path": "models/hook_1120/Hook_60#3/base.urdf",
    "obj_path": "models/geo_data/hanging_exp/daily_5/base.urdf",
    "hook_pose": [
        0.5,
        -0.1,
        1.3,
        4.329780281177466e-17,
        0.7071067811865475,
        0.7071067811865476,
        4.329780281177467e-17
    ],
    "contact_info": [
        {
            "contact_point_hook": [
                0.0027827980968353483,
                0.00344945488171855,
                0.021308848817445495,
                1.0
            ],
            "contact_point_obj": [
                0.004586232546388638,
                0.0028535686007439276,
                0.04205491565744013,
                1.0
            ],
            "obj_pose": [
                0.5031959857492802,
                -0.0821855071957391,
                1.2616184145712308,
                -0.01728152564689566,
                -0.03194911734962672,
                0.7240949560437012,
                0.6887431287526329
            ]
        }
    ]
}