{
    "hook_path": "models/hook_1120/Hook_180#26/base.urdf",
    "obj_path": "models/geo_data/hanging_exp/daily_5/base.urdf",
    "hook_pose": [
        0.5,
        -0.1,
        1.3,
        4.329780281177466e-17,
        0.7071067811865475,
        0.7071067811865476,
        4.329780281177467e-17
    ],
    "contact_info": [
        {
            "contact_point_hook": [
                -0.00013170244072191473,
                -0.02069921271186148,
                0.038433926530669044,
                1.0
            ],
            "contact_point_obj": [
                -0.0018105307154239886,
                -0.0026347211761598155,
                0.04087421068990138,
                1.0
            ],
            "obj_pose": [
                0.49560335430640345,
                -0.06339913093481196,
                1.2385938488111086,
                -0.061312187222681905,
                0.05945413220929582,
                -0.7354636054819468,
                0.6721601794756262
            ]
        }
    ]
}