{
    "hook_path": "models/hook_1120/Hook2#23/base.urdf",
    "obj_path": "models/geo_data/hanging_exp/daily_5/base.urdf",
    "hook_pose": [
        0.5,
        -0.1,
        1.3,
        0.0,
        0.0,
        -0.7071067811865475,
        0.7071067811865476
    ],
    "contact_info": [
        {
            "contact_point_hook": [
                -0.0056126179770583234,
                -0.0014484782598207513,
                -0.01307265028405924,
                1.0
            ],
            "contact_point_obj": [
                0.006258387242330916,
                0.0014774942694533166,
                0.04067815881899284,
                1.0
            ],
            "obj_pose": [
                0.4978222002212445,
                -0.08912458032852996,
                1.2460882261511315,
                -0.008769944334233698,
                -0.010604424613361548,
                -0.745297104819977,
                0.6665904738307877
            ]
        }
    ]
}