{
    "hook_path": "models/hook/Hook122#7/base.urdf",
    "obj_path": "models/geo_data/hanging_exp/daily_5/base.urdf",
    "hook_pose": [
        0.5,
        -0.1,
        1.3,
        0.7071067811865476,
        -0.7071067811865475,
        -4.329780281177466e-17,
        4.329780281177467e-17
    ],
    "contact_info": [
        {
            "contact_point_hook": [
                -0.006087731145700034,
                0.0015857357953825701,
                0.033858132815275166,
                1.0
            ],
            "contact_point_obj": [
                -0.00493342894039045,
                -0.0025660730812158694,
                0.04498201219737741,
                1.0
            ],
            "obj_pose": [
                0.4988607994699429,
                -0.09945740618218535,
                1.2211601272032087,
                -0.02391840609081422,
                0.013207826222441415,
                -0.6902149959434158,
                0.7230883227873225
            ]
        }
    ]
}