{
    "hook_path": "models/hook_1120/Hook47#26/base.urdf",
    "obj_path": "models/geo_data/hanging_exp/daily_5/base.urdf",
    "hook_pose": [
        0.5,
        -0.1,
        1.3,
        0.0,
        0.0,
        -0.7071067811865475,
        0.7071067811865476
    ],
    "contact_info": [
        {
            "contact_point_hook": [
                -0.0057086972831403736,
                0.04896322558425337,
                -0.047386507457582105,
                1.0
            ],
            "contact_point_obj": [
                0.003436356552844258,
                -0.0038448258721098805,
                0.04160991189365326,
                1.0
            ],
            "obj_pose": [
                0.5166671616251761,
                -0.09702258385869512,
                1.2260149896481165,
                0.29358615425132184,
                0.25408956912936176,
                0.6757347500407384,
                0.6266005174582568
            ]
        }
    ]
}