{
    "-1": {
        "angle": [
            0.9185274708535107,
            0.9185274708535107,
            0.9185274708535107
        ],
        "distance": [
            0.1803900905965671,
            0.17368530381438438,
            0.17379293118920833
        ],
        "pos_diff": [
            [
                0.17558317588393313,
                0.040642864213139236,
                0.007700046785690581
            ],
            [
                0.16877528757375806,
                0.040602864869686124,
                0.005735366584995346
            ],
            [
                0.16889328563035563,
                0.04054073804100234,
                0.005957311424697461
            ]
        ]
    },
    "0": {
        "angle": [],
        "distance": [],
        "pos_diff": []
    }
}