{
    "hook_path": "models/hook/Hook44#2/base.urdf",
    "obj_path": "models/geo_data/hanging_exp/daily_5/base.urdf",
    "hook_pose": [
        0.5,
        -0.1,
        1.3,
        0.0,
        0.0,
        -0.7071067811865475,
        0.7071067811865476
    ],
    "contact_info": [
        {
            "contact_point_hook": [
                0.007790886122218982,
                0.00042921166287401835,
                -0.03796129315163088,
                1.0
            ],
            "contact_point_obj": [
                -0.0014521572455575282,
                0.0026825503605995005,
                0.04069088779274277,
                1.0
            ],
            "obj_pose": [
                0.5007697613882415,
                -0.10944898906141412,
                1.221268768082262,
                0.025185237212864725,
                -0.03525697346020602,
                -0.8110591420007781,
                0.5833572814544441
            ]
        }
    ]
}