{
    "hook_path": "models/hook/Hook_90#9/base.urdf",
    "obj_path": "models/geo_data/hanging_exp/daily_5/base.urdf",
    "hook_pose": [
        0.5,
        -0.1,
        1.3,
        4.329780281177466e-17,
        0.7071067811865475,
        0.7071067811865476,
        4.329780281177467e-17
    ],
    "contact_info": [
        {
            "contact_point_hook": [
                -0.0037594589916651877,
                0.0002271714377435341,
                0.02920033934562669,
                1.0
            ],
            "contact_point_obj": [
                -0.009671786244628972,
                0.001998528770955743,
                0.044325150481583586,
                1.0
            ],
            "obj_pose": [
                0.5055034162293003,
                -0.07789531272258823,
                1.2554067869402263,
                0.06052676494747463,
                -0.020207464623034754,
                -0.7609451128490955,
                0.6456707398741092
            ]
        }
    ]
}