{
    "hook_path": "models/hook/Hook12#5/base.urdf",
    "obj_path": "models/geo_data/hanging_exp/daily_5/base.urdf",
    "hook_pose": [
        0.5,
        -0.1,
        1.3,
        0.5,
        -0.4999999999999999,
        -0.5,
        0.5000000000000001
    ],
    "contact_info": [
        {
            "contact_point_hook": [
                0.0015324559203493122,
                0.022145575624667124,
                0.0017672335231090908,
                1.0
            ],
            "contact_point_obj": [
                0.0023252613723372395,
                0.004954400566708067,
                0.040567217073712136,
                1.0
            ],
            "obj_pose": [
                0.49341244389821926,
                -0.08188676782920959,
                1.2865581697597552,
                0.27618264684652344,
                -0.11295646260892807,
                0.6963781270538267,
                0.6527032153258714
            ]
        }
    ]
}