{
    "hook_path": "models/hook/Hook136/base.urdf",
    "obj_path": "models/geo_data/hanging_exp/daily_5/base.urdf",
    "hook_pose": [
        0.5,
        -0.1,
        1.3,
        0.0,
        0.0,
        -0.7071067811865475,
        0.7071067811865476
    ],
    "contact_info": [
        {
            "contact_point_hook": [
                -0.0023317306386974293,
                -0.04934126891218649,
                -0.015762534316109855,
                1.0
            ],
            "contact_point_obj": [
                0.0005658848985347353,
                -0.0059528797504923014,
                0.039543030326381956,
                1.0
            ],
            "object_pose": [
                0.455433075341998,
                -0.09761619303566492,
                1.2445309023040882,
                -0.013259050603542035,
                0.007989568240603396,
                -0.7212685004104488,
                0.6924825735656343
            ]
        }
    ]
}