{
    "hook_path": "models/hook_1120/Hook209#6/base.urdf",
    "obj_path": "models/geo_data/hanging_exp/daily_5/base.urdf",
    "hook_pose": [
        0.5,
        -0.1,
        1.3,
        0.0,
        0.0,
        -0.7071067811865475,
        0.7071067811865476
    ],
    "contact_info": [
        {
            "contact_point_hook": [
                -0.007062481373724922,
                -0.003614113242001671,
                -0.031130408993154557,
                1.0
            ],
            "contact_point_obj": [
                0.0022950498186004266,
                0.0053099560414032465,
                0.04033042812777721,
                1.0
            ],
            "obj_pose": [
                0.4918682698696404,
                -0.0949258235104316,
                1.2284264939303484,
                0.08829043456054673,
                0.08306374840104297,
                0.7071813882891563,
                0.6965627731397217
            ]
        }
    ]
}