{
    "hook_path": "models/hook_1120/Hook44#8/base.urdf",
    "obj_path": "models/geo_data/hanging_exp/daily_5/base.urdf",
    "hook_pose": [
        0.5,
        -0.1,
        1.3,
        0.0,
        0.0,
        -0.7071067811865475,
        0.7071067811865476
    ],
    "contact_info": [
        {
            "contact_point_hook": [
                0.0010107121949831804,
                0.004554172674087642,
                -0.05156826126662417,
                1.0
            ],
            "contact_point_obj": [
                -0.0028063388859937977,
                0.004117059555254821,
                0.04151638883913522,
                1.0
            ],
            "obj_pose": [
                0.5016386316211199,
                -0.10565452681129933,
                1.2069785016372867,
                -0.005808412336787694,
                -0.010854258891753042,
                -0.6168091639834038,
                0.7870164563947383
            ]
        }
    ]
}