{
    "hook_path": "models/hook_1120/Hook40#7/base.urdf",
    "obj_path": "models/geo_data/hanging_exp/daily_5/base.urdf",
    "hook_pose": [
        0.5,
        -0.1,
        1.3,
        0.0,
        0.0,
        -0.7071067811865475,
        0.7071067811865476
    ],
    "contact_info": [
        {
            "contact_point_hook": [
                0.0014080375985796448,
                -0.0011837693689829565,
                -0.040524739616263794,
                1.0
            ],
            "contact_point_obj": [
                0.0035571568602091597,
                0.0017612985241362566,
                0.041546195648337836,
                1.0
            ],
            "obj_pose": [
                0.49716847388455626,
                -0.10458107887699786,
                1.2178933097678841,
                0.03151956617057521,
                0.024966017125749102,
                0.6974658679476328,
                0.7154890481239744
            ]
        }
    ]
}