{
    "hook_path": "models/hook/Hook44#7/base.urdf",
    "obj_path": "models/geo_data/hanging_exp/daily_5/base.urdf",
    "hook_pose": [
        0.5,
        -0.1,
        1.3,
        0.0,
        0.0,
        -0.7071067811865475,
        0.7071067811865476
    ],
    "contact_info": [
        {
            "contact_point_hook": [
                0.0022868085688683287,
                -7.316094145221053e-05,
                -0.04791430694793042,
                1.0
            ],
            "contact_point_obj": [
                -0.0012816604241790291,
                -0.0011992240077304261,
                0.041370132166186124,
                1.0
            ],
            "obj_pose": [
                0.500609740105713,
                -0.10077321323790708,
                1.2107116516438967,
                0.016366501807860135,
                0.02425246057780271,
                -0.5564552694075442,
                0.830362263667535
            ]
        }
    ]
}