{
    "hook_path": "models/hook_1120/Hook1#14/base.urdf",
    "obj_path": "models/geo_data/hanging_exp/daily_5/base.urdf",
    "hook_pose": [
        0.5,
        -0.1,
        1.3,
        0.0,
        0.0,
        -0.7071067811865475,
        0.7071067811865476
    ],
    "contact_info": [
        {
            "contact_point_hook": [
                -0.01075406604069748,
                -0.002762321001718804,
                -0.01084172624786417,
                1.0
            ],
            "contact_point_obj": [
                0.0020566447244444036,
                0.002939240067797666,
                0.04027338857163998,
                1.0
            ],
            "obj_pose": [
                0.4992285448843066,
                -0.09034971290243374,
                1.2487895622070593,
                0.01655329442037372,
                0.0004859290957121962,
                0.712226405887518,
                0.7017544435721764
            ]
        }
    ]
}