{
    "hook_path": "models/hook/Hook122#0/base.urdf",
    "obj_path": "models/geo_data/hanging_exp/daily_5/base.urdf",
    "hook_pose": [
        0.5,
        -0.1,
        1.3,
        0.7071067811865476,
        -0.7071067811865475,
        -4.329780281177466e-17,
        4.329780281177467e-17
    ],
    "contact_info": [
        {
            "contact_point_hook": [
                -0.0034531622245938393,
                -0.0005929606597458448,
                0.03887893361656225,
                1.0
            ],
            "contact_point_obj": [
                -0.0023642627003900504,
                -0.0017485111750299986,
                0.0411175497201941,
                1.0
            ],
            "obj_pose": [
                0.49733252701808295,
                -0.09919269841061866,
                1.2201129096532743,
                -0.04292540986562057,
                0.03601731349508016,
                -0.7602765837686813,
                0.6471782432139455
            ]
        }
    ]
}