{
    "hook_path": "models/hook_1120/Hook40#2/base.urdf",
    "obj_path": "models/geo_data/hanging_exp/daily_5/base.urdf",
    "hook_pose": [
        0.5,
        -0.1,
        1.3,
        0.0,
        0.0,
        -0.7071067811865475,
        0.7071067811865476
    ],
    "contact_info": [
        {
            "contact_point_hook": [
                -0.00045620773654825276,
                0.0015138286427804903,
                -0.04783320082680742,
                1.0
            ],
            "contact_point_obj": [
                0.004713666511850234,
                -0.0017605579965777052,
                0.04279077510451734,
                1.0
            ],
            "obj_pose": [
                0.5038665214532876,
                -0.10579065844591365,
                1.2096014359076521,
                -0.03642099538763045,
                -0.010066901827853667,
                0.7841375501168995,
                0.6194356068868093
            ]
        }
    ]
}