{
    "hook_path": "models/hook/Hook122#8/base.urdf",
    "obj_path": "models/geo_data/hanging_exp/daily_5/base.urdf",
    "hook_pose": [
        0.5,
        -0.1,
        1.3,
        0.7071067811865476,
        -0.7071067811865475,
        -4.329780281177466e-17,
        4.329780281177467e-17
    ],
    "contact_info": [
        {
            "contact_point_hook": [
                -0.0018885604621315536,
                0.0037227937790606513,
                0.04321563228311276,
                1.0
            ],
            "contact_point_obj": [
                -0.0002556212513457057,
                -0.004944754295300724,
                0.040020015639619766,
                1.0
            ],
            "obj_pose": [
                0.49902414313219706,
                -0.0998822740825922,
                1.2165918799650544,
                -0.016392411717777694,
                0.01510728260393734,
                -0.8250201649909823,
                0.5646634273694835
            ]
        }
    ]
}