{
    "hook_path": "models/hook/Hook_90/base.urdf",
    "obj_path": "models/geo_data/hanging_exp/wrench_1/base.urdf",
    "hook_pose": [
        0.5,
        -0.1,
        1.3,
        4.329780281177466e-17,
        0.7071067811865475,
        0.7071067811865476,
        4.329780281177467e-17
    ],
    "contact_info": [
        {
            "contact_point_hook": [],
            "contact_point_obj": [],
            "obj_pose": [
                0.4765430192270828,
                -0.07711349877620606,
                1.148692506120798,
                0.08860381411746092,
                -0.6574322559392753,
                0.0438838259298828,
                0.7469982615750785
            ]
        }
    ],
    "initial_pose": [
        {
            "robot_pose": [
                0.48866286873817444,
                0.003906319383531809,
                1.2670294046401978,
                0.7134169340133667,
                -0.04107479378581047,
                0.6988101601600647,
                0.03183574602007866
            ],
            "object_pose": [
                0.5151289265307687,
                -0.005562409335112516,
                1.2077369341037536,
                -0.02380737499593502,
                -0.7221497396923581,
                0.03105054116367333,
                0.6906292972727883
            ]
        },
        {
            "robot_pose": [
                0.49385735392570496,
                0.05706654116511345,
                1.2635747194290161,
                0.7129487991333008,
                -0.032899223268032074,
                0.6999934315681458,
                0.025118866935372353
            ],
            "object_pose": [
                0.5204608790954447,
                0.045462323977395414,
                1.2043458601633745,
                -0.01763167487160456,
                -0.7232143694002239,
                0.038708220260470085,
                0.6893125369660162
            ]
        },
        {
            "robot_pose": [
                0.4965178966522217,
                0.11365892738103867,
                1.2608466148376465,
                0.7126156687736511,
                -0.024205012246966362,
                0.7009132504463196,
                0.01770944707095623
            ],
            "object_pose": [
                0.5234991388104918,
                0.10256041688217613,
                1.2016891356242363,
                -0.011134189959655453,
                -0.7240680776838555,
                0.046426232556059495,
                0.6880741628805714
            ]
        }
    ]
}