{
    "hook_path": "models/hook_all_new/Hook_hs_363_devil/base.urdf",
    "obj_path": "models/everyday_objects_50/daily_71/base.urdf",
    "hook_pose": [
        0.5,
        -0.1,
        1.3,
        4.329780281177466e-17,
        0.7071067811865475,
        0.7071067811865476,
        4.329780281177467e-17
    ],
    "contact_info": [
        {
            "contact_point_hook": [],
            "obj_pose": [
                0.506808156707404,
                -0.08451937009797118,
                1.25982717951138,
                0.13416642516828,
                0.6377065925689321,
                0.7362429837783399,
                0.18241694271326184
            ],
            "contact_point_obj": []
        }
    ],
    "initial_pose": [
        {
            "robot_pose": [
                0.5272164940834045,
                0.05773259326815605,
                1.2372769117355347,
                0.7122424244880676,
                -0.04923248663544655,
                0.6983382105827332,
                0.05109511315822601
            ],
            "obj_pose": [
                0.5499969950682372,
                0.05387223253443909,
                1.2428205693898424,
                -0.01836322833611363,
                0.7113625536017703,
                0.7022052048021782,
                0.023107564280454112
            ]
        },
        {
            "robot_pose": [
                0.5174674696064255,
                0.057625631848031315,
                1.2076181640817278,
                0.7076167416682876,
                -0.04251649733445497,
                0.7029041901703444,
                0.05828030375811033
            ],
            "obj_pose": [
                0.5401801038906388,
                0.05387223253443909,
                1.2135032288873913,
                -0.022499130665732624,
                0.7183944200850979,
                0.6947400637858585,
                0.02719356689923732
            ]
        },
        {
            "robot_pose": [
                0.5220521026588749,
                0.05788427885481686,
                1.2352997638364558,
                0.71275302546047,
                -0.05739699281019459,
                0.6976944774359775,
                0.043716427903381316
            ],
            "obj_pose": [
                0.5448277093757059,
                0.05387223253443909,
                1.2407551257223377,
                -0.01760662522589234,
                0.7035977070163577,
                0.7099831031346947,
                0.02375429840488194
            ]
        },
        {
            "robot_pose": [
                0.5201586183031279,
                0.05752281514778656,
                1.2630049041201703,
                0.7089496655052369,
                -0.042460994179237495,
                0.7019076216358009,
                0.05397338643161652
            ],
            "obj_pose": [
                0.5429110273236252,
                0.05387223253443909,
                1.2688003230566811,
                -0.023599977792645714,
                0.7161839352079485,
                0.6970965414164602,
                0.024083686251338273
            ]
        },
        {
            "robot_pose": [
                0.530676450801725,
                0.057450390680522115,
                1.2702407751051505,
                0.7133603331600934,
                -0.047848209982063655,
                0.6979179799425188,
                0.041690252436109784
            ],
            "obj_pose": [
                0.5535209661793996,
                0.05387223253443909,
                1.2757098382555772,
                -0.02314254594643637,
                0.7071268974384521,
                0.7064936991683743,
                0.01739616399015709
            ]
        },
        {
            "robot_pose": [
                0.5777749166420401,
                0.05721520134919347,
                1.268764919212252,
                0.7149715473137296,
                -0.04039795865666541,
                0.696575818928252,
                0.04433756818569116
            ],
            "obj_pose": [
                0.6006709627777701,
                0.05387223253443909,
                1.2741668985862085,
                -0.02394961589657028,
                0.7119812464744467,
                0.7016697319034261,
                0.01298876043639531
            ]
        },
        {
            "robot_pose": [
                0.5789293864136609,
                0.05782390782731353,
                1.2382107390536472,
                0.7097854457375853,
                -0.05789734354811945,
                0.700869611173017,
                0.040426560122675106
            ],
            "obj_pose": [
                0.6016697459780113,
                0.05387223253443909,
                1.2438539703590514,
                -0.02211800294353818,
                0.7017544766035442,
                0.7116137172982914,
                0.025639147130568262
            ]
        },
        {
            "robot_pose": [
                0.5778649162127442,
                0.05793753701217007,
                1.2229030895434583,
                0.7070754306021705,
                -0.05578172763210089,
                0.7032414558745725,
                0.04882815827517085
            ],
            "obj_pose": [
                0.6005350347662695,
                0.05387223253443909,
                1.2287447309716013,
                -0.021335606758623074,
                0.7072191997520967,
                0.7060031760507612,
                0.030745906922439507
            ]
        },
        {
            "robot_pose": [
                0.5308021539881971,
                0.057574495566990354,
                1.209199897426955,
                0.7110891772594665,
                -0.0460549941671824,
                0.6998130864148365,
                0.04992758335085386
            ],
            "obj_pose": [
                0.5535865037175328,
                0.05387223253443909,
                1.2148348247691374,
                -0.021830847826847195,
                0.7123265042957702,
                0.7011588478994417,
                0.022150290590793334
            ]
        }
    ]
}