{
    "hook_path": "models/hook_1120/Hook23#25/base.urdf",
    "obj_path": "models/geo_data/hanging_exp/daily_5/base.urdf",
    "hook_pose": [
        0.5,
        -0.1,
        1.3,
        0.0,
        0.0,
        -0.7071067811865475,
        0.7071067811865476
    ],
    "contact_info": [
        {
            "contact_point_hook": [
                -0.0010951277376345405,
                -0.07314174705178245,
                0.0014825503764150927,
                1.0
            ],
            "contact_point_obj": [
                -0.009256683371110061,
                -0.006539053366087566,
                0.03830561272958599,
                1.0
            ],
            "obj_pose": [
                0.4301612509397704,
                -0.10873168614659591,
                1.262904197564261,
                -0.03231290649856641,
                0.023646985505594558,
                -0.7135824878787841,
                0.699425999761832
            ]
        }
    ]
}