{
    "hook_path": "models/hook/Hook186#0/base.urdf",
    "obj_path": "models/geo_data/hanging_exp/daily_5/base.urdf",
    "hook_pose": [
        0.5,
        -0.1,
        1.3,
        -0.5,
        0.5,
        0.4999999999999999,
        0.5000000000000001
    ],
    "contact_info": [
        {
            "contact_point_hook": [
                -0.012328831956794906,
                0.0007321240648620053,
                0.00757458589452796,
                1.0
            ],
            "contact_point_obj": [
                0.0027120896281750267,
                0.0035624023060201737,
                0.040628799251677616,
                1.0
            ],
            "obj_pose": [
                0.5009393287557026,
                -0.09524196100923586,
                1.271585503938801,
                0.015401868986951506,
                0.013456179377234903,
                0.6771321570196658,
                0.7355771581541743
            ]
        }
    ]
}