{
    "hook_path": "models/hook_1120/Hook209#9/base.urdf",
    "obj_path": "models/geo_data/hanging_exp/daily_5/base.urdf",
    "hook_pose": [
        0.5,
        -0.1,
        1.3,
        0.0,
        0.0,
        -0.7071067811865475,
        0.7071067811865476
    ],
    "contact_info": [
        {
            "contact_point_hook": [
                -0.007461003460594597,
                0.002490668495365944,
                -0.031759968938622096,
                1.0
            ],
            "contact_point_obj": [
                0.003083696211924898,
                -9.25213920662249e-05,
                0.04160372706192694,
                1.0
            ],
            "obj_pose": [
                0.4990980623318204,
                -0.0952881321393683,
                1.2267512334787674,
                0.028089214550829703,
                0.024497381729561916,
                0.6812020245097707,
                0.7311461386878162
            ]
        }
    ]
}