{
    "hook_path": "models/hook_1120/Hook57#20/base.urdf",
    "obj_path": "models/geo_data/hanging_exp/daily_5/base.urdf",
    "hook_pose": [
        0.5,
        -0.1,
        1.3,
        0.0,
        0.0,
        -0.7071067811865475,
        0.7071067811865476
    ],
    "contact_info": [
        {
            "contact_point_hook": [
                -0.012020108760238943,
                -5.989042670323519e-05,
                -0.039578316176939854,
                1.0
            ],
            "contact_point_obj": [
                -0.0024206790740908916,
                -0.0028815382991365657,
                0.041093617715038055,
                1.0
            ],
            "obj_pose": [
                0.4995892659732976,
                -0.09089769369233323,
                1.2192608808100611,
                -0.030786187864254973,
                0.023048029008374746,
                -0.71948413755937,
                0.6934432743895246
            ]
        }
    ]
}