{
    "hook_path": "models/hook/Hook_60#11/base.urdf",
    "obj_path": "models/geo_data/hanging_exp/daily_5/base.urdf",
    "hook_pose": [
        0.5,
        -0.1,
        1.3,
        4.329780281177466e-17,
        0.7071067811865475,
        0.7071067811865476,
        4.329780281177467e-17
    ],
    "contact_info": [
        {
            "contact_point_hook": [
                0.00016065634389378358,
                0.002087011201132194,
                0.019143003463603068,
                1.0
            ],
            "contact_point_obj": [
                0.0013523011087371029,
                0.0010185204150162108,
                0.04063578914716559,
                1.0
            ],
            "obj_pose": [
                0.4967466239131568,
                -0.08042090225099577,
                1.2615360757235972,
                0.049412102426584566,
                0.020843138711680646,
                0.6561767816100247,
                0.7526991689767835
            ]
        }
    ]
}