{
    "hook_path": "models/hook_all_new/Hook_hcu_390_easy/base.urdf",
    "obj_path": "models/everyday_objects_50/mug_113/base.urdf",
    "hook_pose": [
        0.5,
        -0.1,
        1.3,
        4.329780281177466e-17,
        0.7071067811865475,
        0.7071067811865476,
        4.329780281177467e-17
    ],
    "contact_info": [
        {
            "contact_point_hook": [
                0.0021064998526773016,
                0.00442082082755868,
                0.018779047481880588,
                1.0
            ],
            "obj_pose": [
                0.5003774538362392,
                -0.0850189084734732,
                1.2501780831418063,
                0.7069388601214865,
                -0.020878176736491876,
                -0.1138630476603118,
                0.6977368817568688
            ],
            "contact_point_obj": [
                -0.010285054732208143,
                0.05335111770265821,
                -0.0032779530267285917,
                1.0
            ]
        }
    ],
    "initial_pose": [
        {
            "robot_pose": [
                0.4990318715572357,
                0.11078847944736481,
                1.2805511951446533,
                0.7170330286026001,
                -0.0348639152944088,
                0.6954423189163208,
                0.03175031766295433
            ],
            "obj_pose": [
                0.5581788521061829,
                0.07432088428828866,
                1.2749153366679817,
                0.6892010839439209,
                0.039904583680842355,
                -0.08199117909373452,
                0.7188093882543566
            ]
        },
        {
            "robot_pose": [
                0.4926446965731546,
                0.11265401079957815,
                1.2518809104094801,
                0.7198516138940694,
                -0.05444457412343188,
                0.6910472007188599,
                0.03609998201176069
            ],
            "obj_pose": [
                0.5504532649189079,
                0.07432088428828866,
                1.2448984650500998,
                0.6970758927922616,
                0.032323474513112585,
                -0.0970400163369086,
                0.7096644474063809
            ]
        },
        {
            "robot_pose": [
                0.4931863594841618,
                0.11131084419713688,
                1.2822816628276978,
                0.7294187381966524,
                -0.029342856686024675,
                0.6821334333473333,
                0.04220521577821486
            ],
            "obj_pose": [
                0.5518530800911343,
                0.07432088428828866,
                1.275212542325251,
                0.6801055934841235,
                0.05019881388054474,
                -0.09764957208836987,
                0.7248455158635894
            ]
        },
        {
            "robot_pose": [
                0.49108054984258465,
                0.11133623286877078,
                1.311637938614894,
                0.7258894244636329,
                -0.03719642948907976,
                0.6858649001581315,
                0.03592085489233525
            ],
            "obj_pose": [
                0.5497246801548289,
                0.07432088428828866,
                1.3045144805432267,
                0.6877015699023077,
                0.0461053954137226,
                -0.09432397512618565,
                0.7183619080825767
            ]
        },
        {
            "robot_pose": [
                0.503737607293017,
                0.11194891843928094,
                1.3090630014667586,
                0.7214547177024025,
                -0.03827455573058356,
                0.6901403949792319,
                0.041765822229222364
            ],
            "obj_pose": [
                0.5621023636673554,
                0.07432088428828866,
                1.302922971759276,
                0.6857152408122484,
                0.03815423470849423,
                -0.09384374785169368,
                0.7207858307991056
            ]
        },
        {
            "robot_pose": [
                0.5521841288742738,
                0.1117954545211394,
                1.3158410698641827,
                0.7208892319812952,
                -0.03862140284158581,
                0.690830130317341,
                0.03975969695171215
            ],
            "obj_pose": [
                0.6106466427376186,
                0.07432088428828866,
                1.3096925119719407,
                0.6869415821261251,
                0.038384678515009964,
                -0.09228692159771366,
                0.7198062262188156
            ]
        },
        {
            "robot_pose": [
                0.5507369832121278,
                0.11223567720136789,
                1.2753180587439805,
                0.7180376701650238,
                -0.032315571847391866,
                0.6934431449389534,
                0.050141926342473296
            ],
            "obj_pose": [
                0.6090362667319636,
                0.07432088428828866,
                1.2704522879987645,
                0.6786050623828841,
                0.03315568890604785,
                -0.09243769917682751,
                0.7279087452231782
            ]
        },
        {
            "robot_pose": [
                0.5492200057322283,
                0.10925965512965592,
                1.267701539148577,
                0.7212895870474546,
                -0.015620789177850453,
                0.6917418571110623,
                0.031472617986308786
            ],
            "obj_pose": [
                0.609299509791294,
                0.07432088428828866,
                1.2622472573788088,
                0.6787069407238469,
                0.05296855348527027,
                -0.07669436113376468,
                0.7284704495895756
            ]
        },
        {
            "robot_pose": [
                0.5006043707342003,
                0.11142579939085291,
                1.2440848790337284,
                0.706186967064453,
                -0.025326100429911614,
                0.7059815788478475,
                0.047419052213466505
            ],
            "obj_pose": [
                0.5595667088275935,
                0.07432088428828866,
                1.2414999869073955,
                0.6769830713232798,
                0.025299775870386877,
                -0.07583586781517766,
                0.7316438776039379
            ]
        }
    ]
}