{
    "hook_path": "models/hook_1120/Hook40#18/base.urdf",
    "obj_path": "models/geo_data/hanging_exp/daily_5/base.urdf",
    "hook_pose": [
        0.5,
        -0.1,
        1.3,
        0.0,
        0.0,
        -0.7071067811865475,
        0.7071067811865476
    ],
    "contact_info": [
        {
            "contact_point_hook": [
                0.0015716765559328633,
                -6.0293809589939684e-05,
                -0.0333822033498119,
                1.0
            ],
            "contact_point_obj": [
                0.004328839605817647,
                -0.0016486362218965933,
                0.042294738116726016,
                1.0
            ],
            "obj_pose": [
                0.4916949393857167,
                -0.10676841868369928,
                1.2252013818164387,
                0.06091552771300844,
                0.062369961935448935,
                0.7576786040010609,
                0.6467784932808293
            ]
        }
    ]
}