{
    "hook_path": "models/hook/Hook12#14/base.urdf",
    "obj_path": "models/geo_data/hanging_exp/daily_5/base.urdf",
    "hook_pose": [
        0.5,
        -0.1,
        1.3,
        0.5,
        -0.4999999999999999,
        -0.5,
        0.5000000000000001
    ],
    "contact_info": [
        {
            "contact_point_hook": [
                0.0007783646637457973,
                0.028799890004307604,
                0.0035857088670127046,
                1.0
            ],
            "contact_point_obj": [
                0.004079877812474653,
                0.006753403415326237,
                0.04078390391681386,
                1.0
            ],
            "obj_pose": [
                0.49186061778561796,
                -0.08593708660786326,
                1.290269626521375,
                0.2575199708193804,
                -0.06688044202384308,
                0.6949971392647805,
                0.6679741368628372
            ]
        }
    ]
}