{
    "hook_path": "models/hook/Hook40#1/base.urdf",
    "obj_path": "models/geo_data/hanging_exp/daily_5/base.urdf",
    "hook_pose": [
        0.5,
        -0.1,
        1.3,
        0.0,
        0.0,
        -0.7071067811865475,
        0.7071067811865476
    ],
    "contact_info": [
        {
            "contact_point_hook": [
                0.0024944972144115302,
                0.00719763954711905,
                -0.041307301063888247,
                1.0
            ],
            "contact_point_obj": [
                0.004736546803645936,
                -0.004862927704628872,
                0.04280632888875879,
                1.0
            ],
            "obj_pose": [
                0.4971614608205118,
                -0.10647875637445163,
                1.2167181169854908,
                0.02221826783138956,
                0.04346913795333616,
                0.603943585191932,
                0.7955305955937094
            ]
        }
    ]
}