{
    "hook_path": "models/hook/Hook35#13/base.urdf",
    "obj_path": "models/geo_data/hanging_exp/daily_5/base.urdf",
    "hook_pose": [
        0.5,
        -0.1,
        1.3,
        0.0,
        0.0,
        -0.7071067811865475,
        0.7071067811865476
    ],
    "contact_info": [
        {
            "contact_point_hook": [
                -0.001954135296556499,
                -0.007671731213728383,
                0.020371990731043343,
                1.0
            ],
            "contact_point_obj": [
                -0.002649347811161981,
                -0.008015250994996892,
                0.037987959126955184,
                1.0
            ],
            "obj_pose": [
                0.5019509079484885,
                -0.10496407020222215,
                1.2833059472518835,
                0.011791207474863157,
                -0.0438852440985979,
                -0.8000535735909174,
                0.5982050920554705
            ]
        }
    ]
}