{
    "hook_path": "models/hook_1120/Hook136#2/base.urdf",
    "obj_path": "models/geo_data/hanging_exp/daily_5/base.urdf",
    "hook_pose": [
        0.5,
        -0.1,
        1.3,
        0.0,
        0.0,
        -0.7071067811865475,
        0.7071067811865476
    ],
    "contact_info": [
        {
            "contact_point_hook": [
                -0.005320435672406956,
                -0.034977164243204406,
                -0.014631481500017918,
                1.0
            ],
            "contact_point_obj": [
                -0.0044721209213743965,
                -0.0009055647338084283,
                0.04334045029634237,
                1.0
            ],
            "obj_pose": [
                0.46126964271023824,
                -0.09829578234230658,
                1.242101313203851,
                -0.03153472106373101,
                0.04607168069304073,
                -0.6970694319064655,
                0.7148266703944031
            ]
        }
    ]
}