{
    "hook_path": "models/hook/Hook57#10/base.urdf",
    "obj_path": "models/geo_data/hanging_exp/daily_5/base.urdf",
    "hook_pose": [
        0.5,
        -0.1,
        1.3,
        0.0,
        0.0,
        -0.7071067811865475,
        0.7071067811865476
    ],
    "contact_info": [
        {
            "contact_point_hook": [
                -0.01365526290776864,
                0.0008803748605573647,
                -0.027941496538515853,
                1.0
            ],
            "contact_point_obj": [
                -0.005034917274394042,
                -0.0021557973587407186,
                0.04579198612072499,
                1.0
            ],
            "obj_pose": [
                0.4993841652518829,
                -0.09191615708542947,
                1.2263023619812532,
                -0.030598950563955545,
                0.022520535455328818,
                -0.7204579518913156,
                0.692457124494911
            ]
        }
    ]
}