{
    "hook_path": "models/hook/Hook2#18/base.urdf",
    "obj_path": "models/geo_data/hanging_exp/daily_5/base.urdf",
    "hook_pose": [
        0.5,
        -0.1,
        1.3,
        0.0,
        0.0,
        -0.7071067811865475,
        0.7071067811865476
    ],
    "contact_info": [
        {
            "contact_point_hook": [
                -0.006323096944072835,
                -0.002852152902122873,
                -0.011752639365058881,
                1.0
            ],
            "contact_point_obj": [
                -0.0022128976952458385,
                -0.0017123088047175106,
                0.04072308531866642,
                1.0
            ],
            "obj_pose": [
                0.49827467782483154,
                -0.09661168713400203,
                1.24754949962909,
                -0.005585705357422061,
                -0.0028365641181150787,
                -0.7630823146406014,
                0.6462709454109834
            ]
        }
    ]
}