{
    "hook_path": "models/hook/Hook1#4/base.urdf",
    "obj_path": "models/geo_data/hanging_exp/daily_5/base.urdf",
    "hook_pose": [
        0.5,
        -0.1,
        1.3,
        0.0,
        0.0,
        -0.7071067811865475,
        0.7071067811865476
    ],
    "contact_info": [
        {
            "contact_point_hook": [
                -0.013830960908123274,
                -0.002265837803169024,
                -0.010262974537786684,
                1.0
            ],
            "contact_point_obj": [
                0.002731618409882869,
                0.0015500466321519135,
                0.04046691925793011,
                1.0
            ],
            "obj_pose": [
                0.49292675388354024,
                -0.08942260376976584,
                1.2495656540626332,
                0.059376076440073325,
                0.06231666560568366,
                0.7762188691480814,
                0.6245601507563908
            ]
        }
    ]
}