{
    "hook_path": "models/hook_1120/Hook209#23/base.urdf",
    "obj_path": "models/geo_data/hanging_exp/daily_5/base.urdf",
    "hook_pose": [
        0.5,
        -0.1,
        1.3,
        0.0,
        0.0,
        -0.7071067811865475,
        0.7071067811865476
    ],
    "contact_info": [
        {
            "contact_point_hook": [
                -0.0060111115231857035,
                -0.002506420787025565,
                -0.05016358470388016,
                1.0
            ],
            "contact_point_obj": [
                0.002114280892641339,
                0.002917783299169918,
                0.04065103346171539,
                1.0
            ],
            "obj_pose": [
                0.5035087035561073,
                -0.09662393593733784,
                1.209557823357016,
                -0.03023312176224056,
                -0.026836876402967582,
                0.6802814125762677,
                0.7318353230861976
            ]
        }
    ]
}