{
    "hook_path": "models/hook/Hook57#17/base.urdf",
    "obj_path": "models/geo_data/hanging_exp/daily_5/base.urdf",
    "hook_pose": [
        0.5,
        -0.1,
        1.3,
        0.0,
        0.0,
        -0.7071067811865475,
        0.7071067811865476
    ],
    "contact_info": [
        {
            "contact_point_hook": [
                -0.011427551061645044,
                0.0015166978735076109,
                -0.02758654364379054,
                1.0
            ],
            "contact_point_obj": [
                -0.00439040363588223,
                0.0018724499211462131,
                0.04318198753258673,
                1.0
            ],
            "obj_pose": [
                0.5012156276557685,
                -0.09387977581029022,
                1.229294929036088,
                0.004114976618836748,
                -0.01841547645166293,
                -0.6925534705733101,
                0.7211197040653847
            ]
        }
    ]
}