{
    "hook_path": "models/hook_1120/Hook145#3/base.urdf",
    "obj_path": "models/geo_data/hanging_exp/daily_5/base.urdf",
    "hook_pose": [
        0.5,
        -0.1,
        1.3,
        0.0,
        0.0,
        -0.7071067811865475,
        0.7071067811865476
    ],
    "contact_info": [
        {
            "contact_point_hook": [
                -0.02902781063929974,
                -0.003262377046965914,
                0.043112081982349615,
                1.0
            ],
            "contact_point_obj": [
                -0.005946372178373127,
                0.0028415273712008027,
                0.04265336253869001,
                1.0
            ],
            "obj_pose": [
                0.49681499543700974,
                -0.06329727453203399,
                1.300640530896789,
                0.06562436203058349,
                0.02731408541510915,
                0.5384829091189147,
                0.8396329796005191
            ]
        }
    ]
}