{
    "hook_path": "models/hook_1120/Hook186#20/base.urdf",
    "obj_path": "models/geo_data/hanging_exp/daily_5/base.urdf",
    "hook_pose": [
        0.5,
        -0.1,
        1.3,
        -0.5,
        0.5,
        0.4999999999999999,
        0.5000000000000001
    ],
    "contact_info": [
        {
            "contact_point_hook": [
                -0.017898677039209998,
                0.0006000871447133793,
                0.005300659028482868,
                1.0
            ],
            "contact_point_obj": [
                -0.0010198646794367565,
                0.00369502335017613,
                0.040516969096708655,
                1.0
            ],
            "obj_pose": [
                0.49123375134625263,
                -0.09378629373608531,
                1.278038944761376,
                0.10231610612174163,
                0.10411952241601205,
                0.7000343080164336,
                0.6990296896984411
            ]
        }
    ]
}