{
    "hook_path": "models/hook/Hook_90#6/base.urdf",
    "obj_path": "models/geo_data/hanging_exp/daily_5/base.urdf",
    "hook_pose": [
        0.5,
        -0.1,
        1.3,
        4.329780281177466e-17,
        0.7071067811865475,
        0.7071067811865476,
        4.329780281177467e-17
    ],
    "contact_info": [
        {
            "contact_point_hook": [
                0.004566446200247487,
                -0.005478056205036275,
                0.02513151438548017,
                1.0
            ],
            "contact_point_obj": [
                -0.0008275413456137262,
                -0.0033502667417044663,
                0.04044413338871644,
                1.0
            ],
            "obj_pose": [
                0.5061605320799005,
                -0.07592149734918138,
                1.2553880692008546,
                0.06492727068069998,
                -0.06598675154300412,
                -0.712303148103926,
                0.6957401981659488
            ]
        }
    ]
}