{
    "hook_path": "models/hook_1120/Hook35#18/base.urdf",
    "obj_path": "models/geo_data/hanging_exp/daily_5/base.urdf",
    "hook_pose": [
        0.5,
        -0.1,
        1.3,
        0.0,
        0.0,
        -0.7071067811865475,
        0.7071067811865476
    ],
    "contact_info": [
        {
            "contact_point_hook": [
                0.001477754448019356,
                0.002165389830672493,
                0.020547441465305294,
                1.0
            ],
            "contact_point_obj": [
                0.0005382995712924221,
                0.00390786758982925,
                0.04058600400936174,
                1.0
            ],
            "obj_pose": [
                0.49025761723394085,
                -0.09880329871076203,
                1.28163938117865,
                -0.06854424804212121,
                0.07800554452359175,
                -0.7704487802716127,
                0.6289876771939992
            ]
        }
    ]
}