{
    "hook_path": "models/hook_1120/Hook23#2/base.urdf",
    "obj_path": "models/geo_data/hanging_exp/daily_5/base.urdf",
    "hook_pose": [
        0.5,
        -0.1,
        1.3,
        0.0,
        0.0,
        -0.7071067811865475,
        0.7071067811865476
    ],
    "contact_info": [
        {
            "contact_point_hook": [
                -0.003375088897990537,
                -0.04327099259513628,
                0.006368041288119963,
                1.0
            ],
            "contact_point_obj": [
                -0.005530500181513909,
                0.002067646158314007,
                0.04356963249940238,
                1.0
            ],
            "obj_pose": [
                0.45478635240559157,
                -0.10315505457361705,
                1.2629312160493813,
                -0.002643086727952959,
                -0.017996166082179143,
                -0.7534229647195827,
                0.6572845565902531
            ]
        }
    ]
}