{
    "hook_path": "models/hook_1120/Hook47#3/base.urdf",
    "obj_path": "models/geo_data/hanging_exp/daily_5/base.urdf",
    "hook_pose": [
        0.5,
        -0.1,
        1.3,
        0.0,
        0.0,
        -0.7071067811865475,
        0.7071067811865476
    ],
    "contact_info": [
        {
            "contact_point_hook": [
                -0.0030505573850724095,
                0.019199979023092006,
                -0.0338893169622132,
                1.0
            ],
            "contact_point_obj": [
                0.005024390918797139,
                0.012023083051608152,
                0.0379693341885845,
                1.0
            ],
            "obj_pose": [
                0.5340185455098988,
                -0.10692352129547159,
                1.2301607566032922,
                -0.0744916577245831,
                0.022763036064107012,
                0.7088678490059711,
                0.7010272532250337
            ]
        }
    ]
}