{
    "hook_path": "models/hook_1120/Hook_60#1/base.urdf",
    "obj_path": "models/geo_data/hanging_exp/daily_5/base.urdf",
    "hook_pose": [
        0.5,
        -0.1,
        1.3,
        4.329780281177466e-17,
        0.7071067811865475,
        0.7071067811865476,
        4.329780281177467e-17
    ],
    "contact_info": [
        {
            "contact_point_hook": [
                0.0034667281717301046,
                0.0016358328225916097,
                0.017828855061475666,
                1.0
            ],
            "contact_point_obj": [
                0.00027337402684886325,
                0.003397896711120396,
                0.04027772749178582,
                1.0
            ],
            "obj_pose": [
                0.4973908226701507,
                -0.07991044075182445,
                1.2612864884604538,
                0.04058669433072011,
                0.0014258905253018755,
                0.7535800866407121,
                0.6561004039764732
            ]
        }
    ]
}