{
    "hook_path": "models/hook_1120/Hook35#13/base.urdf",
    "obj_path": "models/geo_data/hanging_exp/daily_5/base.urdf",
    "hook_pose": [
        0.5,
        -0.1,
        1.3,
        0.0,
        0.0,
        -0.7071067811865475,
        0.7071067811865476
    ],
    "contact_info": [
        {
            "contact_point_hook": [
                0.000890154581632399,
                -0.0006948361039002537,
                0.025431869387978256,
                1.0
            ],
            "contact_point_obj": [
                -0.006367589781038671,
                -0.004201870257218132,
                0.04070362375462633,
                1.0
            ],
            "obj_pose": [
                0.4917828791892476,
                -0.10842890388239425,
                1.2854122567985793,
                -0.10589627407266503,
                0.08195290734503877,
                -0.7437130775885363,
                0.6549508060450115
            ]
        }
    ]
}