{
    "hook_path": "models/hook_1120/Hook_skew#0/base.urdf",
    "obj_path": "models/geo_data/hanging_exp/daily_5/base.urdf",
    "hook_pose": [
        0.5,
        -0.1,
        1.3,
        4.329780281177466e-17,
        0.7071067811865475,
        0.7071067811865476,
        4.329780281177467e-17
    ],
    "contact_info": [
        {
            "contact_point_hook": [
                0.0003423202371146128,
                0.005255252302120761,
                0.016730907942826393,
                1.0
            ],
            "contact_point_obj": [
                0.004854554364336884,
                0.001302714397340976,
                0.043126113327907056,
                1.0
            ],
            "obj_pose": [
                0.5004774096229674,
                -0.08758918693062111,
                1.262060458207349,
                0.0083227395823383,
                -0.0004400225792653007,
                0.7069418073242395,
                0.7072226095389713
            ]
        }
    ]
}