{
    "file": "models/everyday_objects/scissor_74/base.urdf",
    "contact_pose": [
        0.018021761851275547,
        0.042611909939061166,
        0.0006755034283820738,
        -0.5069405683480152,
        0.47675783319185117,
        0.2901484638206904,
        0.6569072214519307
    ],
    "obj_pose": [
        0.5005576148225402,
        -0.08172895506635391,
        1.2531443912438278,
        -0.020837095012809375,
        0.6963669042385308,
        0.6695316956066362,
        -0.25761649545550236
    ],
    "initial_pose": [
        {
            "robot_pose": [
                0.5384361147880554,
                0.10246826708316803,
                1.2538769245147705,
                0.7120425701141357,
                -0.0669349730014801,
                0.6982083320617676,
                0.03194090351462364
            ],
            "obj_pose": [
                0.5630464365990435,
                0.09543278110375569,
                1.2452425876339845,
                0.18863009779489767,
                0.6758307501986893,
                0.7070333908050193,
                -0.08817747772827958
            ]
        },
        {
            "robot_pose": [
                0.5080199580919352,
                0.10306241367920357,
                1.2273459028347748,
                0.70131984189692,
                -0.07588529157151512,
                0.707697427411344,
                0.039449374141432354
            ],
            "obj_pose": [
                0.5326863757385706,
                0.09543278110375569,
                1.2194039683586395,
                -0.1868175073232926,
                -0.6747358343628809,
                -0.7105687364233123,
                0.07016297885577283
            ]
        },
        {
            "robot_pose": [
                0.5110090580068702,
                0.10291606967727081,
                1.250285513378966,
                0.7151662001211571,
                -0.07660650292584169,
                0.6937540789515674,
                0.03706788167403655
            ],
            "obj_pose": [
                0.5353736562114464,
                0.09543278110375569,
                1.2413365177686828,
                -0.199144298282674,
                -0.6708689760021723,
                -0.7092468771111581,
                0.0851189333072722
            ]
        },
        {
            "robot_pose": [
                0.5100186700812478,
                0.10284382797631626,
                1.2858164816754774,
                0.7170748132188298,
                -0.07270966372890394,
                0.6921754028364814,
                0.03755301260571233
            ],
            "obj_pose": [
                0.5343736878070439,
                0.09543278110375569,
                1.276781700449201,
                -0.19955148156536492,
                -0.6731704445340742,
                -0.706580685443684,
                0.08811636493182422
            ]
        },
        {
            "robot_pose": [
                0.5356870090455887,
                0.10285022874094228,
                1.2871800215584066,
                0.7095730395536898,
                -0.07168160647435899,
                0.6999665383701958,
                0.03761241808017537
            ],
            "obj_pose": [
                0.5602367203954634,
                0.09543278110375569,
                1.2786940967905784,
                -0.19179638567462678,
                -0.6752974371852313,
                -0.7075637155335622,
                0.08087710574413877
            ]
        },
        {
            "robot_pose": [
                0.5663800018744416,
                0.10293045382115923,
                1.282162718085404,
                0.7105038266646442,
                -0.07181397529734325,
                0.6989127794438154,
                0.039344529187808834
            ],
            "obj_pose": [
                0.5908847725338078,
                0.09543278110375569,
                1.2736176086810502,
                -0.19381713519829138,
                -0.6756534502740181,
                -0.7066814222689872,
                0.08080037534704743
            ]
        },
        {
            "robot_pose": [
                0.5662797392753219,
                0.1023224219924438,
                1.2499330291767614,
                0.7254759340335271,
                -0.0665692766283462,
                0.6843626064830476,
                0.03001705173879756
            ],
            "obj_pose": [
                0.5905699613597846,
                0.09543278110375569,
                1.2403290854300388,
                -0.20050336000689967,
                -0.6726597093564736,
                -0.7047815423658864,
                0.10300628900591709
            ]
        },
        {
            "robot_pose": [
                0.5712490654946067,
                0.10179807278748353,
                1.2216305191438028,
                0.7095354364906511,
                -0.0709278666074705,
                0.7009207856565133,
                0.015451677487901069
            ],
            "obj_pose": [
                0.5960591012500288,
                0.09543278110375569,
                1.2130478060777874,
                -0.17806540879794544,
                -0.6676947437766484,
                -0.7167385081764762,
                0.09360742609224745
            ]
        },
        {
            "robot_pose": [
                0.5426857823886506,
                0.1021299226631432,
                1.2241317639270768,
                0.7249244123267227,
                -0.06580036435001942,
                0.6851754403080321,
                0.026258797818151994
            ],
            "obj_pose": [
                0.5670412659812865,
                0.09543278110375569,
                1.2145569798626614,
                -0.19734371560924788,
                -0.6719015894359058,
                -0.7061268659481799,
                0.1048263383374671
            ]
        }
    ]
}