{
    "hook_path": "models/hook_1120/Hook209#10/base.urdf",
    "obj_path": "models/geo_data/hanging_exp/daily_5/base.urdf",
    "hook_pose": [
        0.5,
        -0.1,
        1.3,
        0.0,
        0.0,
        -0.7071067811865475,
        0.7071067811865476
    ],
    "contact_info": [
        {
            "contact_point_hook": [
                -0.006964091937543062,
                0.0019712440869151804,
                -0.0418526050127257,
                1.0
            ],
            "contact_point_obj": [
                0.0021340941932093127,
                -0.0018562509744604605,
                0.0407308701543132,
                1.0
            ],
            "obj_pose": [
                0.4983739389062825,
                -0.09539187000987041,
                1.2175455151296504,
                0.01640461056532197,
                0.016738190923642392,
                0.7326770535974542,
                0.6801728139587447
            ]
        }
    ]
}