{
    "hook_path": "models/hook/Hook136#19/base.urdf",
    "obj_path": "models/geo_data/hanging_exp/daily_5/base.urdf",
    "hook_pose": [
        0.5,
        -0.1,
        1.3,
        0.0,
        0.0,
        -0.7071067811865475,
        0.7071067811865476
    ],
    "contact_info": [
        {
            "contact_point_hook": [
                -0.005118883718193255,
                -0.044112075355559666,
                -0.013764647389197249,
                1.0
            ],
            "contact_point_obj": [
                -0.0042298273204367035,
                -0.0016164571464865607,
                0.04298114884468229,
                1.0
            ],
            "obj_pose": [
                0.45689877419347413,
                -0.09931619100796638,
                1.2432563830531405,
                -0.008627299756013089,
                0.004339894699409835,
                -0.6920038667115046,
                0.721829192724459
            ]
        }
    ]
}