{
    "hook_path": "models/hook/Hook145#4/base.urdf",
    "obj_path": "models/geo_data/hanging_exp/daily_5/base.urdf",
    "hook_pose": [
        0.5,
        -0.1,
        1.3,
        0.0,
        0.0,
        -0.7071067811865475,
        0.7071067811865476
    ],
    "contact_info": [
        {
            "contact_point_hook": [
                -0.03154059497469504,
                -0.0023109582314330135,
                0.05449740168478523,
                1.0
            ],
            "contact_point_obj": [
                0.0028884467993392227,
                0.005531901034334763,
                0.04094876705927564,
                1.0
            ],
            "obj_pose": [
                0.4994978995339641,
                -0.07126640034495584,
                1.3132106557667411,
                0.03358800371802447,
                0.023437150623937465,
                0.6557721085389374,
                0.7538471248464539
            ]
        }
    ]
}