{
    "hook_path": "models/hook_1120/Hook35#3/base.urdf",
    "obj_path": "models/geo_data/hanging_exp/daily_5/base.urdf",
    "hook_pose": [
        0.5,
        -0.1,
        1.3,
        0.0,
        0.0,
        -0.7071067811865475,
        0.7071067811865476
    ],
    "contact_info": [
        {
            "contact_point_hook": [
                0.0004323187282116447,
                -0.00035390670022061865,
                0.020493334559412046,
                1.0
            ],
            "contact_point_obj": [
                -0.0012027517821279338,
                -0.00162254942083212,
                0.040654662795285956,
                1.0
            ],
            "obj_pose": [
                0.4951612465248337,
                -0.10318482522566748,
                1.2801300995198668,
                -0.06339402895259956,
                0.026931353320176647,
                -0.8329117803145588,
                0.5491027822864613
            ]
        }
    ]
}