{
    "hook_path": "models/hook_1120/Hook209#1/base.urdf",
    "obj_path": "models/geo_data/hanging_exp/daily_5/base.urdf",
    "hook_pose": [
        0.5,
        -0.1,
        1.3,
        0.0,
        0.0,
        -0.7071067811865475,
        0.7071067811865476
    ],
    "contact_info": [
        {
            "contact_point_hook": [
                -0.00701454734663004,
                0.0017756340733112719,
                -0.04033760354062821,
                1.0
            ],
            "contact_point_obj": [
                0.0026496754549577527,
                0.0008589157230137479,
                0.04073047720007228,
                1.0
            ],
            "obj_pose": [
                0.4936088658208739,
                -0.09591422857090869,
                1.2197693336900473,
                0.072919971165328,
                0.08152546148091398,
                0.6819234709849331,
                0.7231989053195758
            ]
        }
    ]
}