{
    "hook_path": "models/hook/Hook145#9/base.urdf",
    "obj_path": "models/geo_data/hanging_exp/daily_5/base.urdf",
    "hook_pose": [
        0.5,
        -0.1,
        1.3,
        0.0,
        0.0,
        -0.7071067811865475,
        0.7071067811865476
    ],
    "contact_info": [
        {
            "contact_point_hook": [
                -0.028998090248088873,
                -0.0029555959481084026,
                0.05189940639282775,
                1.0
            ],
            "contact_point_obj": [
                0.00426359707904711,
                0.002236972543618543,
                0.04062426531059904,
                1.0
            ],
            "obj_pose": [
                0.5055965382000667,
                -0.07364543004018638,
                1.3119821665053253,
                -0.043068831326522505,
                -0.06007345805530097,
                0.7461341847574914,
                0.6616797063094192
            ]
        }
    ]
}