{
    "file": "models/geo_data/hanging_exp/mug_67/base.urdf",
    "contact_pose": [
        0.07271304163205629,
        0.008510073215222343,
        -0.0009351815428276023,
        0.7100626347704184,
        0.05681444557321349,
        0.7016462085055825,
        0.01660637127251233
    ],
    "obj_pose": [
        0.5033194112864251,
        -0.06124871919570146,
        1.2179500905758174,
        0.5303026307938382,
        -0.4752805737347788,
        0.45163542580189336,
        0.5375062215121015
    ]
}