{
    "hook_path": "models/hook_1120/Hook136#5/base.urdf",
    "obj_path": "models/geo_data/hanging_exp/daily_5/base.urdf",
    "hook_pose": [
        0.5,
        -0.1,
        1.3,
        0.0,
        0.0,
        -0.7071067811865475,
        0.7071067811865476
    ],
    "contact_info": [
        {
            "contact_point_hook": [
                -0.0054850210475632195,
                -0.0422800636503855,
                -0.014227769267136425,
                1.0
            ],
            "contact_point_obj": [
                -0.0042899257897182005,
                -0.002221796646633023,
                0.043082857877146497,
                1.0
            ],
            "obj_pose": [
                0.4560029805186896,
                -0.0992257053224746,
                1.242710256716059,
                -0.03656078118494691,
                0.02957380092806647,
                -0.6988760063084397,
                0.713695332326182
            ]
        }
    ]
}