{
    "hook_path": "models/hook_1120/Hook145#15/base.urdf",
    "obj_path": "models/geo_data/hanging_exp/daily_5/base.urdf",
    "hook_pose": [
        0.5,
        -0.1,
        1.3,
        0.0,
        0.0,
        -0.7071067811865475,
        0.7071067811865476
    ],
    "contact_info": [
        {
            "contact_point_hook": [
                -0.03310285378844541,
                -0.007150247520967767,
                0.04476225294851943,
                1.0
            ],
            "contact_point_obj": [
                0.002821683190545876,
                0.006724814251424627,
                0.03927808654431053,
                1.0
            ],
            "obj_pose": [
                0.4943868743733247,
                -0.07127753668148044,
                1.3050835112731667,
                0.03371528816375261,
                0.030972479215148518,
                0.5480298873438829,
                0.8352049014781662
            ]
        }
    ]
}