{
    "hook_path": "models/hook/Hook_180#17/base.urdf",
    "obj_path": "models/geo_data/hanging_exp/daily_5/base.urdf",
    "hook_pose": [
        0.5,
        -0.1,
        1.3,
        4.329780281177466e-17,
        0.7071067811865475,
        0.7071067811865476,
        4.329780281177467e-17
    ],
    "contact_info": [
        {
            "contact_point_hook": [
                -0.003169225440991852,
                -0.01679204474287621,
                0.033904667666140975,
                1.0
            ],
            "contact_point_obj": [
                -0.0026048556812060045,
                0.0004710401378449358,
                0.04165334208979399,
                1.0
            ],
            "obj_pose": [
                0.4985751679913824,
                -0.06936020697803603,
                1.2418528674336373,
                -0.04053352623145206,
                0.02739225432191453,
                -0.7217596970534715,
                0.6904126573026373
            ]
        }
    ]
}