{
    "hook_path": "models/hook/Hook209#1/base.urdf",
    "obj_path": "models/geo_data/hanging_exp/daily_5/base.urdf",
    "hook_pose": [
        0.5,
        -0.1,
        1.3,
        0.0,
        0.0,
        -0.7071067811865475,
        0.7071067811865476
    ],
    "contact_info": [
        {
            "contact_point_hook": [
                -0.008570678998106096,
                0.003247480984090667,
                -0.04499345578495517,
                1.0
            ],
            "contact_point_obj": [
                0.003507380839454427,
                -0.0030170700779790227,
                0.0408215773114462,
                1.0
            ],
            "obj_pose": [
                0.4918355475446528,
                -0.09898630973521212,
                1.21627070418464,
                0.06991582485374927,
                0.10439092266868809,
                0.7941983325747901,
                0.5945278136763856
            ]
        }
    ]
}