{
    "hook_path": "models/hook/Hook23#14/base.urdf",
    "obj_path": "models/geo_data/hanging_exp/daily_5/base.urdf",
    "hook_pose": [
        0.5,
        -0.1,
        1.3,
        0.0,
        0.0,
        -0.7071067811865475,
        0.7071067811865476
    ],
    "contact_info": [
        {
            "contact_point_hook": [
                -0.0017250791720257975,
                -0.04764447508438985,
                0.003185923954563963,
                1.0
            ],
            "contact_point_obj": [
                -0.007265905624100996,
                0.0025438145192505646,
                0.04076396869039933,
                1.0
            ],
            "obj_pose": [
                0.4534106545761916,
                -0.10334036792550247,
                1.2620253424798076,
                0.047549291128111675,
                -0.00895390682799276,
                -0.6876720620660735,
                0.7244073629661174
            ]
        }
    ]
}