{
    "hook_path": "models/hook_1120/Hook84#16/base.urdf",
    "obj_path": "models/geo_data/hanging_exp/daily_5/base.urdf",
    "hook_pose": [
        0.5,
        -0.1,
        1.3,
        0.0,
        0.0,
        -0.7071067811865475,
        0.7071067811865476
    ],
    "contact_info": [
        {
            "contact_point_hook": [
                -0.022701406149901127,
                0.0056974391729099905,
                -0.026783328310020504,
                1.0
            ],
            "contact_point_obj": [
                0.0011344673953377835,
                0.006253072254822523,
                0.04076901736550331,
                1.0
            ],
            "obj_pose": [
                0.5025922956147384,
                -0.07573957112141395,
                1.2321018539540536,
                0.0282846653974434,
                -0.024895530483987596,
                -0.7236145073306703,
                0.6891750394826172
            ]
        }
    ]
}