{
    "hook_path": "models/hook/Hook124#1/base.urdf",
    "obj_path": "models/geo_data/hanging_exp/daily_5/base.urdf",
    "hook_pose": [
        0.5,
        -0.1,
        1.3,
        0.0,
        0.0,
        -0.7071067811865475,
        0.7071067811865476
    ],
    "contact_info": [
        {
            "contact_point_hook": [
                -0.002314425140179905,
                -0.004329298552892602,
                -0.0026910382987019865,
                1.0
            ],
            "contact_point_obj": [
                0.000499131350287868,
                -0.004193928460627633,
                0.0397174876245745,
                1.0
            ],
            "obj_pose": [
                0.49144779314548165,
                -0.09829856917907577,
                1.2575961391538317,
                -0.08429225770964462,
                0.0646488605881407,
                -0.6695464422909014,
                0.7351346147002348
            ]
        }
    ]
}