{
    "hook_path": "models/hook_1120/Hook_180#8/base.urdf",
    "obj_path": "models/geo_data/hanging_exp/daily_5/base.urdf",
    "hook_pose": [
        0.5,
        -0.1,
        1.3,
        4.329780281177466e-17,
        0.7071067811865475,
        0.7071067811865476,
        4.329780281177467e-17
    ],
    "contact_info": [
        {
            "contact_point_hook": [
                7.980835636201e-05,
                -0.021175084170381497,
                0.03794542534299755,
                1.0
            ],
            "contact_point_obj": [
                -0.0018071848983279848,
                0.0004248557028769251,
                0.04080852782303657,
                1.0
            ],
            "obj_pose": [
                0.4930460878192976,
                -0.06417821917048051,
                1.2386127386527843,
                -0.060812513155470045,
                0.046273434131946914,
                -0.7534530152415848,
                0.6530460637357187
            ]
        }
    ]
}