{
    "hook_path": "models/hook_all_new/Hook_hs_293_normal/base.urdf",
    "obj_path": "models/everyday_objects_50/daily_41/base.urdf",
    "hook_pose": [
        0.5,
        -0.1,
        1.3,
        4.329780281177466e-17,
        0.7071067811865475,
        0.7071067811865476,
        4.329780281177467e-17
    ],
    "contact_info": [
        {
            "contact_point_hook": [],
            "obj_pose": [
                0.4946844554638758,
                -0.08796429540125851,
                1.267564535067773,
                -0.040950556317217224,
                0.7533807994057881,
                0.6444106670277092,
                -0.12439982011606393
            ],
            "contact_point_obj": []
        }
    ],
    "initial_pose": [
        {
            "robot_pose": [
                0.5242590308189392,
                0.055368874222040176,
                1.2480809688568115,
                0.7106842398643494,
                -0.05363655090332031,
                0.700079083442688,
                0.04405028373003006
            ],
            "obj_pose": [
                0.5500653224601653,
                0.0524104030701993,
                1.2489577413772373,
                -0.026026150469714193,
                0.6950970978216221,
                0.718438937551926,
                -0.002856063890402284
            ]
        },
        {
            "robot_pose": [
                0.514394813282497,
                0.055617765643557485,
                1.2151886285111944,
                0.7099783048449587,
                -0.05676874235341372,
                0.7003059089223466,
                0.04774673255351197
            ],
            "obj_pose": [
                0.5401701879818657,
                0.0524104030701993,
                1.2160990428734668,
                0.023086596041323383,
                -0.6955595048464591,
                -0.7180967458651033,
                -0.0010236595736384446
            ]
        },
        {
            "robot_pose": [
                0.5135486915854124,
                0.05549401979922701,
                1.2512134670151642,
                0.7160952527984282,
                -0.053532407276113476,
                0.6943066110439519,
                0.04775144135460095
            ],
            "obj_pose": [
                0.5393509089248845,
                0.0524104030701993,
                1.2516855455213176,
                0.018479577322296444,
                -0.6966604798782738,
                -0.7171311218738958,
                0.006755371022393368
            ]
        },
        {
            "robot_pose": [
                0.5103405802788026,
                0.05505523194107875,
                1.2747838694632285,
                0.7140823014306102,
                -0.04338419236745643,
                0.697185613891326,
                0.046222271895281254
            ],
            "obj_pose": [
                0.5361872045958301,
                0.0524104030701993,
                1.2754493478919289,
                0.0264515702328084,
                -0.7009327408086536,
                -0.7126558640602827,
                0.010734370739808064
            ]
        },
        {
            "robot_pose": [
                0.5210741799070749,
                0.05494539539432038,
                1.2813220731727764,
                0.7104486946310571,
                -0.04136505785581265,
                0.7010687366214751,
                0.04532340253755213
            ],
            "obj_pose": [
                0.5469231860834758,
                0.0524104030701993,
                1.2822647626709147,
                0.03164724733489105,
                -0.7017077343519953,
                -0.711710074653991,
                0.0085718681000049
            ]
        },
        {
            "robot_pose": [
                0.5790440682765594,
                0.05574582998012455,
                1.2811642826097134,
                0.6985395899560278,
                -0.06000446062704042,
                0.7114490872544155,
                0.04777135348492602
            ],
            "obj_pose": [
                0.604761058823845,
                0.0524104030701993,
                1.2828955522017287,
                0.03293443028336817,
                -0.6947386659685474,
                -0.7183719013596719,
                -0.013975716333806138
            ]
        },
        {
            "robot_pose": [
                0.5696081009450439,
                0.05621902258934562,
                1.2451743721512247,
                0.7008634879304566,
                -0.06498904677645069,
                0.7081209651384952,
                0.055959751753998435
            ],
            "obj_pose": [
                0.5952722429952936,
                0.0524104030701993,
                1.2467015263883106,
                0.023439077053443568,
                -0.696405611646716,
                -0.7170477357216132,
                -0.017674230686333652
            ]
        },
        {
            "robot_pose": [
                0.5786863303724464,
                0.055855716207609096,
                1.2351975801787054,
                0.6944602857232436,
                -0.06162536600292753,
                0.7152028107194551,
                0.04911380006869029
            ],
            "obj_pose": [
                0.6043680307193385,
                0.0524104030701993,
                1.2372140262004219,
                0.035407365493061144,
                -0.6948672229992149,
                -0.7180051515892235,
                -0.01935105065716171
            ]
        },
        {
            "robot_pose": [
                0.5279067999802463,
                0.05496151417477095,
                1.2183198598631573,
                0.7233073506767984,
                -0.048359640486593414,
                0.6877650047090622,
                0.03830300153332949
            ],
            "obj_pose": [
                0.5537713784966843,
                0.0524104030701993,
                1.2182827090892072,
                0.018941135436655862,
                -0.6935576405205246,
                -0.7198554341275771,
                0.020668493437377037
            ]
        }
    ]
}