{
    "hook_path": "models/hook_all_new/Hook_hs_293_normal/base.urdf",
    "obj_path": "models/everyday_objects_50/tool_6/base.urdf",
    "hook_pose": [
        0.5,
        -0.1,
        1.3,
        4.329780281177466e-17,
        0.7071067811865475,
        0.7071067811865476,
        4.329780281177467e-17
    ],
    "contact_info": [
        {
            "contact_point_hook": [],
            "obj_pose": [
                0.5341964237891318,
                -0.11006466799473438,
                1.0552823497345223,
                0.63472974877872,
                0.16472974909811577,
                0.16430062531338407,
                0.736876896298836
            ],
            "contact_point_obj": []
        }
    ],
    "initial_pose": [
        {
            "robot_pose": [
                0.4479500353336334,
                0.016524825245141983,
                1.2739596366882324,
                0.7119526863098145,
                -0.04761497676372528,
                0.6995342373847961,
                0.03883407637476921
            ],
            "obj_pose": [
                0.46608532048969914,
                0.013671061968862608,
                1.0801981818268422,
                0.713368988548262,
                0.02784898191509108,
                -0.09297603324725408,
                0.6940349974068514
            ]
        },
        {
            "robot_pose": [
                0.4393701935730785,
                0.018799821296895856,
                1.2416736677301774,
                0.7124993764431291,
                -0.053813480280855974,
                0.6977003019987471,
                0.05160461703250469
            ],
            "obj_pose": [
                0.45660187599098395,
                0.013671061968862608,
                1.047876611840943,
                0.7102521833301054,
                0.019287393955591182,
                -0.10385650238044024,
                0.6959767664387382
            ]
        },
        {
            "robot_pose": [
                0.43756691689954885,
                0.021251527232013852,
                1.2761341269739095,
                0.7065007418482314,
                -0.039112710610602355,
                0.7050657101058105,
                0.047002575137740574
            ],
            "obj_pose": [
                0.45842810689399394,
                0.013671061968862608,
                1.0827746658116968,
                0.7054497627466366,
                0.02203722561199367,
                -0.08808633345011377,
                0.7029194767449225
            ]
        },
        {
            "robot_pose": [
                0.4321299977478002,
                0.00972348803421545,
                1.3016682122902132,
                0.710651728150896,
                -0.05787094910956035,
                0.7007325447317313,
                0.02447397146144869
            ],
            "obj_pose": [
                0.45136471099672737,
                0.013671061968862608,
                1.1080320163226374,
                0.7254456030406448,
                0.029423730850025826,
                -0.08855670974853345,
                0.6819242115150147
            ]
        },
        {
            "robot_pose": [
                0.44539855377683313,
                0.018161065644230596,
                1.3058703386381851,
                0.7105885239848769,
                -0.042455611145058414,
                0.7011912283307572,
                0.039904034574181124
            ],
            "obj_pose": [
                0.4642847104266977,
                0.013671061968862608,
                1.1122116520875338,
                0.7103259604009621,
                0.028209233942381017,
                -0.089727427603161,
                0.697560218071927
            ]
        },
        {
            "robot_pose": [
                0.49701587245265133,
                0.017519269243475223,
                1.300863293432317,
                0.7060886816651815,
                -0.050133845866471134,
                0.705005746276734,
                0.0435002165482943
            ],
            "obj_pose": [
                0.5181654441474346,
                0.013671061968862608,
                1.1074248772879784,
                0.7127891536362299,
                0.018537573174949126,
                -0.09096866115494369,
                0.6952069357587047
            ]
        },
        {
            "robot_pose": [
                0.49318380033883785,
                0.01530127264263123,
                1.2723464283872583,
                0.7044506456437055,
                -0.05235465144427529,
                0.7068114458698792,
                0.0377605390804435
            ],
            "obj_pose": [
                0.5154354306436233,
                0.013671061968862608,
                1.0790002588248133,
                0.7167771402192457,
                0.018841164651659418,
                -0.08713907727269911,
                0.6915795854316056
            ]
        },
        {
            "robot_pose": [
                0.49838124236004816,
                0.012515244146244298,
                1.2657179809593637,
                0.7076343389171514,
                -0.05306471702394714,
                0.703966143399879,
                0.029486389049109798
            ],
            "obj_pose": [
                0.5191673828356845,
                0.013671061968862608,
                1.072205360255133,
                0.7208776320520409,
                0.02591556930742028,
                -0.08599126641117415,
                0.6872185423688139
            ]
        },
        {
            "robot_pose": [
                0.4415964971862005,
                0.017599523972149506,
                1.241572932577596,
                0.7092175909722397,
                -0.03664912637012269,
                0.703253947644254,
                0.033183359001349846
            ],
            "obj_pose": [
                0.461517882677007,
                0.013671061968862608,
                1.0480057878733697,
                0.7106602996761573,
                0.03282338345258647,
                -0.081763483898513,
                0.6979966308397888
            ]
        }
    ]
}