{
    "hook_path": "models/hook_1120/Hook122#11/base.urdf",
    "obj_path": "models/geo_data/hanging_exp/daily_5/base.urdf",
    "hook_pose": [
        0.5,
        -0.1,
        1.3,
        0.7071067811865476,
        -0.7071067811865475,
        -4.329780281177466e-17,
        4.329780281177467e-17
    ],
    "contact_info": [
        {
            "contact_point_hook": [
                -0.006730747048340341,
                8.7498392780605e-05,
                0.04727830361423857,
                1.0
            ],
            "contact_point_obj": [
                -0.004245629632220166,
                -0.0023176947765325973,
                0.04303777386319507,
                1.0
            ],
            "obj_pose": [
                0.4962921205360054,
                -0.09816314693610163,
                1.2098429172319782,
                -0.059895218800030965,
                0.05133424650603204,
                -0.6348321738685481,
                0.7686126911012385
            ]
        }
    ]
}