{
    "hook_path": "models/hook_all_new/Hook_hcu_293_easy/base.urdf",
    "obj_path": "models/everyday_objects_50/daily_8/base.urdf",
    "hook_pose": [
        0.5,
        -0.1,
        1.3,
        4.329780281177466e-17,
        0.7071067811865475,
        0.7071067811865476,
        4.329780281177467e-17
    ],
    "contact_info": [
        {
            "contact_point_hook": [
                0.01257642629413791,
                0.010183252322050418,
                0.020770912614012444,
                1.0
            ],
            "obj_pose": [
                0.490224610760501,
                -0.07431075914499123,
                1.2610551303471231,
                0.7475065273376034,
                -0.05017157674576878,
                0.002269449745364536,
                0.6623531188666462
            ],
            "contact_point_obj": [
                0.0009990843192285714,
                0.04943341400918899,
                -0.00097341664776876,
                1.0
            ]
        }
    ],
    "initial_pose": [
        {
            "robot_pose": [
                0.5297524333000183,
                0.06606367230415344,
                1.2291051149368286,
                0.7125985622406006,
                -0.0495329312980175,
                0.6983231902122498,
                0.04576439410448074
            ],
            "obj_pose": [
                0.5626341018306422,
                0.0608717021813884,
                1.234189085215695,
                0.7112690806964945,
                -0.0001475067074534811,
                0.02050557731381769,
                0.7026206617983575
            ]
        },
        {
            "robot_pose": [
                0.5168096743870738,
                0.06639527734518101,
                1.1983366329937912,
                0.720263708513225,
                -0.054439037008562605,
                0.6899388810864394,
                0.04733837569613695
            ],
            "obj_pose": [
                0.5497471531112001,
                0.0608717021813884,
                1.2026517280816855,
                0.7135997469110104,
                0.004374118353633817,
                0.00931941290715365,
                0.7004779916887013
            ]
        },
        {
            "robot_pose": [
                0.5239115113251419,
                0.06541844411287757,
                1.2265590823199823,
                0.713779032586763,
                -0.0423946377659029,
                0.6979910465420347,
                0.03912398593391986
            ],
            "obj_pose": [
                0.5568989983415559,
                0.0608717021813884,
                1.2315750838212054,
                0.7111297260854693,
                0.007547252438585579,
                0.02661413477772774,
                0.702516362434546
            ]
        },
        {
            "robot_pose": [
                0.5147708129085526,
                0.06468172762708142,
                1.260150014522746,
                0.7100339512012648,
                -0.02548905087125124,
                0.7023298187235606,
                0.04398775010083061
            ],
            "obj_pose": [
                0.5477800967211768,
                0.0608717021813884,
                1.2656161211070265,
                0.6998528746974327,
                0.010733382914811388,
                0.036036001902606196,
                0.713296680796861
            ]
        },
        {
            "robot_pose": [
                0.5343493752389671,
                0.06643022795206496,
                1.2587621187270346,
                0.7135753094659599,
                -0.056052239316650605,
                0.6968093113714537,
                0.046099975858877436
            ],
            "obj_pose": [
                0.5671931813955194,
                0.0608717021813884,
                1.2637012098698917,
                0.7143971922573267,
                -0.0026849856758435495,
                0.016008914213686318,
                0.6995521118633463
            ]
        },
        {
            "robot_pose": [
                0.5791817396795457,
                0.0651235143428345,
                1.259567653616384,
                0.7125333743408495,
                -0.03073246322851225,
                0.6993289436228188,
                0.04786162101040142
            ],
            "obj_pose": [
                0.6121786021479707,
                0.0608717021813884,
                1.2647769331724776,
                0.7008356420585716,
                0.008813191014682555,
                0.02877454276470122,
                0.7126876989068709
            ]
        },
        {
            "robot_pose": [
                0.5782511668310544,
                0.06616052181700768,
                1.2272034599086747,
                0.7011892726059145,
                -0.058297950188996604,
                0.7096784162650035,
                0.035937424417259695
            ],
            "obj_pose": [
                0.6109497644331142,
                0.0608717021813884,
                1.2332728531757455,
                0.7192266255484943,
                -0.01189550620232958,
                0.0329544159082167,
                0.6938916086151097
            ]
        },
        {
            "robot_pose": [
                0.5806496231376205,
                0.06692747810363167,
                1.2185618039496222,
                0.7164589135346597,
                -0.05964521710084285,
                0.6929874470796907,
                0.053828166267307284
            ],
            "obj_pose": [
                0.613448878772215,
                0.0608717021813884,
                1.2232033382547856,
                0.7125582733194337,
                -0.004830708947310926,
                0.006869541270783561,
                0.7015626705988728
            ]
        },
        {
            "robot_pose": [
                0.5317082449496704,
                0.06699355306288306,
                1.1951392092350621,
                0.71737367963219,
                -0.06120175098403492,
                0.6919406426573121,
                0.05336193855591972
            ],
            "obj_pose": [
                0.5645095141305051,
                0.0608717021813884,
                1.1996787152457506,
                0.7136309893858486,
                -0.004514249289106672,
                0.005398596803670661,
                0.7004864650327529
            ]
        }
    ]
}