{
    "hook_path": "models/hook/Hook145#7/base.urdf",
    "obj_path": "models/geo_data/hanging_exp/daily_5/base.urdf",
    "hook_pose": [
        0.5,
        -0.1,
        1.3,
        0.0,
        0.0,
        -0.7071067811865475,
        0.7071067811865476
    ],
    "contact_info": [
        {
            "contact_point_hook": [
                -0.02869935237544334,
                -0.0018224384991105125,
                0.049755772618501615,
                1.0
            ],
            "contact_point_obj": [
                -0.0014070597561818277,
                0.002459723550738202,
                0.04074058371249323,
                1.0
            ],
            "obj_pose": [
                0.5011552844187721,
                -0.0669258530513916,
                1.3092610870782346,
                0.030707679677708634,
                -0.02987749827472634,
                0.6342742639866713,
                0.7719200292451424
            ]
        }
    ]
}