{
    "hook_path": "models/hook/Hook23#10/base.urdf",
    "obj_path": "models/geo_data/hanging_exp/daily_5/base.urdf",
    "hook_pose": [
        0.5,
        -0.1,
        1.3,
        0.0,
        0.0,
        -0.7071067811865475,
        0.7071067811865476
    ],
    "contact_info": [
        {
            "contact_point_hook": [
                0.004968150229080513,
                -0.041760169491983024,
                0.000282957813518836,
                1.0
            ],
            "contact_point_obj": [
                -0.002001724117049561,
                0.006116009904074848,
                0.03947058750733157,
                1.0
            ],
            "obj_pose": [
                0.4492050267618501,
                -0.10457120426700524,
                1.2613271558074906,
                -0.005132805642255641,
                0.04733362142650236,
                -0.7088974706925941,
                0.7037027487757413
            ]
        }
    ]
}