{
    "hook_path": "models/hook/Hook136#15/base.urdf",
    "obj_path": "models/geo_data/hanging_exp/daily_5/base.urdf",
    "hook_pose": [
        0.5,
        -0.1,
        1.3,
        0.0,
        0.0,
        -0.7071067811865475,
        0.7071067811865476
    ],
    "contact_info": [
        {
            "contact_point_hook": [
                -0.005081561992661406,
                -0.04844339876730763,
                -0.011852507469255258,
                1.0
            ],
            "contact_point_obj": [
                -0.004023132513799679,
                -0.005552564560604711,
                0.042418626519217906,
                1.0
            ],
            "obj_pose": [
                0.45665607016092,
                -0.10026454073122272,
                1.2458181758989364,
                -0.011825130707607564,
                -0.007064502022815696,
                -0.7195825698069376,
                0.6942702530895022
            ]
        }
    ]
}