{
    "hook_path": "models/hook_1120/Hook42#18/base.urdf",
    "obj_path": "models/geo_data/hanging_exp/daily_5/base.urdf",
    "hook_pose": [
        0.5,
        -0.1,
        1.3,
        0.0,
        0.0,
        -0.7071067811865475,
        0.7071067811865476
    ],
    "contact_info": [
        {
            "contact_point_hook": [
                -0.0023075886880548763,
                -0.0003144843195184155,
                -0.01117326979240052,
                1.0
            ],
            "contact_point_obj": [
                0.0006868325189492153,
                -0.0014866168302249405,
                0.04072763403652435,
                1.0
            ],
            "obj_pose": [
                0.49544395290428905,
                -0.09054021032192268,
                1.2489233831182138,
                0.0018213298215628325,
                0.10837787751824143,
                -0.7370608645735727,
                0.667077357085653
            ]
        }
    ]
}