{
    "hook_path": "models/hook_1120/Hook44#25/base.urdf",
    "obj_path": "models/geo_data/hanging_exp/daily_5/base.urdf",
    "hook_pose": [
        0.5,
        -0.1,
        1.3,
        0.0,
        0.0,
        -0.7071067811865475,
        0.7071067811865476
    ],
    "contact_info": [
        {
            "contact_point_hook": [
                0.0031727161229157543,
                0.005292160254254719,
                -0.04276985416354662,
                1.0
            ],
            "contact_point_obj": [
                -0.004474583746085184,
                0.00527657550502747,
                0.04110794606548396,
                1.0
            ],
            "obj_pose": [
                0.49766067679998716,
                -0.10732637922775108,
                1.2164596304904036,
                -0.018224890094337497,
                0.019732647526746153,
                -0.7195248233615027,
                0.6939470473813061
            ]
        }
    ]
}