{
    "hook_path": "models/hook/Hook_180#4/base.urdf",
    "obj_path": "models/geo_data/hanging_exp/daily_5/base.urdf",
    "hook_pose": [
        0.5,
        -0.1,
        1.3,
        4.329780281177466e-17,
        0.7071067811865475,
        0.7071067811865476,
        4.329780281177467e-17
    ],
    "contact_info": [
        {
            "contact_point_hook": [
                -0.0001238598641228883,
                -0.007924168249046515,
                0.035885022453339965,
                1.0
            ],
            "contact_point_obj": [
                -0.004912788926242077,
                0.0002648586563687161,
                0.04723148601656657,
                1.0
            ],
            "obj_pose": [
                0.5003444994974505,
                -0.06916825412717284,
                1.2448589425011538,
                0.0023799858087460227,
                -0.004481719998944747,
                -0.705162986332978,
                0.709027088734526
            ]
        }
    ]
}