{
    "hook_path": "models/hook/Hook145#12/base.urdf",
    "obj_path": "models/geo_data/hanging_exp/daily_5/base.urdf",
    "hook_pose": [
        0.5,
        -0.1,
        1.3,
        0.0,
        0.0,
        -0.7071067811865475,
        0.7071067811865476
    ],
    "contact_info": [
        {
            "contact_point_hook": [
                -0.029851053684866097,
                -5.413292091394073e-05,
                0.052951229820834333,
                1.0
            ],
            "contact_point_obj": [
                0.0001256484366035926,
                0.0022943412988531697,
                0.04086728718802646,
                1.0
            ],
            "obj_pose": [
                0.49461621010467555,
                -0.07122295040640181,
                1.3123820762262506,
                0.0619114211622447,
                0.07146265570165554,
                0.7881668881964015,
                0.6081554251345118
            ]
        }
    ]
}