{
    "hook_path": "models/hook_1104/Hook_bar/base.urdf",
    "obj_path": "models/geo_data/hanging_exp/scissor_74/base.urdf",
    "hook_pose": [
        0.5,
        -0.1,
        1.3,
        4.329780281177466e-17,
        0.7071067811865475,
        0.7071067811865476,
        4.329780281177467e-17
    ],
    "contact_info": [
        {
            "contact_point_hook": [
                -0.0016068924041755528,
                -0.0026442842351386275,
                0.03271857058108983,
                1.0
            ],
            "contact_point_obj": [
                0.07987350513124603,
                0.0018764747909900403,
                0.026580531850402697,
                1.0
            ],
            "obj_pose": [
                0.49880511105874953,
                -0.07421419063763451,
                1.2134873099363297,
                0.06086139455137639,
                -0.5591733948579294,
                0.13123254390840108,
                0.8163326678233878
            ]
        }
    ]
}