{
    "hook_path": "models/hook_1104/Hook_bar/base.urdf",
    "obj_path": "models/geo_data/hanging_exp/daily_114/base.urdf",
    "hook_pose": [
        0.5,
        -0.1,
        1.3,
        4.329780281177466e-17,
        0.7071067811865475,
        0.7071067811865476,
        4.329780281177467e-17
    ],
    "contact_info": [
        {
            "contact_point_hook": [
                0.002858085105697461,
                -0.0034714483925932793,
                0.0340436533785483,
                1.0
            ],
            "contact_point_obj": [
                -0.010096274256163773,
                -0.042663092391239665,
                -0.0036227808180298963,
                1.0
            ],
            "obj_pose": [
                0.5006049904215887,
                -0.06992684366079682,
                1.2528542913589782,
                -0.11582892268502198,
                -0.6951922501540849,
                0.7016850416730838,
                -0.10454424081493069
            ]
        }
    ]
}