{
    "hook_path": "models/hook_1104/Hook_bar/base.urdf",
    "obj_path": "models/geo_data/hanging_exp/scissor_92/base.urdf",
    "hook_pose": [
        0.5,
        -0.1,
        1.3,
        4.329780281177466e-17,
        0.7071067811865475,
        0.7071067811865476,
        4.329780281177467e-17
    ],
    "contact_info": [
        {
            "contact_point_hook": [
                -0.0029100293789896536,
                -0.003422024666659196,
                0.025418988940968935,
                1.0
            ],
            "contact_point_obj": [
                0.05676520926835049,
                -0.004607286674566363,
                0.027203619735544304,
                1.0
            ],
            "obj_pose": [
                0.49798350167501987,
                -0.08001678725260764,
                1.2338903795710792,
                0.5673647336365318,
                0.021248934811830232,
                0.822851287794335,
                -0.023695990591540084
            ]
        }
    ]
}