{
    "hook_path": "models/hook_1104/Hook_bar/base.urdf",
    "obj_path": "models/geo_data/hanging_exp/mug_73/base.urdf",
    "hook_pose": [
        0.5,
        -0.1,
        1.3,
        4.329780281177466e-17,
        0.7071067811865475,
        0.7071067811865476,
        4.329780281177467e-17
    ],
    "contact_info": [
        {
            "contact_point_hook": [
                0.0030483299790287077,
                -0.004556287733107123,
                0.04019602719744131,
                1.0
            ],
            "contact_point_obj": [
                0.04541803247670728,
                0.02803247255449423,
                -0.006037846702975299,
                1.0
            ],
            "obj_pose": [
                0.5017503613814586,
                -0.06542783864280251,
                1.2422420442608981,
                0.6008731731544458,
                -0.37889084001610407,
                0.36603045251887606,
                0.6011779012605383
            ]
        }
    ]
}