{
    "hook_path": "models/hook_1104/Hook_bar/base.urdf",
    "obj_path": "models/geo_data/hanging_exp/scissor_79/base.urdf",
    "hook_pose": [
        0.5,
        -0.1,
        1.3,
        4.329780281177466e-17,
        0.7071067811865475,
        0.7071067811865476,
        4.329780281177467e-17
    ],
    "contact_info": [
        {
            "contact_point_hook": [
                -0.002558293765097752,
                -0.0027726538873094064,
                0.03496555304535731,
                1.0
            ],
            "contact_point_obj": [
                0.03381819339450032,
                -0.0020255327272741992,
                0.023889224804309217,
                1.0
            ],
            "obj_pose": [
                0.5005595494222193,
                -0.06631132235351951,
                1.2558408427653982,
                0.48133536635965285,
                -0.006101657288782388,
                0.8764778071952297,
                -0.008104835839841043
            ]
        }
    ]
}