{
    "hook_path": "models/hook_1104/Hook_bar/base.urdf",
    "obj_path": "models/geo_data/hanging_exp/mug_80/base.urdf",
    "hook_pose": [
        0.5,
        -0.1,
        1.3,
        4.329780281177466e-17,
        0.7071067811865475,
        0.7071067811865476,
        4.329780281177467e-17
    ],
    "contact_info": [
        {
            "contact_point_hook": [
                -0.003926943297505203,
                -0.005278242881219697,
                0.027771828808053723,
                1.0
            ],
            "contact_point_obj": [
                0.0720358524245448,
                0.02211443087292824,
                -0.0050862677758031286,
                1.0
            ],
            "obj_pose": [
                0.4995088319296189,
                -0.07797485209623772,
                1.219545044249856,
                0.5905250009813304,
                -0.38538858274531806,
                0.4188982563396067,
                0.5720840098632297
            ]
        }
    ]
}