{
    "hook_path": "models/hook_1104/Hook_bar/base.urdf",
    "obj_path": "models/geo_data/hanging_exp/mug_67/base.urdf",
    "hook_pose": [
        0.5,
        -0.1,
        1.3,
        4.329780281177466e-17,
        0.7071067811865475,
        0.7071067811865476,
        4.329780281177467e-17
    ],
    "contact_info": [
        {
            "contact_point_hook": [
                -0.0024949208797546696,
                -0.003005991795450802,
                0.040476985279325875,
                1.0
            ],
            "contact_point_obj": [
                0.05702916213751874,
                0.007189825959489693,
                -0.0007481439897550693,
                1.0
            ],
            "obj_pose": [
                0.5023319494944404,
                -0.0602297559107521,
                1.2395131191362478,
                0.5528898590416014,
                -0.44139895378348776,
                0.49080521955802914,
                0.5085174567528586
            ]
        }
    ]
}