{
    "hook_path": "models/hook_1104/Hook_bar/base.urdf",
    "obj_path": "models/geo_data/hanging_exp/mug_132/base.urdf",
    "hook_pose": [
        0.5,
        -0.1,
        1.3,
        4.329780281177466e-17,
        0.7071067811865475,
        0.7071067811865476,
        4.329780281177467e-17
    ],
    "contact_info": [
        {
            "contact_point_hook": [
                -0.0006838604603465193,
                -0.002886451188215622,
                0.039167068061349244,
                1.0
            ],
            "contact_point_obj": [
                0.05295481852444395,
                0.021439456203409493,
                -0.002622309342065976,
                1.0
            ],
            "obj_pose": [
                0.5019747965087606,
                -0.06064401551342904,
                1.239938052414784,
                0.5641227979145402,
                -0.4561076543272736,
                0.34677527514220896,
                0.5945403140975292
            ]
        }
    ]
}