{
    "hook_path": "models/hook_1104/Hook_bar/base.urdf",
    "obj_path": "models/geo_data/hanging_exp/bag_5/base.urdf",
    "hook_pose": [
        0.5,
        -0.1,
        1.3,
        4.329780281177466e-17,
        0.7071067811865475,
        0.7071067811865476,
        4.329780281177467e-17
    ],
    "contact_info": [
        {
            "contact_point_hook": [
                0.0025622122938994685,
                -0.004003834856183497,
                0.025748020615188858,
                1.0
            ],
            "contact_point_obj": [
                -0.0024998352786057554,
                0.06245242467467049,
                0.006201403398592931,
                1.0
            ],
            "obj_pose": [
                0.500440709496111,
                -0.07784350759423254,
                1.2333615476058952,
                0.4792114186947789,
                -0.4952305609649723,
                -0.5122626881247171,
                0.5125329706800288
            ]
        }
    ]
}