{
    "hook_path": "models/hook_1104/Hook_bar/base.urdf",
    "obj_path": "models/geo_data/hanging_exp/mug_128/base.urdf",
    "hook_pose": [
        0.5,
        -0.1,
        1.3,
        4.329780281177466e-17,
        0.7071067811865475,
        0.7071067811865476,
        4.329780281177467e-17
    ],
    "contact_info": [
        {
            "contact_point_hook": [
                0.0008652772684399346,
                -0.003092419260102064,
                0.022482349452417495,
                1.0
            ],
            "contact_point_obj": [
                0.050662508689211405,
                0.014479080051355564,
                -0.0016219696770002068,
                1.0
            ],
            "obj_pose": [
                0.5004492959756226,
                -0.08014588897891141,
                1.2442736696997219,
                0.5021415139802402,
                -0.491584555582838,
                0.3736767265629751,
                0.6054454795233303
            ]
        }
    ]
}