{
    "hook_path": "models/hook_1104/Hook_bar/base.urdf",
    "obj_path": "models/geo_data/hanging_exp/scissor_39/base.urdf",
    "hook_pose": [
        0.5,
        -0.1,
        1.3,
        4.329780281177466e-17,
        0.7071067811865475,
        0.7071067811865476,
        4.329780281177467e-17
    ],
    "contact_info": [
        {
            "contact_point_hook": [
                0.0013430944648655796,
                -0.0032536070299080677,
                0.019334978734063927,
                1.0
            ],
            "contact_point_obj": [
                0.0920088347764274,
                0.0014242531344151738,
                0.022254763643669795,
                1.0
            ],
            "obj_pose": [
                0.500291404471868,
                -0.08299170784799621,
                1.2021163574553726,
                -0.005294958752337526,
                -0.6252190157435717,
                0.0009448111309334058,
                0.780430812498057
            ]
        }
    ]
}