{
    "hook_path": "models/hook_1104/Hook_bar/base.urdf",
    "obj_path": "models/geo_data/hanging_exp/scissor_22/base.urdf",
    "hook_pose": [
        0.5,
        -0.1,
        1.3,
        4.329780281177466e-17,
        0.7071067811865475,
        0.7071067811865476,
        4.329780281177467e-17
    ],
    "contact_info": [
        {
            "contact_point_hook": [
                -0.0029323881476497338,
                -0.0043805441250392985,
                0.024112102739531894,
                1.0
            ],
            "contact_point_obj": [
                0.05553682902001422,
                0.0019358440357209032,
                0.048525855233804704,
                1.0
            ],
            "obj_pose": [
                0.5001339496767118,
                -0.07750014756847826,
                1.2219145382169796,
                0.002938355192709523,
                -0.3961352901799663,
                0.0010634720247639912,
                0.9181868366351414
            ]
        }
    ]
}