{
    "hook_path": "models/hook_1104/Hook_bar/base.urdf",
    "obj_path": "models/geo_data/hanging_exp/daily_57/base.urdf",
    "hook_pose": [
        0.5,
        -0.1,
        1.3,
        4.329780281177466e-17,
        0.7071067811865475,
        0.7071067811865476,
        4.329780281177467e-17
    ],
    "contact_info": [
        {
            "contact_point_hook": [
                0.001094973478266037,
                -0.0031719531510687737,
                0.02947072060010489,
                1.0
            ],
            "contact_point_obj": [
                -0.001784077816887275,
                0.05839045901778017,
                0.00013950880063296617,
                1.0
            ],
            "obj_pose": [
                0.4995724137522716,
                -0.07045130521858672,
                1.238414036414954,
                0.7067372461119551,
                0.004968638415485031,
                -0.008557745025558764,
                0.7074069144350114
            ]
        }
    ]
}