{
    "hook_path": "models/hook_1104/Hook_bar/base.urdf",
    "obj_path": "models/geo_data/hanging_exp/mug_100/base.urdf",
    "hook_pose": [
        0.5,
        -0.1,
        1.3,
        4.329780281177466e-17,
        0.7071067811865475,
        0.7071067811865476,
        4.329780281177467e-17
    ],
    "contact_info": [
        {
            "contact_point_hook": [
                0.0011359555751215278,
                -0.003094486535237806,
                0.028442266669058542,
                1.0
            ],
            "contact_point_obj": [
                0.05202356375563433,
                0.024630646597531974,
                -0.00459553913658437,
                1.0
            ],
            "obj_pose": [
                0.4991281769566548,
                -0.07567417251479353,
                1.239310165735486,
                0.6054514913628092,
                -0.3708558865339833,
                0.3867101810602756,
                0.5885147737261762
            ]
        }
    ]
}