{
    "hook_path": "models/hook_1120/Hook_bar#2/base.urdf",
    "obj_path": "models/geo_data/hanging_exp/daily_5/base.urdf",
    "hook_pose": [
        0.5,
        -0.1,
        1.3,
        4.329780281177466e-17,
        0.7071067811865475,
        0.7071067811865476,
        4.329780281177467e-17
    ],
    "contact_info": [
        {
            "contact_point_hook": [
                0.0007840549828468379,
                -0.0019796266004104,
                0.024708155537295804,
                1.0
            ],
            "contact_point_obj": [
                -0.002696792688067877,
                -0.0034892818558727168,
                0.04065773388683325,
                1.0
            ],
            "obj_pose": [
                0.5051504798461525,
                -0.07838563257851917,
                1.2576754991905585,
                0.023992265994461897,
                -0.023304225594315397,
                -0.7386510144527051,
                0.6732577241219667
            ]
        }
    ]
}