{
    "hook_path": "models/hook_1120/Hook_90#19/base.urdf",
    "obj_path": "models/geo_data/hanging_exp/daily_5/base.urdf",
    "hook_pose": [
        0.5,
        -0.1,
        1.3,
        4.329780281177466e-17,
        0.7071067811865475,
        0.7071067811865476,
        4.329780281177467e-17
    ],
    "contact_info": [
        {
            "contact_point_hook": [
                0.004518165440850763,
                -0.004620378518328083,
                0.020133519777184236,
                1.0
            ],
            "contact_point_obj": [
                -0.0009192454159282978,
                -0.005528825140793336,
                0.039951798654286996,
                1.0
            ],
            "obj_pose": [
                0.5019305927845291,
                -0.07968706402365222,
                1.2555557534819042,
                0.011486397891514214,
                -0.0040524651691254574,
                -0.6659270055889023,
                0.7459174642123142
            ]
        }
    ]
}