{
    "hook_path": "models/hook/Hook_bar/base.urdf",
    "obj_path": "models/geo_data/hanging_exp/daily_72/base.urdf",
    "hook_pose": [
        0.5,
        -0.1,
        1.3,
        4.329780281177466e-17,
        0.7071067811865475,
        0.7071067811865476,
        4.329780281177467e-17
    ],
    "contact_info": [
        {
            "contact_point_hook": [
                0.0019578912234161083,
                -0.0035184568369939218,
                0.03552306343785955,
                1.0
            ],
            "contact_point_obj": [
                -0.0007365604482925114,
                0.050754595209444364,
                -0.0011358887873289467,
                1.0
            ],
            "obj_pose": [
                0.4998672039171244,
                -0.06524679730612731,
                1.245747550202974,
                0.7098234812077598,
                -0.022240745648967483,
                -0.00653616837921313,
                0.7039980491890538
            ]
        }
    ]
}