{
    "hook_path": "models/hook/Hook_bar/base.urdf",
    "obj_path": "models/geo_data/hanging_exp/mug_118/base.urdf",
    "hook_pose": [
        0.5,
        -0.1,
        1.3,
        4.329780281177466e-17,
        0.7071067811865475,
        0.7071067811865476,
        4.329780281177467e-17
    ],
    "contact_info": [
        {
            "contact_point_hook": [
                -0.0007706226174025721,
                -0.003045395394861039,
                0.031334508223809274,
                1.0
            ],
            "contact_point_obj": [
                0.052868303674649564,
                0.000435028014661637,
                0.015985017284816647,
                1.0
            ],
            "obj_pose": [
                0.4997485506108328,
                -0.0703427601732284,
                1.2417557848719047,
                0.09807709073050445,
                -0.576517267654728,
                0.14793517170373,
                0.7975737642016285
            ]
        }
    ]
}