{
    "hook_path": "models/hook_1120/Hook35#9/base.urdf",
    "obj_path": "models/geo_data/hanging_exp/daily_5/base.urdf",
    "hook_pose": [
        0.5,
        -0.1,
        1.3,
        0.0,
        0.0,
        -0.7071067811865475,
        0.7071067811865476
    ],
    "contact_info": [
        {
            "contact_point_hook": [
                0.0009461619490825636,
                0.0005923329471680949,
                0.021318662404508082,
                1.0
            ],
            "contact_point_obj": [
                -0.001725843107136596,
                0.0016573056984666712,
                0.04071954742776396,
                1.0
            ],
            "obj_pose": [
                0.4992849910216788,
                -0.10258406616867494,
                1.2805827462347712,
                0.0038743749800149337,
                -0.0034458969016315736,
                -0.7220195489413667,
                0.6918532257347385
            ]
        }
    ]
}