{
    "hook_path": "models/hook/Hook47#8/base.urdf",
    "obj_path": "models/geo_data/hanging_exp/daily_5/base.urdf",
    "hook_pose": [
        0.5,
        -0.1,
        1.3,
        0.0,
        0.0,
        -0.7071067811865475,
        0.7071067811865476
    ],
    "contact_info": [
        {
            "contact_point_hook": [
                -0.0033951666846605763,
                0.030390378378274074,
                -0.0460503423759957,
                1.0
            ],
            "contact_point_obj": [
                0.002345386319833196,
                -0.008138172526422238,
                0.03794958176552621,
                1.0
            ],
            "obj_pose": [
                0.523602053748302,
                -0.0986567626880186,
                1.2157186534545468,
                -0.010473028146635742,
                -0.014885792483563589,
                0.7043460558334593,
                0.7096233948337848
            ]
        }
    ]
}