{
    "hook_path": "models/hook_1120/Hook23#23/base.urdf",
    "obj_path": "models/geo_data/hanging_exp/daily_5/base.urdf",
    "hook_pose": [
        0.5,
        -0.1,
        1.3,
        0.0,
        0.0,
        -0.7071067811865475,
        0.7071067811865476
    ],
    "contact_info": [
        {
            "contact_point_hook": [
                -0.003180423217928773,
                -0.05767974088580269,
                0.0030740537768318976,
                1.0
            ],
            "contact_point_obj": [
                -0.0012947554987892407,
                -0.0003970872186146446,
                0.04064893884901122,
                1.0
            ],
            "obj_pose": [
                0.44107719941423756,
                -0.0987875893442313,
                1.262469226123596,
                -0.02365428241891259,
                0.014854016308524443,
                -0.5644591194081962,
                0.8249883245474909
            ]
        }
    ]
}