{
    "hook_path": "models/hook_1120/Hook_60#4/base.urdf",
    "obj_path": "models/geo_data/hanging_exp/daily_5/base.urdf",
    "hook_pose": [
        0.5,
        -0.1,
        1.3,
        4.329780281177466e-17,
        0.7071067811865475,
        0.7071067811865476,
        4.329780281177467e-17
    ],
    "contact_info": [
        {
            "contact_point_hook": [
                0.018999078533540603,
                -0.021157588328987398,
                0.008136277743863354,
                1.0
            ],
            "contact_point_obj": [
                -0.011186974014226823,
                0.018898803287382804,
                0.01726567846881988,
                1.0
            ],
            "obj_pose": [
                0.5006317062396853,
                -0.08224467620909832,
                1.2614492219517266,
                -0.0100507950592496,
                0.006039680803036773,
                0.6852077396440833,
                0.7282532919982722
            ]
        }
    ]
}