{
    "hook_path": "models/hook/Hook124#5/base.urdf",
    "obj_path": "models/geo_data/hanging_exp/daily_5/base.urdf",
    "hook_pose": [
        0.5,
        -0.1,
        1.3,
        0.0,
        0.0,
        -0.7071067811865475,
        0.7071067811865476
    ],
    "contact_info": [
        {
            "contact_point_hook": [
                -0.001981769914206177,
                0.0016348488118756999,
                -0.0019998846249111857,
                1.0
            ],
            "contact_point_obj": [
                -0.0018316257324735574,
                0.0007511609789977447,
                0.040747239717634276,
                1.0
            ],
            "obj_pose": [
                0.49475933703079106,
                -0.09994504817470846,
                1.2578345660816088,
                0.06204588792195093,
                -0.01905163909815856,
                0.8902396563926416,
                -0.4508444266324711
            ]
        }
    ]
}