{
    "hook_path": "models/hook/Hook40#15/base.urdf",
    "obj_path": "models/geo_data/hanging_exp/daily_5/base.urdf",
    "hook_pose": [
        0.5,
        -0.1,
        1.3,
        0.0,
        0.0,
        -0.7071067811865475,
        0.7071067811865476
    ],
    "contact_info": [
        {
            "contact_point_hook": [
                -0.001043595949241542,
                -0.00524732386876936,
                -0.04261655282362464,
                1.0
            ],
            "contact_point_obj": [
                0.0050464517383796426,
                0.002557726790082815,
                0.03987087266001299,
                1.0
            ],
            "obj_pose": [
                0.49840729246221105,
                -0.10456015335725515,
                1.21767278234519,
                -0.009232165773827251,
                0.0154973057856004,
                0.7960587577127659,
                0.604950456564271
            ]
        }
    ]
}