{
    "hook_path": "models/hook_1120/Hook42#6/base.urdf",
    "obj_path": "models/geo_data/hanging_exp/daily_5/base.urdf",
    "hook_pose": [
        0.5,
        -0.1,
        1.3,
        0.0,
        0.0,
        -0.7071067811865475,
        0.7071067811865476
    ],
    "contact_info": [
        {
            "contact_point_hook": [
                -0.005553725537599959,
                0.004102973442850044,
                -0.009785739468249233,
                1.0
            ],
            "contact_point_obj": [
                -0.003120159732876951,
                0.0052243858451670455,
                0.04221647127549155,
                1.0
            ],
            "obj_pose": [
                0.49761049303357596,
                -0.09740079416488188,
                1.2481621670923617,
                -0.006222287707816243,
                0.021486960051125915,
                -0.6605825840024465,
                0.750420044639063
            ]
        }
    ]
}