{
    "hook_path": "models/hook_1120/Hook23#10/base.urdf",
    "obj_path": "models/geo_data/hanging_exp/daily_5/base.urdf",
    "hook_pose": [
        0.5,
        -0.1,
        1.3,
        0.0,
        0.0,
        -0.7071067811865475,
        0.7071067811865476
    ],
    "contact_info": [
        {
            "contact_point_hook": [
                -0.0006331051475237618,
                -0.043849448385462786,
                0.0024167940624690853,
                1.0
            ],
            "contact_point_obj": [
                -0.0026380382002760723,
                0.0024201353010873117,
                0.040249169968180176,
                1.0
            ],
            "obj_pose": [
                0.4576167186707435,
                -0.102805314427969,
                1.26218198812861,
                0.027548377683506254,
                -0.04176954957566394,
                -0.7135966386294622,
                0.6987676501899511
            ]
        }
    ]
}