{
    "hook_path": "models/hook/Hook42#13/base.urdf",
    "obj_path": "models/geo_data/hanging_exp/daily_5/base.urdf",
    "hook_pose": [
        0.5,
        -0.1,
        1.3,
        0.0,
        0.0,
        -0.7071067811865475,
        0.7071067811865476
    ],
    "contact_info": [
        {
            "contact_point_hook": [
                -0.0022464167036354288,
                -0.0003577095315167589,
                -0.014783321248610592,
                1.0
            ],
            "contact_point_obj": [
                -0.0013979453274203316,
                -0.0002790181479517262,
                0.04068266496121464,
                1.0
            ],
            "obj_pose": [
                0.5005946217008538,
                -0.09895032840573867,
                1.2445377874565322,
                0.007201508056808415,
                -0.003960836759994195,
                -0.6985683453115065,
                0.7154961334504977
            ]
        }
    ]
}