{
    "hook_path": "models/hook_1120/Hook23#7/base.urdf",
    "obj_path": "models/geo_data/hanging_exp/daily_5/base.urdf",
    "hook_pose": [
        0.5,
        -0.1,
        1.3,
        0.0,
        0.0,
        -0.7071067811865475,
        0.7071067811865476
    ],
    "contact_info": [
        {
            "contact_point_hook": [
                0.010352497212416878,
                -0.060698309513740945,
                0.005787221713750679,
                1.0
            ],
            "contact_point_obj": [
                0.005211028477604504,
                0.007155088909797047,
                0.04310947057564363,
                1.0
            ],
            "obj_pose": [
                0.43041701555670375,
                -0.10344033862852756,
                1.2632424078873736,
                0.0004916051907323738,
                0.028411237585613727,
                -0.7046084680132648,
                0.709027126919126
            ]
        }
    ]
}