{
    "hook_path": "models/hook_1120/Hook84#7/base.urdf",
    "obj_path": "models/geo_data/hanging_exp/daily_5/base.urdf",
    "hook_pose": [
        0.5,
        -0.1,
        1.3,
        0.0,
        0.0,
        -0.7071067811865475,
        0.7071067811865476
    ],
    "contact_info": [
        {
            "contact_point_hook": [
                -0.013525411821133981,
                -0.0006885467422399483,
                -0.026651609510572882,
                1.0
            ],
            "contact_point_obj": [
                0.00022439650538029488,
                -0.0013885256761728693,
                0.04062165803727269,
                1.0
            ],
            "obj_pose": [
                0.5065249137963285,
                -0.08719679924948248,
                1.2333541176835598,
                0.04825315673224189,
                -0.054024752622003916,
                -0.7538145442628706,
                0.6530823775200686
            ]
        }
    ]
}