{
    "hook_path": "models/hook_1120/Hook44#12/base.urdf",
    "obj_path": "models/geo_data/hanging_exp/daily_5/base.urdf",
    "hook_pose": [
        0.5,
        -0.1,
        1.3,
        0.0,
        0.0,
        -0.7071067811865475,
        0.7071067811865476
    ],
    "contact_info": [
        {
            "contact_point_hook": [
                0.004497639884780066,
                0.00017345850105765503,
                -0.033503623439060215,
                1.0
            ],
            "contact_point_obj": [
                -0.00305175465113397,
                -0.002867428934734295,
                0.040985241397734073,
                1.0
            ],
            "obj_pose": [
                0.49925764228267877,
                -0.10422429266645196,
                1.2253088550340332,
                6.550962087738058e-05,
                0.060067805494217884,
                -0.7716067350717188,
                0.6332573733037465
            ]
        }
    ]
}