{
    "hook_path": "models/hook/Hook47#17/base.urdf",
    "obj_path": "models/geo_data/hanging_exp/daily_5/base.urdf",
    "hook_pose": [
        0.5,
        -0.1,
        1.3,
        0.0,
        0.0,
        -0.7071067811865475,
        0.7071067811865476
    ],
    "contact_info": [
        {
            "contact_point_hook": [
                -0.00421442630224834,
                0.020039730821245327,
                -0.0427188254580928,
                1.0
            ],
            "contact_point_obj": [
                0.003346547644194564,
                0.011592572041443261,
                0.034511427483985946,
                1.0
            ],
            "obj_pose": [
                0.5337974758275983,
                -0.09396862064404005,
                1.2234573830839097,
                0.013633638737945115,
                -0.05604046125262755,
                0.7537159268241966,
                0.6546647174309138
            ]
        }
    ]
}