{
    "hook_path": "models/hook/Hook122#17/base.urdf",
    "obj_path": "models/geo_data/hanging_exp/daily_5/base.urdf",
    "hook_pose": [
        0.5,
        -0.1,
        1.3,
        0.7071067811865476,
        -0.7071067811865475,
        -4.329780281177466e-17,
        4.329780281177467e-17
    ],
    "contact_info": [
        {
            "contact_point_hook": [
                -0.005520191159697181,
                0.004409567629327038,
                0.036953540324689005,
                1.0
            ],
            "contact_point_obj": [
                -0.003262827381551911,
                -0.005904794924621731,
                0.03784601163110457,
                1.0
            ],
            "obj_pose": [
                0.49287495784832924,
                -0.096386679245055,
                1.2247473306332124,
                -0.06274864157006584,
                0.09094415294057347,
                -0.7399736910006003,
                0.6634988362114748
            ]
        }
    ]
}