{
    "hook_path": "models/hook_1120/Hook209#14/base.urdf",
    "obj_path": "models/geo_data/hanging_exp/daily_5/base.urdf",
    "hook_pose": [
        0.5,
        -0.1,
        1.3,
        0.0,
        0.0,
        -0.7071067811865475,
        0.7071067811865476
    ],
    "contact_info": [
        {
            "contact_point_hook": [
                -0.007634403020511506,
                0.0019706870808230414,
                -0.04890718819187412,
                1.0
            ],
            "contact_point_obj": [
                0.0026745335535861697,
                -0.0015752826767419514,
                0.0410645862417085,
                1.0
            ],
            "obj_pose": [
                0.4956924638120595,
                -0.09508669017774518,
                1.2104835215799332,
                0.032374087201718686,
                0.0424109907075543,
                0.6564514371425273,
                0.7524790608505793
            ]
        }
    ]
}