{
    "hook_path": "models/hook_1120/Hook_60#10/base.urdf",
    "obj_path": "models/geo_data/hanging_exp/daily_5/base.urdf",
    "hook_pose": [
        0.5,
        -0.1,
        1.3,
        4.329780281177466e-17,
        0.7071067811865475,
        0.7071067811865476,
        4.329780281177467e-17
    ],
    "contact_info": [
        {
            "contact_point_hook": [
                -0.00024012417436702904,
                0.001853952393569891,
                0.018602549956927884,
                1.0
            ],
            "contact_point_obj": [
                -0.0022875155156678317,
                0.0008175412874918964,
                0.040592421178453186,
                1.0
            ],
            "obj_pose": [
                0.492604448893206,
                -0.0785184230903473,
                1.2620161132839216,
                0.07993923071985944,
                0.061151969743060364,
                0.7516741158515363,
                0.6518099259349094
            ]
        }
    ]
}