{
    "hook_path": "models/hook_1120/Hook15#26/base.urdf",
    "obj_path": "models/geo_data/hanging_exp/daily_5/base.urdf",
    "hook_pose": [
        0.5,
        -0.1,
        1.3,
        0.0,
        0.0,
        -0.7071067811865475,
        0.7071067811865476
    ],
    "contact_info": [
        {
            "contact_point_hook": [
                -0.005860261979698424,
                0.005410080619175139,
                0.007452912141943102,
                1.0
            ],
            "contact_point_obj": [
                -0.0001590146022585892,
                0.006021558959009021,
                0.039212464011962656,
                1.0
            ],
            "obj_pose": [
                0.5007040911252063,
                -0.0933542793485534,
                1.2680684163423566,
                0.011914916379358736,
                -0.010753113073426922,
                -0.762433205396233,
                0.6468678478917685
            ]
        }
    ]
}