{
    "hook_path": "models/hook_1120/Hook57#1/base.urdf",
    "obj_path": "models/geo_data/hanging_exp/daily_5/base.urdf",
    "hook_pose": [
        0.5,
        -0.1,
        1.3,
        0.0,
        0.0,
        -0.7071067811865475,
        0.7071067811865476
    ],
    "contact_info": [
        {
            "contact_point_hook": [
                -0.011424595643018995,
                -0.0008257492684159984,
                -0.030217264897616225,
                1.0
            ],
            "contact_point_obj": [
                -0.004585187007253532,
                -0.0027080236630295795,
                0.043287673334347465,
                1.0
            ],
            "obj_pose": [
                0.49456030891968433,
                -0.09319215688028484,
                1.2266599205856206,
                -0.06018501645400977,
                0.05978919008610036,
                -0.7018568087285914,
                0.7072482142675203
            ]
        }
    ]
}