{
    "hook_path": "models/hook_1120/Hook_90#24/base.urdf",
    "obj_path": "models/geo_data/hanging_exp/daily_5/base.urdf",
    "hook_pose": [
        0.5,
        -0.1,
        1.3,
        4.329780281177466e-17,
        0.7071067811865475,
        0.7071067811865476,
        4.329780281177467e-17
    ],
    "contact_info": [
        {
            "contact_point_hook": [
                -0.0031186830980918234,
                -0.0008189100141264838,
                0.023954518286610747,
                1.0
            ],
            "contact_point_obj": [
                -0.00686951878593213,
                0.0019784373393668675,
                0.046059654127728944,
                1.0
            ],
            "obj_pose": [
                0.5021515561622762,
                -0.08199211567226837,
                1.252960981255244,
                0.014457595465705101,
                -9.98690326028213e-05,
                -0.7036429722457741,
                0.7104065987648617
            ]
        }
    ]
}