{
    "hook_path": "models/hook_1120/Hook84#3/base.urdf",
    "obj_path": "models/geo_data/hanging_exp/daily_5/base.urdf",
    "hook_pose": [
        0.5,
        -0.1,
        1.3,
        0.0,
        0.0,
        -0.7071067811865475,
        0.7071067811865476
    ],
    "contact_info": [
        {
            "contact_point_hook": [
                -0.014979427089327646,
                -0.00168449770559842,
                -0.0210473334051986,
                1.0
            ],
            "contact_point_obj": [
                -0.0022256487033071315,
                -0.0022850395229905285,
                0.04066535915587477,
                1.0
            ],
            "obj_pose": [
                0.4953719640537991,
                -0.0857649893990943,
                1.2382755504265388,
                -0.034276149469207255,
                0.060946654008126384,
                -0.6341222404790529,
                0.7700646953812417
            ]
        }
    ]
}