{
    "hook_path": "models/hook/Hook57#3/base.urdf",
    "obj_path": "models/geo_data/hanging_exp/daily_5/base.urdf",
    "hook_pose": [
        0.5,
        -0.1,
        1.3,
        0.0,
        0.0,
        -0.7071067811865475,
        0.7071067811865476
    ],
    "contact_info": [
        {
            "contact_point_hook": [
                -0.013504935514572101,
                0.005519134806512227,
                -0.034155770807256625,
                1.0
            ],
            "contact_point_obj": [
                -0.004040807359900658,
                0.005393536376823604,
                0.042287344113736136,
                1.0
            ],
            "obj_pose": [
                0.5007833633762434,
                -0.09197182247477917,
                1.223639781300989,
                -0.006184487071851216,
                -0.007357697355090477,
                -0.6621647668494393,
                0.749296628814328
            ]
        }
    ]
}