{
    "hook_path": "models/hook/Hook136#13/base.urdf",
    "obj_path": "models/geo_data/hanging_exp/daily_5/base.urdf",
    "hook_pose": [
        0.5,
        -0.1,
        1.3,
        0.0,
        0.0,
        -0.7071067811865475,
        0.7071067811865476
    ],
    "contact_info": [
        {
            "contact_point_hook": [
                -0.007072147256091824,
                -0.037487448497316445,
                -0.011665121772001408,
                1.0
            ],
            "contact_point_obj": [
                -0.00401450877145677,
                -0.003346723372587679,
                0.04262107216311639,
                1.0
            ],
            "obj_pose": [
                0.465512419654323,
                -0.096847681620172,
                1.245679182676339,
                -0.004223465844695813,
                0.0038976389302345323,
                -0.6942444960614803,
                0.719716298575605
            ]
        }
    ]
}