{
    "hook_path": "models/hook_1120/Hook42#21/base.urdf",
    "obj_path": "models/geo_data/hanging_exp/daily_5/base.urdf",
    "hook_pose": [
        0.5,
        -0.1,
        1.3,
        0.0,
        0.0,
        -0.7071067811865475,
        0.7071067811865476
    ],
    "contact_info": [
        {
            "contact_point_hook": [
                -0.002360647184433684,
                -0.0004945079939580044,
                -0.011402216192203385,
                1.0
            ],
            "contact_point_obj": [
                0.0011967610675021612,
                -0.0013718138195359941,
                0.04020417360221673,
                1.0
            ],
            "obj_pose": [
                0.4993411781612405,
                -0.09673859081946339,
                1.2483628324093905,
                -0.015092059886148536,
                0.007472355862455096,
                -0.6206299518958589,
                0.7839227362667839
            ]
        }
    ]
}