{
    "hook_path": "models/hook_all_new_2/Hook_hsr_207_normal/base.urdf",
    "obj_path": "models/geo_data/hanging_exp/daily_5/base.urdf",
    "hook_pose": [
        0.5,
        -0.1,
        1.3,
        4.329780281177466e-17,
        0.7071067811865475,
        0.7071067811865476,
        4.329780281177467e-17
    ],
    "contact_info": [
        {
            "contact_point_hook": [
                0.008731122703603988,
                0.0011796112529895986,
                0.02779150740675285,
                1.0
            ],
            "obj_pose": [
                0.505011537606397,
                -0.07286330998052505,
                1.2639784486519698,
                0.07225524984753312,
                -0.06379255382292007,
                -0.7114899787989842,
                0.6960543793518158
            ],
            "contact_point_obj": [
                -0.000893107582933518,
                -0.006381089102864723,
                0.03913693981114119,
                1.0
            ]
        }
    ]
}