{
    "hook_path": "models/hook/Hook1#3/base.urdf",
    "obj_path": "models/geo_data/hanging_exp/daily_5/base.urdf",
    "hook_pose": [
        0.5,
        -0.1,
        1.3,
        0.0,
        0.0,
        -0.7071067811865475,
        0.7071067811865476
    ],
    "contact_info": [
        {
            "contact_point_hook": [
                -0.012466134912385823,
                -0.001982082007545627,
                -0.010263309365756701,
                1.0
            ],
            "contact_point_obj": [
                0.002392667920642806,
                0.005022044309191898,
                0.040067095466820746,
                1.0
            ],
            "obj_pose": [
                0.4956808427647485,
                -0.08944020382129926,
                1.2493978522773723,
                0.06798846435562074,
                0.057287593253241856,
                0.6707477626915144,
                0.7363376529949719
            ]
        }
    ]
}