{
    "hook_path": "models/hook_1120/Hook_skew#23/base.urdf",
    "obj_path": "models/geo_data/hanging_exp/daily_5/base.urdf",
    "hook_pose": [
        0.5,
        -0.1,
        1.3,
        4.329780281177466e-17,
        0.7071067811865475,
        0.7071067811865476,
        4.329780281177467e-17
    ],
    "contact_info": [
        {
            "contact_point_hook": [
                0.004600023356228444,
                0.0002773742047499361,
                0.017973741373007866,
                1.0
            ],
            "contact_point_obj": [
                0.0023282887415808917,
                0.006557888906425391,
                0.040021938588733263,
                1.0
            ],
            "obj_pose": [
                0.5024710576480937,
                -0.07922795487110543,
                1.2603730923130327,
                0.040587989931452934,
                -0.04965921644511156,
                0.7064593348210106,
                0.7048416740940032
            ]
        }
    ]
}