{
    "hook_path": "models/hook_1120/Hook44#1/base.urdf",
    "obj_path": "models/geo_data/hanging_exp/daily_5/base.urdf",
    "hook_pose": [
        0.5,
        -0.1,
        1.3,
        0.0,
        0.0,
        -0.7071067811865475,
        0.7071067811865476
    ],
    "contact_info": [
        {
            "contact_point_hook": [
                0.0005874051443948849,
                0.0035902077499126994,
                -0.042806559742146755,
                1.0
            ],
            "contact_point_obj": [
                -0.0026133892671792586,
                0.005687568141417021,
                0.04129969303217362,
                1.0
            ],
            "obj_pose": [
                0.5010679915845744,
                -0.10329632071557988,
                1.2155864326579269,
                0.02739015332571526,
                -0.021862547811070148,
                -0.6696264220438963,
                0.7418707861917008
            ]
        }
    ]
}