{
    "hook_path": "models/hook/Hook_skew/base.urdf",
    "obj_path": "models/geo_data/hanging_exp/scissor_4/base.urdf",
    "hook_pose": [
        0.5,
        -0.1,
        1.3,
        4.329780281177466e-17,
        0.7071067811865475,
        0.7071067811865476,
        4.329780281177467e-17
    ],
    "contact_info": [
        {
            "contact_point_hook": [],
            "contact_point_obj": [],
            "obj_pose": [
                0.4993631183392123,
                -0.08671519146844019,
                1.250252414137191,
                0.005873474341964672,
                -0.8386130370477176,
                -0.007296179342703275,
                0.5446470803738482
            ]
        }
    ],
    "initial_pose": [
        {
            "robot_pose": [
                0.48099228739738464,
                -0.002862697932869196,
                1.2600281238555908,
                0.7162929177284241,
                -0.03612406179308891,
                0.6955190300941467,
                0.043276526033878326
            ],
            "object_pose": [
                0.5084436028742159,
                -0.009357933356061037,
                1.2759780724841385,
                0.005853259415117929,
                -0.8365059649023477,
                -0.04948812992452255,
                0.5456871219238961
            ]
        },
        {
            "robot_pose": [
                0.4858512580394745,
                0.06536895036697388,
                1.2570477724075317,
                0.715765118598938,
                -0.029966285452246666,
                0.6970304846763611,
                0.030511504039168358
            ],
            "object_pose": [
                0.5134016329870515,
                0.05995758386888501,
                1.2730467326163406,
                0.019671193671190496,
                -0.838065039119848,
                -0.04130917154073671,
                0.5436484035580497
            ]
        },
        {
            "robot_pose": [
                0.48665401339530945,
                0.12966233491897583,
                1.2562224864959717,
                0.7156795859336853,
                -0.02378202974796295,
                0.6977640986442566,
                0.019037391990423203
            ],
            "object_pose": [
                0.51438394791728,
                0.12656428809691936,
                1.2722421448807208,
                0.03199130037318097,
                -0.8385497843437486,
                -0.03532069916956195,
                0.5427368276500673
            ]
        }
    ]
}