{
    "hook_path": "models/hook/Hook_skew/base.urdf",
    "obj_path": "models/geo_data/hanging_exp/scissor_4/base.urdf",
    "hook_pose": [
        0.5,
        -0.1,
        1.3,
        4.329780281177466e-17,
        0.7071067811865475,
        0.7071067811865476,
        4.329780281177467e-17
    ],
    "contact_info": [
        {
            "contact_pose": [
                [
                    0.03941700048744673,
                    -0.004201499861665061,
                    -0.000377999996999445
                ],
                [
                    0.01779882986564832,
                    -0.913410576538643,
                    -0.40665012027879466
                ],
                [
                    -0.999824536132307,
                    -0.018635283538861964,
                    -0.0019034587580990334
                ],
                [
                    -0.005839400930854892,
                    0.4066126472144843,
                    -0.913581992227298
                ]
            ],
            "object_pose": [
                0.4993631183392123,
                -0.08671519146844019,
                1.250252414137191,
                0.005873474341964672,
                -0.8386130370477176,
                -0.007296179342703275,
                0.5446470803738482
            ]
        }
    ],
    "initial_pose": [
        {
            "robot_pose": [
                0.5180113315582275,
                0.024357549846172333,
                1.3017961978912354,
                0.724471390247345,
                -0.11106707155704498,
                0.6801418662071228,
                0.014573222026228905
            ],
            "object_pose": [
                0.5521250480333261,
                0.015514712625064635,
                1.3120318999778668,
                0.04964521535628601,
                -0.8405987284970595,
                -0.13440381183284944,
                0.5223645715457308
            ]
        }
    ]
}