{
    "hook_path": "models/hook/Hook_skew/base.urdf",
    "obj_path": "models/geo_data/hanging_exp/wrench_1/base.urdf",
    "hook_pose": [
        0.5,
        -0.1,
        1.3,
        4.329780281177466e-17,
        0.7071067811865475,
        0.7071067811865476,
        4.329780281177467e-17
    ],
    "contact_info": [
        {
            "contact_pose": [
                [
                    0.11993400380015384,
                    0.0035639998968690577,
                    -0.005579999880865236
                ],
                [
                    0.03372726487481263,
                    -0.9983000483094683,
                    0.047534042005465516
                ],
                [
                    0.9993868724428097,
                    0.033240301263105114,
                    -0.010998252630188571
                ],
                [
                    0.009399510255522221,
                    0.047875838554025885,
                    0.9988090674847246
                ]
            ],
            "object_pose": [
                0.49851165375870776,
                -0.08338924526012975,
                1.1528195978696785,
                0.7236706351998644,
                -0.015450923158105222,
                0.6899233638389336,
                -0.008236064118104815
            ]
        }
    ],
    "initial_pose": [
        {
            "robot_pose": [
                0.4978630244731903,
                -0.009467333555221558,
                1.3183186054229736,
                0.7593895196914673,
                -0.12492851167917252,
                0.6378178596496582,
                -0.03014574758708477
            ],
            "object_pose": [
                0.5311247174211694,
                0.00220702263824971,
                1.2442670537352143,
                0.7053151710047063,
                -0.12274872300496982,
                0.6979467985992881,
                -0.01826271820556614
            ]
        }
    ]
}