{
    "hook_path": "models/hook/Hook_skew/base.urdf",
    "obj_path": "models/geo_data/hanging_exp/daily_5/base.urdf",
    "hook_pose": [
        0.5,
        -0.1,
        1.3,
        4.329780281177466e-17,
        0.7071067811865475,
        0.7071067811865476,
        4.329780281177467e-17
    ],
    "contact_info": [
        {
            "contact_point_hook": [
                0.005429905469841512,
                -0.023453143143778332,
                0.0078002157153884396,
                1.0
            ],
            "contact_point_obj": [
                -0.009745388480285,
                0.006437221843245966,
                0.016760132881306955,
                1.0
            ],
            "object_pose": [
                0.5002107163176203,
                -0.08011692568606792,
                1.2610710567209034,
                0.06948601211960953,
                -0.033427474067462236,
                0.7041036520210315,
                0.7058982542178645
            ]
        }
    ]
}