{
    "hook_path": "models/hook/Hook_skew/base.urdf",
    "obj_path": "models/geo_data/hanging_exp/bag_5/base.urdf",
    "hook_pose": [
        0.5,
        -0.1,
        1.3,
        4.329780281177466e-17,
        0.7071067811865475,
        0.7071067811865476,
        4.329780281177467e-17
    ],
    "contact_info": [
        {
            "contact_pose": [
                [
                    0.004531024871495281,
                    0.025786110209027043,
                    -0.017585315319534625
                ],
                [
                    0.995639568110281,
                    0.09328022779218309,
                    -0.0008059256864560438
                ],
                [
                    0.09321940625817607,
                    -0.9945953818951696,
                    0.04571836184374117
                ],
                [
                    0.003463049241169802,
                    -0.0455941379547917,
                    -0.9989540439250011
                ]
            ],
            "object_pose": [
                0.5011110631122543,
                -0.08262968482929027,
                1.2354056693833346,
                -0.5115709487981429,
                0.4642177240997721,
                0.5337648053917156,
                -0.4877419415044599
            ]
        }
    ],
    "initial_pose": [
        {
            "robot_pose": [
                0.4994174838066101,
                0.028981124982237816,
                1.3103857040405273,
                0.723759114742279,
                -0.10121527314186096,
                0.681560754776001,
                -0.037458278238773346
            ],
            "object_pose": [
                0.545420980496464,
                0.028839698142673214,
                1.3058168286906031,
                0.5688646737137659,
                -0.4002359418818583,
                -0.5684472207836582,
                0.4393995118452085
            ]
        }
    ]
}