{
    "hook_path": "models/hook_1120/Hook44#11/base.urdf",
    "obj_path": "models/geo_data/hanging_exp/daily_5/base.urdf",
    "hook_pose": [
        0.5,
        -0.1,
        1.3,
        0.0,
        0.0,
        -0.7071067811865475,
        0.7071067811865476
    ],
    "contact_info": [
        {
            "contact_point_hook": [
                0.006923214270755346,
                0.0004193199462836361,
                -0.05245723725910634,
                1.0
            ],
            "contact_point_obj": [
                0.0011330081814380985,
                0.0001268832398999553,
                0.04060478510449417,
                1.0
            ],
            "obj_pose": [
                0.5023879758642844,
                -0.10778156345583613,
                1.206978788443114,
                0.0011215862534402314,
                -0.03528672870602445,
                -0.7176977506669534,
                0.6954592205939175
            ]
        }
    ]
}