{
    "hook_path": "models/hook_1120/Hook15#22/base.urdf",
    "obj_path": "models/geo_data/hanging_exp/daily_5/base.urdf",
    "hook_pose": [
        0.5,
        -0.1,
        1.3,
        0.0,
        0.0,
        -0.7071067811865475,
        0.7071067811865476
    ],
    "contact_info": [
        {
            "contact_point_hook": [
                -0.006530700074435056,
                0.000580152824123159,
                0.007424477089625681,
                1.0
            ],
            "contact_point_obj": [
                -0.0009008696205425049,
                0.0010258315586093025,
                0.04066496417101173,
                1.0
            ],
            "obj_pose": [
                0.4984956271840417,
                -0.09509126003100725,
                1.2668224179575853,
                -0.014563429906389822,
                0.010112600054205492,
                -0.595328858521552,
                0.803286494372295
            ]
        }
    ]
}