{
    "hook_path": "models/hook_1120/Hook35#12/base.urdf",
    "obj_path": "models/geo_data/hanging_exp/daily_5/base.urdf",
    "hook_pose": [
        0.5,
        -0.1,
        1.3,
        0.0,
        0.0,
        -0.7071067811865475,
        0.7071067811865476
    ],
    "contact_info": [
        {
            "contact_point_hook": [
                0.0009005923648524455,
                -0.00022315655310889415,
                0.019227736503123927,
                1.0
            ],
            "contact_point_obj": [
                0.00012944671718786993,
                -0.00036636999545458515,
                0.04053397785836088,
                1.0
            ],
            "obj_pose": [
                0.5018150912294288,
                -0.1001908177860204,
                1.2787493952516291,
                0.021760575485677978,
                -0.004365120939219856,
                -0.8208853815198177,
                0.5706615577387191
            ]
        }
    ]
}