{
    "hook_path": "models/hook_1120/Hook44#19/base.urdf",
    "obj_path": "models/geo_data/hanging_exp/daily_5/base.urdf",
    "hook_pose": [
        0.5,
        -0.1,
        1.3,
        0.0,
        0.0,
        -0.7071067811865475,
        0.7071067811865476
    ],
    "contact_info": [
        {
            "contact_point_hook": [
                0.0012380056965332613,
                -0.003378510826207992,
                -0.042298701904722735,
                1.0
            ],
            "contact_point_obj": [
                -0.004409616696145549,
                -0.005961783035243501,
                0.04056724183478644,
                1.0
            ],
            "obj_pose": [
                0.49375039644695085,
                -0.1065512501515348,
                1.2169065074184815,
                -0.08514066129346466,
                0.06902982035679653,
                -0.6962404458404865,
                0.7093907197531277
            ]
        }
    ]
}