{
    "hook_path": "models/hook_1120/Hook_skew#10/base.urdf",
    "obj_path": "models/geo_data/hanging_exp/daily_5/base.urdf",
    "hook_pose": [
        0.5,
        -0.1,
        1.3,
        4.329780281177466e-17,
        0.7071067811865475,
        0.7071067811865476,
        4.329780281177467e-17
    ],
    "contact_info": [
        {
            "contact_point_hook": [
                -0.016526789112512152,
                -0.015434160801485186,
                0.009113214364673357,
                1.0
            ],
            "contact_point_obj": [
                -0.004822248852976607,
                -0.015616212320802236,
                0.02271507229136982,
                1.0
            ],
            "obj_pose": [
                0.5015747913133649,
                -0.085373585433282,
                1.261562859700262,
                -1.0182133030115073e-05,
                -0.020099242252459695,
                0.7060060575249936,
                0.7079205231487619
            ]
        }
    ]
}