{
    "hook_path": "models/hook/Hook_180#1/base.urdf",
    "obj_path": "models/geo_data/hanging_exp/daily_5/base.urdf",
    "hook_pose": [
        0.5,
        -0.1,
        1.3,
        4.329780281177466e-17,
        0.7071067811865475,
        0.7071067811865476,
        4.329780281177467e-17
    ],
    "contact_info": [
        {
            "contact_point_hook": [
                0.0006528212112552612,
                -0.015512476693358979,
                0.03283988057413559,
                1.0
            ],
            "contact_point_obj": [
                -0.001258703188412237,
                -0.0006689369279805346,
                0.040600372201060164,
                1.0
            ],
            "obj_pose": [
                0.4966291129799904,
                -0.06898438534094889,
                1.243994237377674,
                -0.034285722022418266,
                0.023859122203007264,
                -0.7177462019403589,
                0.6950508047281816
            ]
        }
    ]
}