{
    "hook_path": "models/hook_1120/Hook84#19/base.urdf",
    "obj_path": "models/geo_data/hanging_exp/daily_5/base.urdf",
    "hook_pose": [
        0.5,
        -0.1,
        1.3,
        0.0,
        0.0,
        -0.7071067811865475,
        0.7071067811865476
    ],
    "contact_info": [
        {
            "contact_point_hook": [
                -0.016379595945140782,
                -0.0025710323998489604,
                -0.024968580928975692,
                1.0
            ],
            "contact_point_obj": [
                -0.0018845280756086824,
                -0.004144164442594286,
                0.04059126060924623,
                1.0
            ],
            "obj_pose": [
                0.4874876271040978,
                -0.08372835208279794,
                1.2354140733849799,
                -0.11117573229410642,
                0.1236713915418756,
                -0.8100142152577963,
                0.5623364780478517
            ]
        }
    ]
}