{
    "file": "models/everyday_objects/mug_204/base.urdf",
    "contact_pose": [
        -0.035888180136646686,
        0.05113905044148814,
        -0.004258292560833063,
        -0.3129252558246407,
        -0.6325111853703159,
        -0.3066844423157666,
        0.6387112316923731
    ],
    "obj_pose": [
        0.4980117020830268,
        -0.05768372772492016,
        1.237634127758744,
        0.6686714214308277,
        0.22626207075956545,
        -0.23453300374528185,
        0.6683399401887378
    ],
    "initial_pose": [
        {
            "robot_pose": [
                0.508377194404602,
                0.10030504316091537,
                1.262030839920044,
                0.8008063435554504,
                -0.061284687370061874,
                0.5955798029899597,
                0.015431046485900879
            ],
            "obj_pose": [
                0.5505014173047491,
                0.05799081348391524,
                1.2311972100738504,
                0.7082551219641564,
                0.13110955673048455,
                -0.17536760159675555,
                0.6711416919367142
            ]
        },
        {
            "robot_pose": [
                0.47628784007045083,
                0.10107815210966789,
                1.2299120180173095,
                0.7924790717686884,
                -0.04931655448308281,
                0.6073217960930294,
                0.026552481106146265
            ],
            "obj_pose": [
                0.5194343080761649,
                0.05799081348391524,
                1.2016716131623344,
                0.6987787046821218,
                0.12092355264088359,
                -0.16621459328150698,
                0.6851704352055383
            ]
        },
        {
            "robot_pose": [
                0.47580063543992823,
                0.10032230423294669,
                1.2666488707347052,
                0.80874275552827,
                -0.0696353724919509,
                0.5838578679359704,
                0.014002154395355659
            ],
            "obj_pose": [
                0.5165753087056189,
                0.05799081348391524,
                1.234073913656727,
                0.7111169452256811,
                0.13772192021898774,
                -0.18798618344537005,
                0.6633299011334662
            ]
        },
        {
            "robot_pose": [
                0.4734811473642816,
                0.09999014833819303,
                1.290461300395489,
                0.7921519508345901,
                -0.05654982407029093,
                0.6075596072274294,
                0.012989528560492129
            ],
            "obj_pose": [
                0.5169119068805346,
                0.05799081348391524,
                1.2610422263578696,
                0.7089622026509282,
                0.12431091025164588,
                -0.16178482173009348,
                0.6750889306324858
            ]
        },
        {
            "robot_pose": [
                0.508421676392184,
                0.10012795926746842,
                1.2900044430657152,
                0.792992935927611,
                -0.05458913703885398,
                0.6065922801994584,
                0.015100837350379316
            ],
            "obj_pose": [
                0.5517946182474519,
                0.05799081348391524,
                1.2606973487432405,
                0.7068016841078425,
                0.12503415870179044,
                -0.1629338736308073,
                0.6769419408809837
            ]
        },
        {
            "robot_pose": [
                0.5431833723940758,
                0.10155792952376046,
                1.2900878451753337,
                0.8077718855726811,
                -0.055415886647561,
                0.5860881063798897,
                0.030567825330812183
            ],
            "obj_pose": [
                0.5841763057452938,
                0.05799081348391524,
                1.2594750580950214,
                0.6963840124753353,
                0.13417652901790253,
                -0.18904038337808923,
                0.6791978354512955
            ]
        },
        {
            "robot_pose": [
                0.5395978984112431,
                0.10211526727549299,
                1.264087270664844,
                0.7971205813823093,
                -0.05916182793728768,
                0.5999356714854207,
                0.034290624537700425
            ],
            "obj_pose": [
                0.5811533336466187,
                0.05799081348391524,
                1.2350728725565823,
                0.6989728296401904,
                0.11827635448960014,
                -0.18084211102859912,
                0.6817212174138015
            ]
        },
        {
            "robot_pose": [
                0.5399892849021334,
                0.10104682578843768,
                1.235635443980087,
                0.7934223408398939,
                -0.06746574249280113,
                0.6045800903764839,
                0.020304604561548836
            ],
            "obj_pose": [
                0.5821076793137491,
                0.05799081348391524,
                1.2058381693696185,
                0.7106600752200584,
                0.11750507788510406,
                -0.17287166984977645,
                0.6717664772246279
            ]
        },
        {
            "robot_pose": [
                0.5099608177648177,
                0.1009589760008335,
                1.2291476060123672,
                0.8098305427157985,
                -0.056900327449268755,
                0.5833973197135429,
                0.024174618339396006
            ],
            "obj_pose": [
                0.5509921707590563,
                0.05799081348391524,
                1.1977498035578453,
                0.6996979340568652,
                0.13917445667085285,
                -0.18852050341354584,
                0.6749172478753457
            ]
        }
    ]
}