{
    "hook_path": "models/hook/Hook40#8/base.urdf",
    "obj_path": "models/geo_data/hanging_exp/daily_5/base.urdf",
    "hook_pose": [
        0.5,
        -0.1,
        1.3,
        0.0,
        0.0,
        -0.7071067811865475,
        0.7071067811865476
    ],
    "contact_info": [
        {
            "contact_point_hook": [
                0.00023507463670729902,
                -0.003473690020265985,
                -0.03904771583365729,
                1.0
            ],
            "contact_point_obj": [
                0.004490639107815109,
                0.005530329043729576,
                0.0414643503512,
                1.0
            ],
            "obj_pose": [
                0.4987766646945189,
                -0.08339143916800396,
                1.2224650060496625,
                0.21075889012908344,
                -0.15399929634024742,
                0.6801482313259445,
                0.6850279486141096
            ]
        }
    ]
}