{
    "hook_path": "models/hook/Hook209#18/base.urdf",
    "obj_path": "models/geo_data/hanging_exp/daily_5/base.urdf",
    "hook_pose": [
        0.5,
        -0.1,
        1.3,
        0.0,
        0.0,
        -0.7071067811865475,
        0.7071067811865476
    ],
    "contact_info": [
        {
            "contact_point_hook": [
                -0.004745068158548943,
                3.735406825977616e-05,
                -0.04115055850342619,
                1.0
            ],
            "contact_point_obj": [
                0.0021886498357157613,
                -4.8593436674515544e-06,
                0.04076051061107289,
                1.0
            ],
            "obj_pose": [
                0.5058971587203541,
                -0.09837185284643282,
                1.2185734321376518,
                -0.05931227855154228,
                -0.036816953911453565,
                0.7480635595131794,
                0.6599450556267378
            ]
        }
    ]
}