{
    "hook_path": "models/hook/Hook1#18/base.urdf",
    "obj_path": "models/geo_data/hanging_exp/daily_5/base.urdf",
    "hook_pose": [
        0.5,
        -0.1,
        1.3,
        0.0,
        0.0,
        -0.7071067811865475,
        0.7071067811865476
    ],
    "contact_info": [
        {
            "contact_point_hook": [
                -0.010117607259664027,
                -0.0003830692030011851,
                -0.005404522188926286,
                1.0
            ],
            "contact_point_obj": [
                0.0019816220600795964,
                0.004204733100640123,
                0.040654991009738906,
                1.0
            ],
            "obj_pose": [
                0.4975709280244109,
                -0.08986132055425748,
                1.2537268060800755,
                0.07136734500521967,
                0.036473539744721215,
                0.6998076180011638,
                0.7098208793441719
            ]
        }
    ]
}