{
    "hook_path": "models/hook_1120/Hook124#21/base.urdf",
    "obj_path": "models/geo_data/hanging_exp/daily_5/base.urdf",
    "hook_pose": [
        0.5,
        -0.1,
        1.3,
        0.0,
        0.0,
        -0.7071067811865475,
        0.7071067811865476
    ],
    "contact_info": [
        {
            "contact_point_hook": [
                -0.0003259682144219344,
                0.00013570565659870581,
                -0.000485659677645911,
                1.0
            ],
            "contact_point_obj": [
                -0.0019801709143819745,
                -0.0016367103473278743,
                0.04067207726359512,
                1.0
            ],
            "obj_pose": [
                0.49864945376137426,
                -0.10104060267882961,
                1.2588112531440485,
                -0.022254597780507316,
                0.032868247861165135,
                -0.6955435720715668,
                0.717386611604991
            ]
        }
    ]
}