{
    "hook_path": "models/hook_1120/Hook1#19/base.urdf",
    "obj_path": "models/geo_data/hanging_exp/daily_5/base.urdf",
    "hook_pose": [
        0.5,
        -0.1,
        1.3,
        0.0,
        0.0,
        -0.7071067811865475,
        0.7071067811865476
    ],
    "contact_info": [
        {
            "contact_point_hook": [
                -0.012527046096002734,
                -0.0017374033481687423,
                -0.008345076815794661,
                1.0
            ],
            "contact_point_obj": [
                0.002145616354144054,
                0.0036127339591379704,
                0.0406378172244477,
                1.0
            ],
            "obj_pose": [
                0.5024335103765968,
                -0.08851054621187836,
                1.251027166836242,
                0.004251124783650309,
                -0.013226361926035678,
                0.7163787306703516,
                0.6975732976049264
            ]
        }
    ]
}