{
    "hook_path": "models/hook_1120/Hook122#24/base.urdf",
    "obj_path": "models/geo_data/hanging_exp/daily_5/base.urdf",
    "hook_pose": [
        0.5,
        -0.1,
        1.3,
        0.7071067811865476,
        -0.7071067811865475,
        -4.329780281177466e-17,
        4.329780281177467e-17
    ],
    "contact_info": [
        {
            "contact_point_hook": [
                -0.004886899987526186,
                -1.7017194354707055e-05,
                0.032916337834957066,
                1.0
            ],
            "contact_point_obj": [
                -0.0021753403577333547,
                -0.00022227589141499138,
                0.040963764477332854,
                1.0
            ],
            "obj_pose": [
                0.4963660659308669,
                -0.09824207080963748,
                1.2263443493453547,
                -0.04217001458053631,
                0.027393344382163256,
                -0.6856396142604456,
                0.7262021852835647
            ]
        }
    ]
}