{
    "hook_path": "models/hook_1120/Hook44#24/base.urdf",
    "obj_path": "models/geo_data/hanging_exp/daily_5/base.urdf",
    "hook_pose": [
        0.5,
        -0.1,
        1.3,
        0.0,
        0.0,
        -0.7071067811865475,
        0.7071067811865476
    ],
    "contact_info": [
        {
            "contact_point_hook": [
                0.0022342410945077745,
                0.000312813501405107,
                -0.03386146399550194,
                1.0
            ],
            "contact_point_obj": [
                -0.0021007733676005613,
                0.0011302833433701198,
                0.040823286300230466,
                1.0
            ],
            "obj_pose": [
                0.4982910571520713,
                -0.1050614959391529,
                1.225393590000898,
                -0.014370130813554031,
                0.003019276226897172,
                -0.6908024086087685,
                0.7228944705638514
            ]
        }
    ]
}