{
    "hook_path": "models/hook/Hook44#5/base.urdf",
    "obj_path": "models/geo_data/hanging_exp/daily_5/base.urdf",
    "hook_pose": [
        0.5,
        -0.1,
        1.3,
        0.0,
        0.0,
        -0.7071067811865475,
        0.7071067811865476
    ],
    "contact_info": [
        {
            "contact_point_hook": [
                0.004015000038960548,
                -0.0010236460623100352,
                -0.040596602767095424,
                1.0
            ],
            "contact_point_obj": [
                -0.003406568930187037,
                0.0010844054904647904,
                0.04110363551583429,
                1.0
            ],
            "obj_pose": [
                0.5018787152565704,
                -0.10750889164921276,
                1.2183953672881134,
                0.012417620851287855,
                -0.02218475437993602,
                -0.49361975758260235,
                0.8693061453191209
            ]
        }
    ]
}