{
    "hook_path": "models/hook_1104/Hook_90/base.urdf",
    "obj_path": "models/geo_data/hanging_exp/scissor_4/base.urdf",
    "hook_pose": [
        0.5,
        -0.1,
        1.3,
        4.329780281177466e-17,
        0.7071067811865475,
        0.7071067811865476,
        4.329780281177467e-17
    ],
    "contact_info": [
        {
            "contact_point_hook": [],
            "contact_point_obj": [],
            "obj_pose": [
                0.5033613095043546,
                -0.07908530883066447,
                1.2439064495151717,
                0.8268870554449607,
                0.045634444941402307,
                0.5587462904954948,
                -0.04447333841726884
            ]
        }
    ],
    "initial_pose": [
        {
            "robot_pose": [
                0.48808804154396057,
                0.0024966152850538492,
                1.2957408428192139,
                0.7010850310325623,
                -0.1457475870847702,
                0.6949295401573181,
                -0.065653495490551
            ],
            "object_pose": [
                0.5114924857005362,
                -0.00040276538071773194,
                1.2932736873615738,
                0.8292387226388758,
                -0.09442708950033775,
                0.5468743617867119,
                -0.06614452407507157
            ]
        },
        {
            "robot_pose": [
                0.4933609366416931,
                0.062385737895965576,
                1.294886827468872,
                0.7147098183631897,
                -0.03264128044247627,
                0.698089599609375,
                0.028202133253216743
            ],
            "object_pose": [
                0.5166930169546504,
                0.05843613095940701,
                1.2925703818951186,
                0.8376625804150463,
                -0.009001210041403512,
                0.5442180055022713,
                0.045465834176076914
            ]
        },
        {
            "robot_pose": [
                0.4947504997253418,
                0.11906363070011139,
                1.2951775789260864,
                0.7148807048797607,
                -0.022976472973823547,
                0.6985716223716736,
                0.020383771508932114
            ],
            "object_pose": [
                0.5182691924849017,
                0.11718213202390354,
                1.2929235792440887,
                0.8386219144985784,
                0.002875827646774826,
                0.5435269147558504,
                0.0358260669634812
            ]
        }
    ]
}