{
    "hook_path": "models/hook_1104/Hook_90/base.urdf",
    "obj_path": "models/geo_data/hanging_exp/mug_19/base.urdf",
    "contact_info": [
        {
            "hook_pose": [
                0.5,
                -0.1,
                1.3,
                4.329780281177466e-17,
                0.7071067811865475,
                0.7071067811865476,
                4.329780281177467e-17
            ],
            "contact_point_hook": [
                0.0035370667671536515,
                -0.0035753213359432934,
                0.030606505551073387,
                1.0
            ],
            "obj_pose": [
                0.5032875815075193,
                -0.07469548999364746,
                1.2409513123469127,
                0.516690452773765,
                -0.5201581475262775,
                0.3342800114909039,
                0.5922190063583862
            ],
            "contact_point_obj": [
                0.05098239447617381,
                0.022314416250670932,
                -0.0074056486719848436,
                1.0
            ]
        }
    ]
}