{
    "hook_path": "models/hook_all_new/Hook_hs_95_devil/base.urdf",
    "obj_path": "models/everyday_objects_50/scissor_48/base.urdf",
    "hook_pose": [
        0.5,
        -0.1,
        1.3,
        4.329780281177466e-17,
        0.7071067811865475,
        0.7071067811865476,
        4.329780281177467e-17
    ],
    "contact_info": [
        {
            "contact_point_hook": [],
            "obj_pose": [
                0.4942016620588822,
                -0.07454729230578488,
                1.2523547433189122,
                0.5633342642902786,
                0.425963504403243,
                -0.35671180677333336,
                0.6115278297032305
            ],
            "contact_point_obj": []
        }
    ],
    "initial_pose": [
        {
            "robot_pose": [
                0.48820868134498596,
                0.021590642631053925,
                1.272928237915039,
                0.7121398448944092,
                -0.05579430237412453,
                0.697842001914978,
                0.05253919959068298
            ],
            "obj_pose": [
                0.5345886893663958,
                0.014624497425596971,
                1.269646697520665,
                0.6483454046808843,
                0.2592229961154225,
                -0.3945587213520788,
                0.5973065292788424
            ]
        },
        {
            "robot_pose": [
                0.4828732116023953,
                0.02068101655427279,
                1.2385894118684138,
                0.7114432440471766,
                -0.039399564895436695,
                0.6995511292038913,
                0.05407774417669702
            ],
            "obj_pose": [
                0.5293967488871233,
                0.014624497425596971,
                1.235543121499794,
                0.6382262917083736,
                0.26064390367549706,
                -0.39093548102472236,
                0.6098371960818274
            ]
        },
        {
            "robot_pose": [
                0.4783285132974795,
                0.02100835976280455,
                1.2698673441046948,
                0.7099964583945949,
                -0.06232203817206969,
                0.700394279544372,
                0.03832552421992085
            ],
            "obj_pose": [
                0.5248073048976583,
                0.014624497425596971,
                1.266806451506747,
                0.6572627085308154,
                0.26564907454450354,
                -0.3847283259514289,
                0.5911179377916019
            ]
        },
        {
            "robot_pose": [
                0.482988494571297,
                0.0219551292185894,
                1.3051488571034098,
                0.7025858784225859,
                -0.051586854386976966,
                0.7070526903062215,
                0.06154976057105771
            ],
            "obj_pose": [
                0.5293864401230041,
                0.014624497425596971,
                1.3031757082124662,
                0.647861962350115,
                0.2454623520867726,
                -0.39108172498716876,
                0.6058697845485843
            ]
        },
        {
            "robot_pose": [
                0.48697896880332914,
                0.022741992699850375,
                1.2998317609943493,
                0.7184078071566282,
                -0.07431353871005639,
                0.6896120109159841,
                0.052943318570018105
            ],
            "obj_pose": [
                0.5330836970188321,
                0.014624497425596971,
                1.2954888199290666,
                0.6560678070770215,
                0.2612199816786712,
                -0.40510490635300966,
                0.580714360540242
            ]
        },
        {
            "robot_pose": [
                0.5393241761539752,
                0.022003858544187602,
                1.3044129668517577,
                0.7067015525063083,
                -0.05610466115595733,
                0.7028817486543222,
                0.05815866307258968
            ],
            "obj_pose": [
                0.5856856136099651,
                0.014624497425596971,
                1.3018511360717864,
                0.6495977617975673,
                0.25055072323131694,
                -0.39357252060840897,
                0.6002897250310041
            ]
        },
        {
            "robot_pose": [
                0.5352245664799836,
                0.02273757778263173,
                1.274700281932971,
                0.7125130082737836,
                -0.060196140603280386,
                0.696034101869847,
                0.06510120376267023
            ],
            "obj_pose": [
                0.5814105376758397,
                0.014624497425596971,
                1.2713187405292197,
                0.647158394800185,
                0.2503704551203176,
                -0.4044754670626666,
                0.5957350449544919
            ]
        },
        {
            "robot_pose": [
                0.5395652458074541,
                0.021614368474630413,
                1.2629570618643506,
                0.7236465587069882,
                -0.050008758834580405,
                0.6859085636093499,
                0.05800193512906882
            ],
            "obj_pose": [
                0.5858116544369257,
                0.014624497425596971,
                1.2581808476686454,
                0.6374141214372472,
                0.2669979088412685,
                -0.4071354166606233,
                0.597206921399403
            ]
        },
        {
            "robot_pose": [
                0.48768592309847536,
                0.021424381394230398,
                1.2401512910189842,
                0.7024157602530771,
                -0.052186491540059166,
                0.7078474477974793,
                0.05329784700553987
            ],
            "obj_pose": [
                0.5341654128798913,
                0.014624497425596971,
                1.2381969527366463,
                0.6506856297893496,
                0.2507084961223828,
                -0.3855102404194457,
                0.6042642763637709
            ]
        }
    ]
}