{
    "hook_path": "models/hook_1120/Hook124#19/base.urdf",
    "obj_path": "models/geo_data/hanging_exp/daily_5/base.urdf",
    "hook_pose": [
        0.5,
        -0.1,
        1.3,
        0.0,
        0.0,
        -0.7071067811865475,
        0.7071067811865476
    ],
    "contact_info": [
        {
            "contact_point_hook": [
                -0.0019224893652031864,
                0.0005921057886079106,
                -0.0012488587187509115,
                1.0
            ],
            "contact_point_obj": [
                -0.0017850743338409525,
                -0.0012828092557563564,
                0.04064811071663654,
                1.0
            ],
            "obj_pose": [
                0.5027906842600656,
                -0.09898520630296287,
                1.2581131869026787,
                0.007347368770939153,
                -0.0013613770215823494,
                -0.5927599512019112,
                0.8053445244588535
            ]
        }
    ]
}