{
    "hook_path": "models/hook/Hook124#4/base.urdf",
    "obj_path": "models/geo_data/hanging_exp/daily_5/base.urdf",
    "hook_pose": [
        0.5,
        -0.1,
        1.3,
        0.0,
        0.0,
        -0.7071067811865475,
        0.7071067811865476
    ],
    "contact_info": [
        {
            "contact_point_hook": [
                -0.001907926727739332,
                -0.0026313359349782184,
                -0.001959412566771457,
                1.0
            ],
            "contact_point_obj": [
                -0.0007458206147065993,
                -0.0033762613471582936,
                0.040640034835045524,
                1.0
            ],
            "obj_pose": [
                0.5013140183562852,
                -0.0986058066868946,
                1.2574482472942017,
                0.011280459450771869,
                0.00012229941387198297,
                -0.7467594678970946,
                0.6649985213393194
            ]
        }
    ]
}