{
    "hook_path": "models/hook/Hook_bar#3/base.urdf",
    "obj_path": "models/geo_data/hanging_exp/daily_5/base.urdf",
    "hook_pose": [
        0.5,
        -0.1,
        1.3,
        4.329780281177466e-17,
        0.7071067811865475,
        0.7071067811865476,
        4.329780281177467e-17
    ],
    "contact_info": [
        {
            "contact_point_hook": [
                -0.0006604245470471781,
                -0.0018878371350337098,
                0.02483048355929818,
                1.0
            ],
            "contact_point_obj": [
                0.00020838547050416878,
                -0.0006923671592327652,
                0.04082056079549323,
                1.0
            ],
            "obj_pose": [
                0.4971778086912231,
                -0.07663246487361827,
                1.2574603222039402,
                -0.05057120223625899,
                0.021936079484789102,
                -0.7011764968865222,
                0.710853629191806
            ]
        }
    ]
}