{
    "hook_path": "models/hook_1120/Hook57#9/base.urdf",
    "obj_path": "models/geo_data/hanging_exp/daily_5/base.urdf",
    "hook_pose": [
        0.5,
        -0.1,
        1.3,
        0.0,
        0.0,
        -0.7071067811865475,
        0.7071067811865476
    ],
    "contact_info": [
        {
            "contact_point_hook": [
                -0.010939745593288015,
                0.003995849071002366,
                -0.026382131110304297,
                1.0
            ],
            "contact_point_obj": [
                -0.0025487294528257487,
                0.004551576404581037,
                0.04094483947079608,
                1.0
            ],
            "obj_pose": [
                0.4969887077716474,
                -0.09260533120846179,
                1.233095959381872,
                -0.02942700020512272,
                0.014327133199371192,
                -0.6989830240021989,
                0.7143889116370414
            ]
        }
    ]
}