{
    "hook_path": "models/hook_1120/Hook40#3/base.urdf",
    "obj_path": "models/geo_data/hanging_exp/daily_5/base.urdf",
    "hook_pose": [
        0.5,
        -0.1,
        1.3,
        0.0,
        0.0,
        -0.7071067811865475,
        0.7071067811865476
    ],
    "contact_info": [
        {
            "contact_point_hook": [
                0.0013218852750335188,
                0.0005167793423814793,
                -0.032698248367210025,
                1.0
            ],
            "contact_point_obj": [
                0.00349098136211022,
                -0.0009006289088269726,
                0.041520499161682656,
                1.0
            ],
            "obj_pose": [
                0.49634767908157873,
                -0.104850066303896,
                1.2259844371559236,
                0.028382137504670276,
                0.02832644845912297,
                0.7121546606384833,
                0.700876455532104
            ]
        }
    ]
}