{
    "hook_path": "models/hook/Hook15#18/base.urdf",
    "obj_path": "models/geo_data/hanging_exp/daily_5/base.urdf",
    "hook_pose": [
        0.5,
        -0.1,
        1.3,
        0.0,
        0.0,
        -0.7071067811865475,
        0.7071067811865476
    ],
    "contact_info": [
        {
            "contact_point_hook": [
                -0.010032742272111317,
                -0.00157611006640207,
                0.010590019232739722,
                1.0
            ],
            "contact_point_obj": [
                -0.00486395472106492,
                -0.0018815397651910093,
                0.04333975323935135,
                1.0
            ],
            "obj_pose": [
                0.4983348175185961,
                -0.09656577602492342,
                1.267439305673715,
                -0.0320964709969254,
                0.0032597401315886385,
                -0.694731952621313,
                0.7185448522192583
            ]
        }
    ]
}