{
    "hook_path": "models/hook/Hook_60#18/base.urdf",
    "obj_path": "models/geo_data/hanging_exp/daily_5/base.urdf",
    "hook_pose": [
        0.5,
        -0.1,
        1.3,
        4.329780281177466e-17,
        0.7071067811865475,
        0.7071067811865476,
        4.329780281177467e-17
    ],
    "contact_info": [
        {
            "contact_point_hook": [
                0.017008430766202065,
                -0.021543697143114215,
                0.008092881051469322,
                1.0
            ],
            "contact_point_obj": [
                -0.014437598483067998,
                0.013573475100598531,
                0.016296251867724765,
                1.0
            ],
            "obj_pose": [
                0.49540594271277105,
                -0.07678848888235439,
                1.2618562529398571,
                0.08251200262663311,
                0.013003847519050253,
                0.6786331058058728,
                0.7297121193159114
            ]
        }
    ]
}