{
    "hook_path": "models/hook/Hook_90#2/base.urdf",
    "obj_path": "models/geo_data/hanging_exp/daily_5/base.urdf",
    "hook_pose": [
        0.5,
        -0.1,
        1.3,
        4.329780281177466e-17,
        0.7071067811865475,
        0.7071067811865476,
        4.329780281177467e-17
    ],
    "contact_info": [
        {
            "contact_point_hook": [
                -0.0007602991859948505,
                -0.004625127500371473,
                0.02462571069471713,
                1.0
            ],
            "contact_point_obj": [
                -0.009574379457318483,
                -0.001515962588645503,
                0.04112902143445374,
                1.0
            ],
            "obj_pose": [
                0.49875722576056725,
                -0.0845070723728456,
                1.2541663386866932,
                -0.020453560754440298,
                0.027710727734845838,
                -0.7330224147599604,
                0.6793319563220519
            ]
        }
    ]
}