{
    "hook_path": "models/hook_1120/Hook145#6/base.urdf",
    "obj_path": "models/geo_data/hanging_exp/daily_5/base.urdf",
    "hook_pose": [
        0.5,
        -0.1,
        1.3,
        0.0,
        0.0,
        -0.7071067811865475,
        0.7071067811865476
    ],
    "contact_info": [
        {
            "contact_point_hook": [
                -0.03210405634320926,
                0.00428446639285418,
                0.041892728779646005,
                1.0
            ],
            "contact_point_obj": [
                0.007360768895607744,
                -0.00243693601593864,
                0.04067159115743291,
                1.0
            ],
            "obj_pose": [
                0.5043531544609862,
                -0.07693713052971493,
                1.3014879007879834,
                -0.07877451944779017,
                -0.039609574324619215,
                0.4896041026732066,
                0.8674753479800774
            ]
        }
    ]
}