{
    "hook_path": "models/hook_1120/Hook84#22/base.urdf",
    "obj_path": "models/geo_data/hanging_exp/daily_5/base.urdf",
    "hook_pose": [
        0.5,
        -0.1,
        1.3,
        0.0,
        0.0,
        -0.7071067811865475,
        0.7071067811865476
    ],
    "contact_info": [
        {
            "contact_point_hook": [
                -0.01596749730871691,
                -0.0002923332317815719,
                -0.02429212699670069,
                1.0
            ],
            "contact_point_obj": [
                -0.0026051416644388287,
                -0.004121224251203981,
                0.04063160448868253,
                1.0
            ],
            "obj_pose": [
                0.4967883384935004,
                -0.08740688942274984,
                1.2350287681415135,
                -0.06221941603155715,
                0.050683961001974136,
                -0.761635306627019,
                0.6430175270278479
            ]
        }
    ]
}