{
    "hook_path": "models/hook_1120/Hook209#24/base.urdf",
    "obj_path": "models/geo_data/hanging_exp/daily_5/base.urdf",
    "hook_pose": [
        0.5,
        -0.1,
        1.3,
        0.0,
        0.0,
        -0.7071067811865475,
        0.7071067811865476
    ],
    "contact_info": [
        {
            "contact_point_hook": [
                -0.006538920425736645,
                -0.0036607331701573043,
                -0.03369578566744558,
                1.0
            ],
            "contact_point_obj": [
                0.0018226851363988827,
                0.002637262021186526,
                0.04062635773159329,
                1.0
            ],
            "obj_pose": [
                0.5011465379354895,
                -0.09437743531838155,
                1.2258464745133646,
                -0.010504115363267529,
                -0.027917961061252473,
                0.6979449453247095,
                0.715529946477648
            ]
        }
    ]
}