{
    "hook_path": "models/hook_1120/Hook_60#21/base.urdf",
    "obj_path": "models/geo_data/hanging_exp/daily_5/base.urdf",
    "hook_pose": [
        0.5,
        -0.1,
        1.3,
        4.329780281177466e-17,
        0.7071067811865475,
        0.7071067811865476,
        4.329780281177467e-17
    ],
    "contact_info": [
        {
            "contact_point_hook": [
                0.004689594559456001,
                0.0027900959523046165,
                0.02042403356783604,
                1.0
            ],
            "contact_point_obj": [
                0.00387324210850791,
                0.004185392922788078,
                0.041305005543342155,
                1.0
            ],
            "obj_pose": [
                0.49992864419311944,
                -0.08281744727705102,
                1.261476809057636,
                0.0024903274815258948,
                -0.016548847051734844,
                0.6672717195289507,
                0.7446263400170386
            ]
        }
    ]
}