{
    "file": "models/everyday_objects/daily_5/base.urdf",
    "contact_pose": [
        4.718650513479972e-05,
        0.039393557905788024,
        -0.0011411625258807082,
        -0.5086024732379094,
        -0.4894804445116248,
        -0.45313219188383347,
        0.5444296422271079
    ],
    "obj_pose": [
        0.49818824930775296,
        -0.05807584375182499,
        1.2605277876075696,
        0.7059112889442183,
        -0.011349095062708023,
        -0.06337018998450526,
        0.7053684634314875
    ],
    "initial_pose": [
        {
            "robot_pose": [
                0.5410236120223999,
                0.10449013859033585,
                1.2464532852172852,
                0.7138211131095886,
                -0.05349161848425865,
                0.6968554258346558,
                0.044616300612688065
            ],
            "obj_pose": [
                0.5663750541690828,
                0.100990110531013,
                1.2507609886726976,
                0.705452438203182,
                0.04001114501001606,
                0.0287491518315524,
                0.7070427511665327
            ]
        },
        {
            "robot_pose": [
                0.5088159005080836,
                0.10497788364163187,
                1.2139121435923002,
                0.7094753401999448,
                -0.05786803547519295,
                0.700189104063302,
                0.05505679494344564
            ],
            "obj_pose": [
                0.5340439058281833,
                0.100990110531013,
                1.2185107887818838,
                0.7022948420747801,
                0.02918295558974215,
                0.02470260592319629,
                0.7108586998544859
            ]
        },
        {
            "robot_pose": [
                0.5074522646396689,
                0.10435885066712967,
                1.2504940687916846,
                0.7194011204017317,
                -0.05304010242698882,
                0.6913666847735811,
                0.04075392845426548
            ],
            "obj_pose": [
                0.5328873233170202,
                0.100990110531013,
                1.254394261654537,
                0.7076323284946698,
                0.047475365850428636,
                0.025660745672618293,
                0.7045169291352088
            ]
        },
        {
            "robot_pose": [
                0.5067092075353946,
                0.10497777671650155,
                1.278084624862771,
                0.7110767375843398,
                -0.06353136978238047,
                0.698675088000988,
                0.04676280281161499
            ],
            "obj_pose": [
                0.5319642578480075,
                0.100990110531013,
                1.2825324419108224,
                0.7093666651075078,
                0.031194774090023542,
                0.02528668859482694,
                0.7036948229762909
            ]
        },
        {
            "robot_pose": [
                0.5442608971822752,
                0.10487355432408711,
                1.280345841079694,
                0.7061351993907267,
                -0.06806612226314425,
                0.7038522336751714,
                0.0364981688848802
            ],
            "obj_pose": [
                0.5694726934472885,
                0.100990110531013,
                1.2851193427074226,
                0.7159523961252877,
                0.02806226215090401,
                0.03399404993325828,
                0.6967561126352377
            ]
        },
        {
            "robot_pose": [
                0.5755389851119425,
                0.10419331538313291,
                1.2754819991094284,
                0.7090767560073356,
                -0.05451463819556714,
                0.7022465048396703,
                0.032987190741052004
            ],
            "obj_pose": [
                0.6008697177189295,
                0.100990110531013,
                1.2801291045161427,
                0.7108865287894617,
                0.03942440171735737,
                0.039809271917349134,
                0.7010715238863356
            ]
        },
        {
            "robot_pose": [
                0.5745338423983217,
                0.1036367017735042,
                1.248866288829043,
                0.7087523221454363,
                -0.035432876509867976,
                0.7033216560731433,
                0.04187248755709906
            ],
            "obj_pose": [
                0.5999085008786388,
                0.100990110531013,
                1.2536227987044533,
                0.6965853600126963,
                0.04548488651678958,
                0.044056938525492695,
                0.7146740148363434
            ]
        },
        {
            "robot_pose": [
                0.5753776244963356,
                0.10528185129794104,
                1.2191506405961814,
                0.7144157723442419,
                -0.0712896729771475,
                0.694562248019978,
                0.04594747412019695
            ],
            "obj_pose": [
                0.6006335179364587,
                0.100990110531013,
                1.2233006926588745,
                0.7141274161675972,
                0.030943732051659102,
                0.01858309933591335,
                0.6990845351912585
            ]
        },
        {
            "robot_pose": [
                0.5434683834278826,
                0.10405255339892773,
                1.219234947297993,
                0.7160282748629155,
                -0.054845535674799356,
                0.6953575152167187,
                0.02781012126928534
            ],
            "obj_pose": [
                0.56890460567961,
                0.100990110531013,
                1.2233728411624998,
                0.7142405362071107,
                0.04840955651980339,
                0.03574074481664355,
                0.6973088056493237
            ]
        }
    ]
}