{
    "hook_path": "models/hook/Hook23#4/base.urdf",
    "obj_path": "models/geo_data/hanging_exp/daily_5/base.urdf",
    "hook_pose": [
        0.5,
        -0.1,
        1.3,
        0.0,
        0.0,
        -0.7071067811865475,
        0.7071067811865476
    ],
    "contact_info": [
        {
            "contact_point_hook": [
                -0.009886569827714606,
                -0.0747293723728229,
                0.0017067264708805485,
                1.0
            ],
            "contact_point_obj": [
                -0.0038621698724332423,
                -0.010048930925752153,
                0.03986593602840505,
                1.0
            ],
            "obj_pose": [
                0.4316720491452646,
                -0.09599666453954252,
                1.2613384272718475,
                -0.0328194439293359,
                0.018627727502050596,
                -0.7566574996485526,
                0.6527214720643708
            ]
        }
    ]
}