{
    "hook_path": "models/hook_1120/Hook57#26/base.urdf",
    "obj_path": "models/geo_data/hanging_exp/daily_5/base.urdf",
    "hook_pose": [
        0.5,
        -0.1,
        1.3,
        0.0,
        0.0,
        -0.7071067811865475,
        0.7071067811865476
    ],
    "contact_info": [
        {
            "contact_point_hook": [
                -0.013153169647746184,
                -0.005254626884352909,
                -0.04111642600147447,
                1.0
            ],
            "contact_point_obj": [
                -0.001818097349871716,
                -0.004406377859362376,
                0.04085224316057223,
                1.0
            ],
            "obj_pose": [
                0.503843387714658,
                -0.08903502415857618,
                1.218832789320997,
                0.037595299191725266,
                -0.04422660491411681,
                -0.7053967169472707,
                0.7064319306320088
            ]
        }
    ]
}