{
    "hook_path": "models/hook_1120/Hook35#0/base.urdf",
    "obj_path": "models/geo_data/hanging_exp/daily_5/base.urdf",
    "hook_pose": [
        0.5,
        -0.1,
        1.3,
        0.0,
        0.0,
        -0.7071067811865475,
        0.7071067811865476
    ],
    "contact_info": [
        {
            "contact_point_hook": [
                -0.00041519244644012976,
                -0.00048042524678881815,
                0.023579535729059575,
                1.0
            ],
            "contact_point_obj": [
                -0.00380230036049857,
                -0.0039044412569331083,
                0.0410497418155118,
                1.0
            ],
            "obj_pose": [
                0.49135003747121825,
                -0.10450190596507777,
                1.2832823366143564,
                -0.11664926506340763,
                0.10542762825366707,
                -0.6198612479577288,
                0.7687977610797657
            ]
        }
    ]
}