{
    "hook_path": "models/hook_1120/Hook_bar#12/base.urdf",
    "obj_path": "models/geo_data/hanging_exp/daily_5/base.urdf",
    "hook_pose": [
        0.5,
        -0.1,
        1.3,
        4.329780281177466e-17,
        0.7071067811865475,
        0.7071067811865476,
        4.329780281177467e-17
    ],
    "contact_info": [
        {
            "contact_point_hook": [
                -0.0008037784998832231,
                -0.0028894258709846188,
                0.02424319726086269,
                1.0
            ],
            "contact_point_obj": [
                -0.00045105731344133315,
                0.00028847532708192736,
                0.04063705042955679,
                1.0
            ],
            "obj_pose": [
                0.5002884637380506,
                -0.07671852101304837,
                1.2564846453767204,
                -0.006752425982139012,
                -0.001193252587363574,
                -0.658956794483862,
                0.7521495355945995
            ]
        }
    ]
}