{
    "hook_path": "models/hook_1120/Hook40#13/base.urdf",
    "obj_path": "models/geo_data/hanging_exp/daily_5/base.urdf",
    "hook_pose": [
        0.5,
        -0.1,
        1.3,
        0.0,
        0.0,
        -0.7071067811865475,
        0.7071067811865476
    ],
    "contact_info": [
        {
            "contact_point_hook": [
                0.0015289072279862093,
                0.0001448535982040422,
                -0.04095968249840021,
                1.0
            ],
            "contact_point_obj": [
                0.004883701968809759,
                0.0017653037619214107,
                0.04312894528311362,
                1.0
            ],
            "obj_pose": [
                0.5006531779354414,
                -0.10615082252930759,
                1.215849435722671,
                0.013478414494365177,
                0.009845125540338933,
                0.7193217134048129,
                0.6944765499785988
            ]
        }
    ]
}