{
    "hook_path": "models/hook_1120/Hook122#16/base.urdf",
    "obj_path": "models/geo_data/hanging_exp/daily_5/base.urdf",
    "hook_pose": [
        0.5,
        -0.1,
        1.3,
        0.7071067811865476,
        -0.7071067811865475,
        -4.329780281177466e-17,
        4.329780281177467e-17
    ],
    "contact_info": [
        {
            "contact_point_hook": [
                -0.006743595744106365,
                -0.0009269951152181544,
                0.03942938914311078,
                1.0
            ],
            "contact_point_obj": [
                -0.005011224968135532,
                0.002167853816927634,
                0.04320342562027624,
                1.0
            ],
            "obj_pose": [
                0.5000824793551694,
                -0.0982397139297266,
                1.217317849453653,
                0.0076234953941806335,
                -0.004227020529560022,
                -0.6636202123342316,
                0.7480188690112616
            ]
        }
    ]
}