{
    "hook_path": "models/hook_1120/Hook145#5/base.urdf",
    "obj_path": "models/geo_data/hanging_exp/daily_5/base.urdf",
    "hook_pose": [
        0.5,
        -0.1,
        1.3,
        0.0,
        0.0,
        -0.7071067811865475,
        0.7071067811865476
    ],
    "contact_info": [
        {
            "contact_point_hook": [
                -0.034457865996840364,
                0.003797616381684965,
                0.061914600961952226,
                1.0
            ],
            "contact_point_obj": [
                0.0015916561970047843,
                -0.0029698089196282806,
                0.040693672786751955,
                1.0
            ],
            "obj_pose": [
                0.5017821119876968,
                -0.0663486391404415,
                1.3211394194069284,
                0.0030747069928273533,
                -0.016647918331189025,
                0.7553121008017754,
                0.655146566330432
            ]
        }
    ]
}