{
    "hook_path": "models/hook_1120/Hook44#4/base.urdf",
    "obj_path": "models/geo_data/hanging_exp/daily_5/base.urdf",
    "hook_pose": [
        0.5,
        -0.1,
        1.3,
        0.0,
        0.0,
        -0.7071067811865475,
        0.7071067811865476
    ],
    "contact_info": [
        {
            "contact_point_hook": [
                0.0012466063847298703,
                0.0004539739284047384,
                -0.0424765140265273,
                1.0
            ],
            "contact_point_obj": [
                -0.0028355808221954487,
                -0.0014909431013733765,
                0.04146529894633333,
                1.0
            ],
            "obj_pose": [
                0.5007764717333437,
                -0.10435122403208154,
                1.2160519078618421,
                -0.011858491675709829,
                0.0074566494043253615,
                -0.7112587529527827,
                0.7027906949461485
            ]
        }
    ]
}