{
    "hook_path": "models/hook/Hook42#4/base.urdf",
    "obj_path": "models/geo_data/hanging_exp/daily_5/base.urdf",
    "hook_pose": [
        0.5,
        -0.1,
        1.3,
        0.0,
        0.0,
        -0.7071067811865475,
        0.7071067811865476
    ],
    "contact_info": [
        {
            "contact_point_hook": [
                -0.0061728513315929545,
                -0.000463674959029603,
                -0.012442687111782869,
                1.0
            ],
            "contact_point_obj": [
                -0.0038157901275762927,
                0.0004460844411741105,
                0.042336884976259315,
                1.0
            ],
            "obj_pose": [
                0.49934862942184516,
                -0.09714408345370182,
                1.2451764942422303,
                0.004664842050742893,
                0.00398096389275456,
                -0.6852234381692925,
                0.7283070993465462
            ]
        }
    ]
}