{
    "hook_path": "models/hook_1120/Hook15#23/base.urdf",
    "obj_path": "models/geo_data/hanging_exp/daily_5/base.urdf",
    "hook_pose": [
        0.5,
        -0.1,
        1.3,
        0.0,
        0.0,
        -0.7071067811865475,
        0.7071067811865476
    ],
    "contact_info": [
        {
            "contact_point_hook": [
                -0.00637031740510452,
                0.00037454568807193667,
                0.008664187587740013,
                1.0
            ],
            "contact_point_obj": [
                0.0004394024916024586,
                -0.0004254037292753532,
                0.040562518962727,
                1.0
            ],
            "obj_pose": [
                0.4959369516084763,
                -0.09391836784649979,
                1.268341533817256,
                -0.048337489032633456,
                0.03649331890163608,
                -0.6970709821136205,
                0.7144394800994107
            ]
        }
    ]
}