{
    "hook_path": "models/hook/Hook122#6/base.urdf",
    "obj_path": "models/geo_data/hanging_exp/daily_5/base.urdf",
    "hook_pose": [
        0.5,
        -0.1,
        1.3,
        0.7071067811865476,
        -0.7071067811865475,
        -4.329780281177466e-17,
        4.329780281177467e-17
    ],
    "contact_info": [
        {
            "contact_point_hook": [
                -0.006313522438820801,
                -0.0016174505839902653,
                0.041536366538950986,
                1.0
            ],
            "contact_point_obj": [
                -0.004717838674865804,
                0.0021261204992163996,
                0.044757715249290175,
                1.0
            ],
            "obj_pose": [
                0.4988303815817184,
                -0.09916380945392765,
                1.2138288651051021,
                -0.014085336110341885,
                0.007453294208932048,
                -0.6566378412823983,
                0.7540376629241312
            ]
        }
    ]
}