{
    "hook_path": "models/hook_1120/Hook35#26/base.urdf",
    "obj_path": "models/geo_data/hanging_exp/daily_5/base.urdf",
    "hook_pose": [
        0.5,
        -0.1,
        1.3,
        0.0,
        0.0,
        -0.7071067811865475,
        0.7071067811865476
    ],
    "contact_info": [
        {
            "contact_point_hook": [
                0.0011252034172372235,
                0.005608057528734056,
                0.027821789288253962,
                1.0
            ],
            "contact_point_obj": [
                -0.002372089019558446,
                0.0034541165777446925,
                0.0403221828879432,
                1.0
            ],
            "obj_pose": [
                0.49692218293821266,
                -0.10468753469621173,
                1.2883844777805624,
                -0.05143137975515832,
                0.050459919144943036,
                -0.6365510663414187,
                0.7678615432979888
            ]
        }
    ]
}