{
    "hook_path": "models/hook_1120/Hook_60#26/base.urdf",
    "obj_path": "models/geo_data/hanging_exp/daily_5/base.urdf",
    "hook_pose": [
        0.5,
        -0.1,
        1.3,
        4.329780281177466e-17,
        0.7071067811865475,
        0.7071067811865476,
        4.329780281177467e-17
    ],
    "contact_info": [
        {
            "contact_point_hook": [
                -0.00015535958768997382,
                0.0018894266691216188,
                0.02054280786389898,
                1.0
            ],
            "contact_point_obj": [
                0.0015500458818017981,
                0.0007616271640126793,
                0.040642414803499616,
                1.0
            ],
            "obj_pose": [
                0.49693959107682995,
                -0.07755505728276678,
                1.261382275262035,
                0.06527414161955088,
                0.0035953734493493696,
                0.7330245889510267,
                0.6770534038898031
            ]
        }
    ]
}