{
    "hook_path": "models/hook_1120/Hook_skew#8/base.urdf",
    "obj_path": "models/geo_data/hanging_exp/daily_5/base.urdf",
    "hook_pose": [
        0.5,
        -0.1,
        1.3,
        4.329780281177466e-17,
        0.7071067811865475,
        0.7071067811865476,
        4.329780281177467e-17
    ],
    "contact_info": [
        {
            "contact_point_hook": [
                0.01056412567378312,
                0.005835843221124959,
                0.010447768139432174,
                1.0
            ],
            "contact_point_obj": [
                -0.004702476853854415,
                0.012786159419960641,
                0.04527931109217276,
                1.0
            ],
            "obj_pose": [
                0.49841333256769993,
                -0.07761768015721403,
                1.2609717496337378,
                0.08781951917987568,
                -0.026950844571810764,
                0.700397333621291,
                0.7078170378594086
            ]
        }
    ]
}