{
    "hook_path": "models/hook_1120/Hook209#7/base.urdf",
    "obj_path": "models/geo_data/hanging_exp/daily_5/base.urdf",
    "hook_pose": [
        0.5,
        -0.1,
        1.3,
        0.0,
        0.0,
        -0.7071067811865475,
        0.7071067811865476
    ],
    "contact_info": [
        {
            "contact_point_hook": [
                -0.007302865470810202,
                0.0006504682302277409,
                -0.03774530806947296,
                1.0
            ],
            "contact_point_obj": [
                0.0031433341227965206,
                0.0018893857193737207,
                0.041524569689619595,
                1.0
            ],
            "obj_pose": [
                0.4939182849462704,
                -0.09754729889600278,
                1.2214025949273344,
                0.06232258487409668,
                0.08891317568549113,
                0.7240719189351339,
                0.6811242168751048
            ]
        }
    ]
}