{
    "hook_path": "models/hook_1120/Hook145#7/base.urdf",
    "obj_path": "models/geo_data/hanging_exp/daily_5/base.urdf",
    "hook_pose": [
        0.5,
        -0.1,
        1.3,
        0.0,
        0.0,
        -0.7071067811865475,
        0.7071067811865476
    ],
    "contact_info": [
        {
            "contact_point_hook": [
                -0.03112522145346769,
                0.000516593369881968,
                0.0516245899499157,
                1.0
            ],
            "contact_point_obj": [
                0.000928017202089973,
                -0.0004985218528889557,
                0.04088084513646306,
                1.0
            ],
            "obj_pose": [
                0.4972563615041736,
                -0.06844559705551678,
                1.3108625987023548,
                0.03283196088148203,
                0.014207324306368936,
                0.6525349934133625,
                0.756913665256318
            ]
        }
    ]
}