{
    "hook_path": "models/hook/Hook42#18/base.urdf",
    "obj_path": "models/geo_data/hanging_exp/daily_5/base.urdf",
    "hook_pose": [
        0.5,
        -0.1,
        1.3,
        0.0,
        0.0,
        -0.7071067811865475,
        0.7071067811865476
    ],
    "contact_info": [
        {
            "contact_point_hook": [
                -0.0035455176462912135,
                -0.0010888559434637513,
                -0.015434776126812988,
                1.0
            ],
            "contact_point_obj": [
                8.61036827393552e-05,
                -0.0020187210661030686,
                0.040579078403555346,
                1.0
            ],
            "obj_pose": [
                0.49438661690397745,
                -0.09847584223958258,
                1.2442392147608743,
                -0.07521788689151682,
                0.03940267840598432,
                -0.6901620626790703,
                0.7186557073206756
            ]
        }
    ]
}