{
    "hook_path": "models/hook/Hook145#14/base.urdf",
    "obj_path": "models/geo_data/hanging_exp/daily_5/base.urdf",
    "hook_pose": [
        0.5,
        -0.1,
        1.3,
        0.0,
        0.0,
        -0.7071067811865475,
        0.7071067811865476
    ],
    "contact_info": [
        {
            "contact_point_hook": [
                -0.02719513640231694,
                0.0003300365663153615,
                0.05304647083949221,
                1.0
            ],
            "contact_point_obj": [
                -0.005867930818746217,
                0.001304194483313148,
                0.0408182928633094,
                1.0
            ],
            "obj_pose": [
                0.4982283437185625,
                -0.06732318288048555,
                1.312207755980829,
                0.020834055523541284,
                0.026714099351924484,
                0.746203397983343,
                0.6648554638899874
            ]
        }
    ]
}