{
    "hook_path": "models/hook_1120/Hook_60#7/base.urdf",
    "obj_path": "models/geo_data/hanging_exp/daily_5/base.urdf",
    "hook_pose": [
        0.5,
        -0.1,
        1.3,
        4.329780281177466e-17,
        0.7071067811865475,
        0.7071067811865476,
        4.329780281177467e-17
    ],
    "contact_info": [
        {
            "contact_point_hook": [
                0.002904655718101057,
                0.002706187584607056,
                0.020172695831254573,
                1.0
            ],
            "contact_point_obj": [
                0.0025079156348286613,
                0.005112852782225619,
                0.04099039461035359,
                1.0
            ],
            "obj_pose": [
                0.502896972478487,
                -0.08020474658330673,
                1.2617325130824482,
                0.013286298956748602,
                -0.025779010307630055,
                0.6980283264122432,
                0.7154826150324786
            ]
        }
    ]
}