{
    "hook_path": "models/hook_1120/Hook_bar#15/base.urdf",
    "obj_path": "models/geo_data/hanging_exp/daily_5/base.urdf",
    "hook_pose": [
        0.5,
        -0.1,
        1.3,
        4.329780281177466e-17,
        0.7071067811865475,
        0.7071067811865476,
        4.329780281177467e-17
    ],
    "contact_info": [
        {
            "contact_point_hook": [
                -0.001396924151409018,
                -0.0030890928713107613,
                0.02460255265350274,
                1.0
            ],
            "contact_point_obj": [
                -0.0004180303397433027,
                0.0025401802224470638,
                0.04063233371459196,
                1.0
            ],
            "obj_pose": [
                0.4958739215566945,
                -0.076273417756432,
                1.2565829648776754,
                -0.02213230151559215,
                0.03241618844511836,
                -0.6092026002779131,
                0.7920426401216937
            ]
        }
    ]
}