{
    "hook_path": "models/hook_1120/Hook23#15/base.urdf",
    "obj_path": "models/geo_data/hanging_exp/daily_5/base.urdf",
    "hook_pose": [
        0.5,
        -0.1,
        1.3,
        0.0,
        0.0,
        -0.7071067811865475,
        0.7071067811865476
    ],
    "contact_info": [
        {
            "contact_point_hook": [
                -0.013116539420166039,
                -0.07324526169105011,
                0.00581118225964361,
                1.0
            ],
            "contact_point_obj": [
                -0.004127545534057621,
                -0.0038826511239353767,
                0.04299516930329683,
                1.0
            ],
            "obj_pose": [
                0.4336411583855427,
                -0.09386102465133475,
                1.2635668096940358,
                0.018551724627254927,
                -0.04853907277635637,
                -0.7702839230662106,
                0.6355804196111567
            ]
        }
    ]
}