{
    "hook_path": "models/hook_1120/Hook1#18/base.urdf",
    "obj_path": "models/geo_data/hanging_exp/daily_5/base.urdf",
    "hook_pose": [
        0.5,
        -0.1,
        1.3,
        0.0,
        0.0,
        -0.7071067811865475,
        0.7071067811865476
    ],
    "contact_info": [
        {
            "contact_point_hook": [
                -0.013930292846890124,
                -0.0018881637126145212,
                -0.006911321417382821,
                1.0
            ],
            "contact_point_obj": [
                0.0018812697260630618,
                0.0007430282818363665,
                0.039991482505999265,
                1.0
            ],
            "obj_pose": [
                0.4947827893186204,
                -0.08586137610020712,
                1.253185245343238,
                0.057057772308702355,
                0.016873774437778995,
                0.7558713888154646,
                0.652010835742453
            ]
        }
    ]
}