{
    "hook_path": "models/hook_1120/Hook209#2/base.urdf",
    "obj_path": "models/geo_data/hanging_exp/daily_5/base.urdf",
    "hook_pose": [
        0.5,
        -0.1,
        1.3,
        0.0,
        0.0,
        -0.7071067811865475,
        0.7071067811865476
    ],
    "contact_info": [
        {
            "contact_point_hook": [
                -0.008443485171429302,
                -0.0004932356171363783,
                -0.04627534104462683,
                1.0
            ],
            "contact_point_obj": [
                0.003329893272761293,
                0.0025642466783715734,
                0.0413007505980616,
                1.0
            ],
            "obj_pose": [
                0.4924826707023717,
                -0.09637165676020906,
                1.2130934878383028,
                0.07109997744646239,
                0.09536852310975888,
                0.7128685021001593,
                0.6911353968076379
            ]
        }
    ]
}