{
    "hook_path": "models/hook_1120/Hook1#23/base.urdf",
    "obj_path": "models/geo_data/hanging_exp/daily_5/base.urdf",
    "hook_pose": [
        0.5,
        -0.1,
        1.3,
        0.0,
        0.0,
        -0.7071067811865475,
        0.7071067811865476
    ],
    "contact_info": [
        {
            "contact_point_hook": [
                -0.013512770482292949,
                -0.0025863102648086556,
                -0.011184441875124351,
                1.0
            ],
            "contact_point_obj": [
                0.0021318876648191223,
                0.0013928404222005586,
                0.04027440887784706,
                1.0
            ],
            "obj_pose": [
                0.49949012969652606,
                -0.08840036372506013,
                1.2485596110547996,
                -0.004215455865333384,
                -0.009688567561503136,
                0.68785885126142,
                0.7257675677045464
            ]
        }
    ]
}