{
    "hook_path": "models/hook/Hook23#5/base.urdf",
    "obj_path": "models/geo_data/hanging_exp/daily_5/base.urdf",
    "hook_pose": [
        0.5,
        -0.1,
        1.3,
        0.0,
        0.0,
        -0.7071067811865475,
        0.7071067811865476
    ],
    "contact_info": [
        {
            "contact_point_hook": [
                0.0012616871771460854,
                -0.06958658431741849,
                0.002138402663087291,
                1.0
            ],
            "contact_point_obj": [
                -0.004521691000873629,
                -0.005208317914740523,
                0.04012975899634719,
                1.0
            ],
            "obj_pose": [
                0.4386366362168724,
                -0.10369829131719872,
                1.262333736775501,
                0.047626591975663726,
                -0.007399352561190715,
                -0.7162831326934646,
                0.696143254752422
            ]
        }
    ]
}