{
    "hook_path": "models/hook_1120/Hook122#13/base.urdf",
    "obj_path": "models/geo_data/hanging_exp/daily_5/base.urdf",
    "hook_pose": [
        0.5,
        -0.1,
        1.3,
        0.7071067811865476,
        -0.7071067811865475,
        -4.329780281177466e-17,
        4.329780281177467e-17
    ],
    "contact_info": [
        {
            "contact_point_hook": [
                -0.006099766841366094,
                -0.0003023844606968029,
                0.04022187582369985,
                1.0
            ],
            "contact_point_obj": [
                -0.003698136536716551,
                -0.0009734635297526939,
                0.04226330380289878,
                1.0
            ],
            "obj_pose": [
                0.49818713684279126,
                -0.09669625188351118,
                1.217487242177586,
                -0.0160241770057333,
                0.03013430527351184,
                -0.7410213643055978,
                0.6706135154018611
            ]
        }
    ]
}