{
    "hook_path": "models/hook_1120/Hook57#0/base.urdf",
    "obj_path": "models/geo_data/hanging_exp/daily_5/base.urdf",
    "hook_pose": [
        0.5,
        -0.1,
        1.3,
        0.0,
        0.0,
        -0.7071067811865475,
        0.7071067811865476
    ],
    "contact_info": [
        {
            "contact_point_hook": [
                -0.009219876133621047,
                0.003178493402384852,
                -0.025228086490726165,
                1.0
            ],
            "contact_point_obj": [
                -0.0033491902295402012,
                0.0025755687341811884,
                0.04158656029064467,
                1.0
            ],
            "obj_pose": [
                0.5048009043799139,
                -0.09368426297064193,
                1.2331038635790381,
                0.04052204964665024,
                -0.033390394722160543,
                -0.7240373196347053,
                0.6877594091024305
            ]
        }
    ]
}