{
    "hook_path": "models/hook/Hook2#17/base.urdf",
    "obj_path": "models/geo_data/hanging_exp/daily_5/base.urdf",
    "hook_pose": [
        0.5,
        -0.1,
        1.3,
        0.0,
        0.0,
        -0.7071067811865475,
        0.7071067811865476
    ],
    "contact_info": [
        {
            "contact_point_hook": [
                -0.004169158037992974,
                0.006500009928224526,
                -0.012245038044738976,
                1.0
            ],
            "contact_point_obj": [
                -0.0035112278981905137,
                0.006683714336941704,
                0.03907592739553922,
                1.0
            ],
            "obj_pose": [
                0.4992051950757043,
                -0.09855908716587247,
                1.248725854677649,
                0.0011179608769128033,
                0.011475674163249832,
                -0.7114664246754794,
                0.7026254945740775
            ]
        }
    ]
}