{
    "hook_path": "models/hook_1120/Hook84#6/base.urdf",
    "obj_path": "models/geo_data/hanging_exp/daily_5/base.urdf",
    "hook_pose": [
        0.5,
        -0.1,
        1.3,
        0.0,
        0.0,
        -0.7071067811865475,
        0.7071067811865476
    ],
    "contact_info": [
        {
            "contact_point_hook": [
                -0.016053035337228697,
                -0.0009380042184382598,
                -0.020573299583005022,
                1.0
            ],
            "contact_point_obj": [
                -0.0008509736963829839,
                -0.0016218127389188985,
                0.04054007456199504,
                1.0
            ],
            "obj_pose": [
                0.4904213703568141,
                -0.08605366330679025,
                1.2398318334343084,
                -0.10011013952680486,
                0.08043953798848795,
                -0.6879817656524759,
                0.7142748286351858
            ]
        }
    ]
}