{
    "hook_path": "models/hook/Hook186#19/base.urdf",
    "obj_path": "models/geo_data/hanging_exp/daily_5/base.urdf",
    "hook_pose": [
        0.5,
        -0.1,
        1.3,
        -0.5,
        0.5,
        0.4999999999999999,
        0.5000000000000001
    ],
    "contact_info": [
        {
            "contact_point_hook": [
                -0.015902040176169363,
                -0.0003954489377333559,
                0.004978496681690897,
                1.0
            ],
            "contact_point_obj": [
                0.0003146117579426594,
                0.0017521844465804293,
                0.040617842043793706,
                1.0
            ],
            "obj_pose": [
                0.49215257367078363,
                -0.09488351452856582,
                1.2760898034942763,
                0.08361696189586695,
                0.0892115665306711,
                0.6135907426683129,
                0.78009992987578
            ]
        }
    ]
}