{
    "file": "models/everyday_objects/mug_146/base.urdf",
    "contact_pose": [
        -0.009767902659362449,
        0.06157883565476974,
        -0.008901334735710552,
        0.47830316360276226,
        0.5209929394854528,
        0.5348976397430067,
        -0.4622520477956339
    ],
    "obj_pose": [
        0.5135001246339406,
        -0.07933707352086752,
        1.23875248207564,
        0.7066203273982915,
        0.02930707808142143,
        0.05197106241181225,
        0.7050729159127077
    ],
    "initial_pose": [
        {
            "robot_pose": [
                0.48600801825523376,
                0.13600753247737885,
                1.2323682308197021,
                0.7217574715614319,
                -0.04269840195775032,
                0.6901895403862,
                0.029689881950616837
            ],
            "obj_pose": [
                0.5367416438071491,
                0.09883157789844889,
                1.2297126278888841,
                0.7131419970622308,
                0.04799281345748123,
                -0.02948855872740369,
                0.698752893937985
            ]
        },
        {
            "robot_pose": [
                0.4599799209006028,
                0.13601285361165227,
                1.2057138868777757,
                0.7294180078361502,
                -0.051713290744746794,
                0.6817634660350176,
                0.021764231771665518
            ],
            "obj_pose": [
                0.5105632550594312,
                0.09883157789844889,
                1.2010358927416276,
                0.7215281417986089,
                0.05519200341575098,
                -0.037228964198179094,
                0.6891770364545913
            ]
        },
        {
            "robot_pose": [
                0.455134174319726,
                0.13811805440869226,
                1.2338323340013524,
                0.7211722163651312,
                -0.05827270297843385,
                0.6888988895742574,
                0.043968697660344856
            ],
            "obj_pose": [
                0.5042458925828067,
                0.09883157789844889,
                1.2310725368927475,
                0.7143138607220804,
                0.033378255522344816,
                -0.044725242147527496,
                0.6975967697412642
            ]
        },
        {
            "robot_pose": [
                0.4540197320575403,
                0.13487331145154527,
                1.2605205290076427,
                0.7180344867550497,
                -0.027753482297066992,
                0.6948627991649725,
                0.0286689795322024
            ],
            "obj_pose": [
                0.505615630225037,
                0.09883157789844889,
                1.25915622618213,
                0.7057528576246764,
                0.05200267406033613,
                -0.01799136101848278,
                0.7063178723307801
            ]
        },
        {
            "robot_pose": [
                0.49018216220362537,
                0.13560714034819182,
                1.2633156885744772,
                0.7183843141636566,
                -0.03350746840549654,
                0.694053670545156,
                0.03302618850947939
            ],
            "obj_pose": [
                0.5412535069885952,
                0.09883157789844889,
                1.2618056105027962,
                0.7067303293543379,
                0.047506317915907086,
                -0.023560697380944996,
                0.705492937503775
            ]
        },
        {
            "robot_pose": [
                0.5217717867997116,
                0.13721387539485277,
                1.2661729658298961,
                0.7235878632692864,
                -0.04922477913262882,
                0.6873108099403513,
                0.04001719365311426
            ],
            "obj_pose": [
                0.5715907065235529,
                0.09883157789844889,
                1.2633659988066168,
                0.7116102966485368,
                0.04196693136727924,
                -0.04045529506723565,
                0.700152077392061
            ]
        },
        {
            "robot_pose": [
                0.5151677944119003,
                0.13692544854668512,
                1.2342408937414344,
                0.7241575459527362,
                -0.05398450890952559,
                0.6867882052112179,
                0.031677793803582266
            ],
            "obj_pose": [
                0.5651611494720256,
                0.09883157789844889,
                1.2307016768378694,
                0.7180235264956824,
                0.044094551849360036,
                -0.03857420176755165,
                0.6935487847685297
            ]
        },
        {
            "robot_pose": [
                0.518364946417454,
                0.13540446724230676,
                1.2004212063068915,
                0.7246619730409944,
                -0.033811011768183644,
                0.6876197293590254,
                0.030015797636669832
            ],
            "obj_pose": [
                0.5695367531486174,
                0.09883157789844889,
                1.1977992703173672,
                0.7083735059637547,
                0.05514749991332638,
                -0.02837552378520393,
                0.7031077861550413
            ]
        },
        {
            "robot_pose": [
                0.4841641965728774,
                0.1373431258889172,
                1.20708560579024,
                0.7269293762784137,
                -0.05682096970669834,
                0.6834696418804683,
                0.03484692142573734
            ],
            "obj_pose": [
                0.5338039186508973,
                0.09883157789844889,
                1.2031153097285352,
                0.7179701921325051,
                0.044128302219664114,
                -0.0446309752441823,
                0.693238467052411
            ]
        }
    ]
}