{
    "hook_path": "models/hook/Hook1#11/base.urdf",
    "obj_path": "models/geo_data/hanging_exp/daily_5/base.urdf",
    "hook_pose": [
        0.5,
        -0.1,
        1.3,
        0.0,
        0.0,
        -0.7071067811865475,
        0.7071067811865476
    ],
    "contact_info": [
        {
            "contact_point_hook": [
                -0.009808918820508536,
                0.00022939820345024842,
                -0.010561364220484926,
                1.0
            ],
            "contact_point_obj": [
                0.00280769088017558,
                -0.0014380229943908862,
                0.04091972178740777,
                1.0
            ],
            "obj_pose": [
                0.5017505658966405,
                -0.09281923148921015,
                1.2485099961225634,
                -0.02169164837139505,
                -0.02471754241780388,
                0.740729954284005,
                0.670997503955247
            ]
        }
    ]
}