{
    "hook_path": "models/hook_1120/Hook23#17/base.urdf",
    "obj_path": "models/geo_data/hanging_exp/daily_5/base.urdf",
    "hook_pose": [
        0.5,
        -0.1,
        1.3,
        0.0,
        0.0,
        -0.7071067811865475,
        0.7071067811865476
    ],
    "contact_info": [
        {
            "contact_point_hook": [
                -0.01470245153747829,
                -0.06210178098072561,
                0.0022682358364753963,
                1.0
            ],
            "contact_point_obj": [
                -0.004353351684142415,
                0.01129077403360057,
                0.03705701103366321,
                1.0
            ],
            "obj_pose": [
                0.4354836113997681,
                -0.097389208785529,
                1.265286933309529,
                0.0016195013198426753,
                -0.05465883202667496,
                -0.43343597124367034,
                0.8995237896403913
            ]
        }
    ]
}