{
    "hook_path": "models/hook/Hook136#2/base.urdf",
    "obj_path": "models/geo_data/hanging_exp/daily_5/base.urdf",
    "hook_pose": [
        0.5,
        -0.1,
        1.3,
        0.0,
        0.0,
        -0.7071067811865475,
        0.7071067811865476
    ],
    "contact_info": [
        {
            "contact_point_hook": [
                -0.004167939473755804,
                -0.04818369067043715,
                -0.011722065596886155,
                1.0
            ],
            "contact_point_obj": [
                -0.0033307877872152877,
                0.0021379988977910935,
                0.04177041349701982,
                1.0
            ],
            "obj_pose": [
                0.451948807543365,
                -0.09942463350936483,
                1.2464747228773625,
                0.01897973074956155,
                -0.025043654408607872,
                -0.7401305870049018,
                0.6717285905589518
            ]
        }
    ]
}