{
    "hook_path": "models/hook/Hook12#4/base.urdf",
    "obj_path": "models/geo_data/hanging_exp/daily_5/base.urdf",
    "hook_pose": [
        0.5,
        -0.1,
        1.3,
        0.5,
        -0.4999999999999999,
        -0.5,
        0.5000000000000001
    ],
    "contact_info": [
        {
            "contact_point_hook": [
                0.0059085885815791115,
                0.022210073749437953,
                -0.003988600716461899,
                1.0
            ],
            "contact_point_obj": [
                0.0016984629294337639,
                -0.002324248060635581,
                0.04052464935209121,
                1.0
            ],
            "obj_pose": [
                0.501258992421477,
                -0.08172329219940616,
                1.2896807825191887,
                0.2524081445736357,
                -0.21163063543233018,
                0.611196767116485,
                0.7196812590069023
            ]
        }
    ]
}