{
    "hook_path": "models/hook_1120/Hook35#4/base.urdf",
    "obj_path": "models/geo_data/hanging_exp/daily_5/base.urdf",
    "hook_pose": [
        0.5,
        -0.1,
        1.3,
        0.0,
        0.0,
        -0.7071067811865475,
        0.7071067811865476
    ],
    "contact_info": [
        {
            "contact_point_hook": [
                0.002054771070398698,
                0.0012447350817438307,
                0.02492822773389447,
                1.0
            ],
            "contact_point_obj": [
                -0.0009467562358071585,
                0.0037456884149916214,
                0.040644398601721754,
                1.0
            ],
            "obj_pose": [
                0.4922396338004573,
                -0.10267813656433515,
                1.285110979798576,
                -0.03747967893191161,
                0.05620059246564595,
                -0.6630821261791507,
                0.7454923614735486
            ]
        }
    ]
}