{
    "hook_path": "models/hook_1120/Hook136#6/base.urdf",
    "obj_path": "models/geo_data/hanging_exp/daily_5/base.urdf",
    "hook_pose": [
        0.5,
        -0.1,
        1.3,
        0.0,
        0.0,
        -0.7071067811865475,
        0.7071067811865476
    ],
    "contact_info": [
        {
            "contact_point_hook": [
                -0.005397326815654576,
                -0.0483796023585511,
                -0.009344502570417301,
                1.0
            ],
            "contact_point_obj": [
                -0.003965189094980351,
                0.004909640619797262,
                0.04279831121897226,
                1.0
            ],
            "obj_pose": [
                0.44692119803256564,
                -0.09865441327553721,
                1.2478416718116843,
                0.0011807811913532014,
                -0.0007078909734332049,
                -0.6985799003831559,
                0.7155307312944762
            ]
        }
    ]
}