{
    "hook_path": "models/hook/Hook_60/base.urdf",
    "obj_path": "models/geo_data/hanging_exp/scissor_4/base.urdf",
    "hook_pose": [
        0.5,
        -0.1,
        1.3,
        4.329780281177466e-17,
        0.7071067811865475,
        0.7071067811865476,
        4.329780281177467e-17
    ],
    "contact_info": [
        {
            "contact_point_hook": [],
            "contact_point_obj": [],
            "obj_pose": [
                0.4936616674533068,
                -0.08018135383316616,
                1.251387101046896,
                0.8768429659968646,
                -0.030043822134570086,
                0.4795776937952229,
                -0.015780283502619254
            ]
        }
    ],
    "initial_pose": [
        {
            "robot_pose": [
                0.48172712326049805,
                0.009383547119796276,
                1.2837622165679932,
                0.7074175477027893,
                -0.10519061982631683,
                0.6984142065048218,
                -0.02670160122215748
            ],
            "object_pose": [
                0.5164223837877334,
                0.0032374626234204814,
                1.2874833411403461,
                0.803174547558144,
                -0.05168615556131849,
                0.5883300445841613,
                -0.07814695206891174
            ]
        },
        {
            "robot_pose": [
                0.48543787002563477,
                0.06381699442863464,
                1.2830051183700562,
                0.713991105556488,
                -0.03251005336642265,
                0.6987707018852234,
                0.029653627425432205
            ],
            "object_pose": [
                0.5204551141890772,
                0.06062140518754002,
                1.287128552889793,
                0.8123458889695152,
                0.008084103123533023,
                0.5829150719183436,
                -0.015453895348694473
            ]
        },
        {
            "robot_pose": [
                0.4859144687652588,
                0.13257412612438202,
                1.28376305103302,
                0.7142937779426575,
                -0.021938344463706017,
                0.6991876363754272,
                0.02097039856016636
            ],
            "object_pose": [
                0.5210049419743892,
                0.1291709313162737,
                1.2878760130447524,
                0.8135889295438994,
                0.015881486809414216,
                0.580579314394554,
                -0.027358578133446044
            ]
        }
    ]
}