{
    "hook_path": "models/hook/Hook124#10/base.urdf",
    "obj_path": "models/geo_data/hanging_exp/daily_5/base.urdf",
    "hook_pose": [
        0.5,
        -0.1,
        1.3,
        0.0,
        0.0,
        -0.7071067811865475,
        0.7071067811865476
    ],
    "contact_info": [
        {
            "contact_point_hook": [
                -0.001994831306859013,
                -0.0006934700713464581,
                -0.0018073924063017888,
                1.0
            ],
            "contact_point_obj": [
                7.375494943191035e-05,
                -0.001324790561508138,
                0.04057509909283219,
                1.0
            ],
            "obj_pose": [
                0.502316846514999,
                -0.09749575868620206,
                1.2577107885669752,
                0.01723430397157616,
                -0.01253440796318478,
                -0.6793749348329082,
                0.7334818097979047
            ]
        }
    ]
}