{
    "hook_path": "models/hook_1120/Hook136#16/base.urdf",
    "obj_path": "models/geo_data/hanging_exp/daily_5/base.urdf",
    "hook_pose": [
        0.5,
        -0.1,
        1.3,
        0.0,
        0.0,
        -0.7071067811865475,
        0.7071067811865476
    ],
    "contact_info": [
        {
            "contact_point_hook": [
                -0.006684637600723599,
                -0.0425611461465375,
                -0.01564764719127698,
                1.0
            ],
            "contact_point_obj": [
                -0.004395507612524212,
                0.011118836653802089,
                0.039341370873111625,
                1.0
            ],
            "obj_pose": [
                0.44857125917379337,
                -0.0982892524435761,
                1.2445111849003179,
                0.015205238116133883,
                -0.02450406433620384,
                -0.7047756803247386,
                0.7088438417505233
            ]
        }
    ]
}