{
    "hook_path": "models/hook_all_new/Hook_hcu_362_easy/base.urdf",
    "obj_path": "models/everyday_objects_50/tool_1/base.urdf",
    "hook_pose": [
        0.5,
        -0.1,
        1.3,
        4.329780281177466e-17,
        0.7071067811865475,
        0.7071067811865476,
        4.329780281177467e-17
    ],
    "contact_info": [
        {
            "contact_point_hook": [
                0.0013876750661306336,
                0.007668692331126659,
                0.02452008589239481,
                1.0
            ],
            "obj_pose": [
                0.4618150990658372,
                -0.08365711231055505,
                1.1377360236928513,
                0.07904931743426859,
                0.7119848431422225,
                0.6942119266532373,
                -0.06998992385566281
            ],
            "contact_point_obj": [
                -0.0002641357171763725,
                0.17401548587878657,
                0.004068805629659257,
                1.0
            ]
        }
    ],
    "initial_pose": [
        {
            "robot_pose": [
                0.5286229848861694,
                0.05819712579250336,
                1.23406982421875,
                0.7120587825775146,
                -0.04595872759819031,
                0.6985995173454285,
                0.05309280753135681
            ],
            "obj_pose": [
                0.5634051876646807,
                0.048356008848240824,
                1.1208578879577353,
                -0.011909245849340224,
                0.7228873034022792,
                0.6908630630119234,
                -0.0005870339550078671
            ]
        },
        {
            "robot_pose": [
                0.5125998192939679,
                0.060264988055481604,
                1.2045381215912607,
                0.7050178704372898,
                -0.03749761504230091,
                0.7058270990629348,
                0.057895055562721225
            ],
            "obj_pose": [
                0.549560554180188,
                0.048356008848240824,
                1.0922186129753655,
                0.020366614205716567,
                -0.7297230753475041,
                -0.6834265152205,
                -0.00419912190110014
            ]
        },
        {
            "robot_pose": [
                0.5110614009350269,
                0.05826016235927506,
                1.2295668274897358,
                0.6976204484385944,
                -0.053911495384151596,
                0.7122495898771798,
                0.05585501146332419
            ],
            "obj_pose": [
                0.5502183730239683,
                0.048356008848240824,
                1.1177981780174449,
                0.020350858989918678,
                -0.7213040147854748,
                -0.6920539980038332,
                -0.0191735400914429
            ]
        },
        {
            "robot_pose": [
                0.5203163238141669,
                0.05730241171351844,
                1.2673519014031265,
                0.7143215009374306,
                -0.032933940023800116,
                0.6977638912656295,
                0.042257554813920774
            ],
            "obj_pose": [
                0.5548792699579957,
                0.048356008848240824,
                1.1539986643322997,
                0.022489279037508653,
                -0.7234252192008392,
                -0.6898944846068866,
                0.013992307228944914
            ]
        },
        {
            "robot_pose": [
                0.5225934082164388,
                0.05967477169310141,
                1.2595640985760772,
                0.7021371989846407,
                -0.040972886389441354,
                0.7086075204911567,
                0.05656817379318588
            ],
            "obj_pose": [
                0.5604726598804793,
                0.048356008848240824,
                1.1474898391502921,
                0.02218814368651928,
                -0.7275936026445455,
                -0.6855985549292604,
                -0.008358058948555035
            ]
        },
        {
            "robot_pose": [
                0.5829856710425882,
                0.05840654121273075,
                1.2618438728784394,
                0.724733210558789,
                -0.04108046478961965,
                0.6857731576610286,
                0.05281425146152008
            ],
            "obj_pose": [
                0.6136885624733596,
                0.048356008848240824,
                1.1474764344102077,
                0.0018895624262806432,
                -0.724053179900059,
                -0.6895499443318179,
                0.016257198480578296
            ]
        },
        {
            "robot_pose": [
                0.5770605483963946,
                0.060668011020379616,
                1.2327002770929951,
                0.7113753667012331,
                -0.033669247651274846,
                0.6995681545014942,
                0.05844541573687969
            ],
            "obj_pose": [
                0.6120149865843244,
                0.048356008848240824,
                1.1197835220108394,
                0.015723685670613247,
                -0.7313823982798936,
                -0.6817744592687226,
                0.004017447463748819
            ]
        },
        {
            "robot_pose": [
                0.5804345768758659,
                0.0595383049426222,
                1.2234181429558295,
                0.7136476764466589,
                -0.04623823850568723,
                0.696411757698419,
                0.05983045162435632
            ],
            "obj_pose": [
                0.6144415745540021,
                0.048356008848240824,
                1.1100952763852168,
                0.006281945919073697,
                -0.7259772622896273,
                -0.6876897155903797,
                -0.0006378598199374236
            ]
        },
        {
            "robot_pose": [
                0.5280223665276949,
                0.05955927529326438,
                1.2017130525462785,
                0.7065351967710872,
                -0.056398782438969564,
                0.7024829382491472,
                0.06438101064667885
            ],
            "obj_pose": [
                0.5639858965025751,
                0.048356008848240824,
                1.0889979113384007,
                0.005398654024849343,
                -0.7238125165513242,
                -0.6898161939235999,
                -0.014829498275986256
            ]
        }
    ]
}