{
    "hook_path": "models/hook/Hook23#9/base.urdf",
    "obj_path": "models/geo_data/hanging_exp/daily_5/base.urdf",
    "hook_pose": [
        0.5,
        -0.1,
        1.3,
        0.0,
        0.0,
        -0.7071067811865475,
        0.7071067811865476
    ],
    "contact_info": [
        {
            "contact_point_hook": [
                -0.009691472156909324,
                -0.05197315975297839,
                0.002926561251489712,
                1.0
            ],
            "contact_point_obj": [
                -0.0032492786343493035,
                -0.0015913198535118522,
                0.04192366652327073,
                1.0
            ],
            "obj_pose": [
                0.4407076550591242,
                -0.09484032306194139,
                1.2617370445566574,
                -0.08736939835961309,
                0.0746153534743552,
                -0.6354042624228208,
                0.7635840232424245
            ]
        }
    ]
}