{
    "hook_path": "models/hook_1120/Hook186#22/base.urdf",
    "obj_path": "models/geo_data/hanging_exp/daily_5/base.urdf",
    "hook_pose": [
        0.5,
        -0.1,
        1.3,
        -0.5,
        0.5,
        0.4999999999999999,
        0.5000000000000001
    ],
    "contact_info": [
        {
            "contact_point_hook": [
                -0.01751378775841861,
                6.855546288553338e-05,
                0.007352923737301162,
                1.0
            ],
            "contact_point_obj": [
                0.0014503188431950371,
                0.002882085593601036,
                0.04057306637085545,
                1.0
            ],
            "obj_pose": [
                0.4959234451137629,
                -0.09434417701201273,
                1.2770460308831149,
                0.05631625174697951,
                0.06134559018280331,
                0.6774829604518281,
                0.7308091656867209
            ]
        }
    ]
}