{
    "hook_path": "models/hook/Hook186#4/base.urdf",
    "obj_path": "models/geo_data/hanging_exp/daily_5/base.urdf",
    "hook_pose": [
        0.5,
        -0.1,
        1.3,
        -0.5,
        0.5,
        0.4999999999999999,
        0.5000000000000001
    ],
    "contact_info": [
        {
            "contact_point_hook": [
                -0.014577985081589695,
                -0.0003685200521487131,
                0.006491136082539109,
                1.0
            ],
            "contact_point_obj": [
                -0.0003097789604146507,
                0.002371392869458422,
                0.040591364966333865,
                1.0
            ],
            "obj_pose": [
                0.49848604563438803,
                -0.09458823246019764,
                1.2739741720760214,
                0.024841948674738896,
                0.04878123405700275,
                0.6881963516497718,
                0.7234563223622151
            ]
        }
    ]
}