{
    "hook_path": "models/hook/Hook84#13/base.urdf",
    "obj_path": "models/geo_data/hanging_exp/daily_5/base.urdf",
    "hook_pose": [
        0.5,
        -0.1,
        1.3,
        0.0,
        0.0,
        -0.7071067811865475,
        0.7071067811865476
    ],
    "contact_info": [
        {
            "contact_point_hook": [
                -0.017461990976662886,
                0.007213507826325016,
                -0.0296057828528129,
                1.0
            ],
            "contact_point_obj": [
                0.0014961033184965888,
                0.007126792833879958,
                0.038559744263992224,
                1.0
            ],
            "obj_pose": [
                0.4996229882697595,
                -0.08310665695680591,
                1.2318981909713558,
                -0.005928448570568405,
                0.0004931225360667021,
                -0.6177900721202252,
                0.7863205689268197
            ]
        }
    ]
}