{
    "hook_path": "models/hook_1120/Hook_90#15/base.urdf",
    "obj_path": "models/geo_data/hanging_exp/daily_5/base.urdf",
    "hook_pose": [
        0.5,
        -0.1,
        1.3,
        4.329780281177466e-17,
        0.7071067811865475,
        0.7071067811865476,
        4.329780281177467e-17
    ],
    "contact_info": [
        {
            "contact_point_hook": [
                -0.0017451287755733125,
                -0.0012808284910108547,
                0.024154843890570477,
                1.0
            ],
            "contact_point_obj": [
                -0.007918144817490043,
                0.0018462317945206475,
                0.045130469314819344,
                1.0
            ],
            "obj_pose": [
                0.49706012259457505,
                -0.08103910726243291,
                1.2533987739128747,
                -0.0033807445933149464,
                0.050805736429372104,
                -0.6711760455068676,
                0.7395472017725624
            ]
        }
    ]
}