{
    "hook_path": "models/hook/Hook124#19/base.urdf",
    "obj_path": "models/geo_data/hanging_exp/daily_5/base.urdf",
    "hook_pose": [
        0.5,
        -0.1,
        1.3,
        0.0,
        0.0,
        -0.7071067811865475,
        0.7071067811865476
    ],
    "contact_info": [
        {
            "contact_point_hook": [
                -0.0012736557934574374,
                -0.0011766592425761502,
                -0.0018934111790214203,
                1.0
            ],
            "contact_point_obj": [
                0.0006521958600496369,
                -0.0028863064040271502,
                0.04061468956272929,
                1.0
            ],
            "obj_pose": [
                0.4985523173247833,
                -0.09886298417979006,
                1.2573853780311293,
                -0.031840936186930915,
                0.023692014549805147,
                -0.7862900076872545,
                0.6165815980391313
            ]
        }
    ]
}