{
    "hook_path": "models/hook/Hook15#5/base.urdf",
    "obj_path": "models/geo_data/hanging_exp/daily_5/base.urdf",
    "hook_pose": [
        0.5,
        -0.1,
        1.3,
        0.0,
        0.0,
        -0.7071067811865475,
        0.7071067811865476
    ],
    "contact_info": [
        {
            "contact_point_hook": [
                -0.01105748199538746,
                0.00501034551236601,
                0.007485833283235932,
                1.0
            ],
            "contact_point_obj": [
                -0.005147950146509012,
                0.006061788856627448,
                0.04081680554026845,
                1.0
            ],
            "obj_pose": [
                0.5005950383966351,
                -0.09543684514717338,
                1.2666497332318778,
                0.0012993462136733048,
                -0.001436825038641195,
                -0.6118061359397847,
                0.7910053724594133
            ]
        }
    ]
}