{
    "hook_path": "models/hook_1120/Hook12#20/base.urdf",
    "obj_path": "models/geo_data/hanging_exp/daily_5/base.urdf",
    "hook_pose": [
        0.5,
        -0.1,
        1.3,
        0.5,
        -0.4999999999999999,
        -0.5,
        0.5000000000000001
    ],
    "contact_info": [
        {
            "contact_point_hook": [
                0.004665744502326664,
                0.01091082625963069,
                0.007453843500304036,
                1.0
            ],
            "contact_point_obj": [
                -0.003191883148102037,
                0.008671513143528486,
                0.03136602537594624,
                1.0
            ],
            "obj_pose": [
                0.48791472520308105,
                -0.08111942614549397,
                1.2886997582506974,
                0.33486734258324546,
                -0.13804515991206878,
                0.7719629853490627,
                0.5223796951902414
            ]
        }
    ]
}