{
    "hook_path": "models/hook/Hook_60#1/base.urdf",
    "obj_path": "models/geo_data/hanging_exp/daily_5/base.urdf",
    "hook_pose": [
        0.5,
        -0.1,
        1.3,
        4.329780281177466e-17,
        0.7071067811865475,
        0.7071067811865476,
        4.329780281177467e-17
    ],
    "contact_info": [
        {
            "contact_point_hook": [
                0.0025982628775589878,
                0.0023536038659066616,
                0.02078062516556817,
                1.0
            ],
            "contact_point_obj": [
                0.004799873771946989,
                0.0021446142359391462,
                0.041428097918282614,
                1.0
            ],
            "obj_pose": [
                0.5050236990579812,
                -0.08065953056309234,
                1.2613199944304108,
                -0.016047255611821434,
                -0.08442646178809121,
                0.6560681066880586,
                0.7497928364048426
            ]
        }
    ]
}