{
    "hook_path": "models/hook_1120/Hook84#4/base.urdf",
    "obj_path": "models/geo_data/hanging_exp/daily_5/base.urdf",
    "hook_pose": [
        0.5,
        -0.1,
        1.3,
        0.0,
        0.0,
        -0.7071067811865475,
        0.7071067811865476
    ],
    "contact_info": [
        {
            "contact_point_hook": [
                -0.014416118974503067,
                0.0015147751150582645,
                -0.02646551638468586,
                1.0
            ],
            "contact_point_obj": [
                0.0015299179958588177,
                0.0008649523928672721,
                0.041239401008683396,
                1.0
            ],
            "obj_pose": [
                0.48723178388642824,
                -0.08147976834095833,
                1.235025661146866,
                0.13718514621507963,
                -0.11414707062783747,
                0.8484416047138429,
                -0.4982946169844001
            ]
        }
    ]
}