{
    "hook_path": "models/hook/Hook209#19/base.urdf",
    "obj_path": "models/geo_data/hanging_exp/daily_5/base.urdf",
    "hook_pose": [
        0.5,
        -0.1,
        1.3,
        0.0,
        0.0,
        -0.7071067811865475,
        0.7071067811865476
    ],
    "contact_info": [
        {
            "contact_point_hook": [
                -0.006769056470450134,
                -0.0029421011129369123,
                -0.04437256584922178,
                1.0
            ],
            "contact_point_obj": [
                0.0016753166521357166,
                0.006710727369607872,
                0.04004026958191331,
                1.0
            ],
            "obj_pose": [
                0.4998561720149812,
                -0.0939906389444755,
                1.2150977380467542,
                0.0447544314321548,
                0.022080308783737016,
                0.6775554148112342,
                0.7337766422360253
            ]
        }
    ]
}