{
    "hook_path": "models/hook/Hook12#9/base.urdf",
    "obj_path": "models/geo_data/hanging_exp/daily_5/base.urdf",
    "hook_pose": [
        0.5,
        -0.1,
        1.3,
        0.5,
        -0.4999999999999999,
        -0.5,
        0.5000000000000001
    ],
    "contact_info": [
        {
            "contact_point_hook": [
                0.0016400567164266825,
                0.023309944705976138,
                0.0010001973061331548,
                1.0
            ],
            "contact_point_obj": [
                0.003336568725656408,
                0.004296071853746919,
                0.03915142937651006,
                1.0
            ],
            "obj_pose": [
                0.4686929083410873,
                -0.09717919644432205,
                1.2983296279189607,
                0.4236918053812159,
                0.23981334475655683,
                0.6581753348486521,
                0.5742647841600105
            ]
        }
    ]
}