{
    "hook_path": "models/hook/Hook186#9/base.urdf",
    "obj_path": "models/geo_data/hanging_exp/daily_5/base.urdf",
    "hook_pose": [
        0.5,
        -0.1,
        1.3,
        -0.5,
        0.5,
        0.4999999999999999,
        0.5000000000000001
    ],
    "contact_info": [
        {
            "contact_point_hook": [
                -0.01737332041220463,
                0.0006565217566710246,
                0.008660375652473129,
                1.0
            ],
            "contact_point_obj": [
                0.0027512306904179454,
                0.004845973909320567,
                0.04111763535156143,
                1.0
            ],
            "obj_pose": [
                0.49814026974721864,
                -0.0953505953477624,
                1.2760916408037408,
                0.03937120603248944,
                0.05725984724557962,
                0.6629896214141209,
                0.7453965252978584
            ]
        }
    ]
}