{
    "hook_path": "models/hook/Hook44#6/base.urdf",
    "obj_path": "models/geo_data/hanging_exp/daily_5/base.urdf",
    "hook_pose": [
        0.5,
        -0.1,
        1.3,
        0.0,
        0.0,
        -0.7071067811865475,
        0.7071067811865476
    ],
    "contact_info": [
        {
            "contact_point_hook": [
                0.0037119799321126967,
                -0.0009688579564413047,
                -0.043078339958275924,
                1.0
            ],
            "contact_point_obj": [
                -4.2053017073551135e-05,
                -0.0025581079828301267,
                0.040875111547727716,
                1.0
            ],
            "obj_pose": [
                0.502853531842472,
                -0.10690894919008746,
                1.2162708402131404,
                -0.007705025706023312,
                0.029114908828672244,
                0.8769211007885479,
                -0.47968983484598576
            ]
        }
    ]
}