{
    "hook_path": "models/hook/Hook2#6/base.urdf",
    "obj_path": "models/geo_data/hanging_exp/daily_5/base.urdf",
    "hook_pose": [
        0.5,
        -0.1,
        1.3,
        0.0,
        0.0,
        -0.7071067811865475,
        0.7071067811865476
    ],
    "contact_info": [
        {
            "contact_point_hook": [
                -0.015610780005578322,
                -0.005850161523421105,
                -0.011851421481474889,
                1.0
            ],
            "contact_point_obj": [
                0.0001342668945905623,
                -0.004758100357788675,
                0.03952006035746636,
                1.0
            ],
            "obj_pose": [
                0.5028686445113016,
                -0.08361863340011579,
                1.2493171307615702,
                0.030129118851793094,
                -0.04251751418657133,
                -0.6335557310087635,
                0.7719401744245215
            ]
        }
    ]
}