{
    "hook_path": "models/hook/Hook35#17/base.urdf",
    "obj_path": "models/geo_data/hanging_exp/daily_5/base.urdf",
    "hook_pose": [
        0.5,
        -0.1,
        1.3,
        0.0,
        0.0,
        -0.7071067811865475,
        0.7071067811865476
    ],
    "contact_info": [
        {
            "contact_point_hook": [
                0.00017114854871171117,
                0.0010812250356112552,
                0.025159242240121893,
                1.0
            ],
            "contact_point_obj": [
                -0.002243320983584287,
                0.002223665893692328,
                0.040870674766879445,
                1.0
            ],
            "obj_pose": [
                0.48717814640352086,
                -0.10257981391416116,
                1.2866716861908039,
                -0.10534582745883936,
                0.09982468345627507,
                -0.7060027273875001,
                0.6931792251151776
            ]
        }
    ]
}