{
    "hook_path": "models/hook/Hook209#16/base.urdf",
    "obj_path": "models/geo_data/hanging_exp/daily_5/base.urdf",
    "hook_pose": [
        0.5,
        -0.1,
        1.3,
        0.0,
        0.0,
        -0.7071067811865475,
        0.7071067811865476
    ],
    "contact_info": [
        {
            "contact_point_hook": [
                -0.006729142820906211,
                0.0032508871181949894,
                -0.04290229627745057,
                1.0
            ],
            "contact_point_obj": [
                0.003150934909900857,
                -0.0009260134140081089,
                0.040931232319558086,
                1.0
            ],
            "obj_pose": [
                0.5005761071298612,
                -0.09627999761950054,
                1.2162327762581469,
                0.008366311850445883,
                0.011757040756796606,
                0.6376924222019009,
                0.7701559267349285
            ]
        }
    ]
}