{
    "hook_path": "models/hook/Hook15/base.urdf",
    "obj_path": "models/geo_data/hanging_exp/daily_5/base.urdf",
    "hook_pose": [
        0.5,
        -0.1,
        1.3,
        0.0,
        0.0,
        -0.7071067811865475,
        0.7071067811865476
    ],
    "contact_info": [
        {
            "contact_point_hook": [
                -0.005096899284479887,
                -0.004615380097676536,
                0.006954154873079155,
                1.0
            ],
            "contact_point_obj": [
                -0.00012632957511399603,
                0.004802070271546555,
                0.040493994355912166,
                1.0
            ],
            "object_pose": [
                0.5005016241164203,
                -0.09566874618962555,
                1.2665057992596311,
                -0.00813085004977864,
                0.0022992554757663153,
                0.6857694500115427,
                0.7277697878674213
            ]
        }
    ]
}