{
    "hook_path": "models/hook/Hook12#16/base.urdf",
    "obj_path": "models/geo_data/hanging_exp/daily_5/base.urdf",
    "hook_pose": [
        0.5,
        -0.1,
        1.3,
        0.5,
        -0.4999999999999999,
        -0.5,
        0.5000000000000001
    ],
    "contact_info": [
        {
            "contact_point_hook": [
                0.013996127790994961,
                0.023663030429505127,
                -0.00212408152255239,
                1.0
            ],
            "contact_point_obj": [
                -0.004325351239918729,
                -0.0008446337111546187,
                0.048469709345368095,
                1.0
            ],
            "obj_pose": [
                0.5019234611078907,
                -0.08170798460002494,
                1.2872464084800739,
                0.21827953073231657,
                -0.22406520350803247,
                0.6664950693196825,
                0.676707583534229
            ]
        }
    ]
}