{
    "hook_path": "models/hook/Hook_bar#6/base.urdf",
    "obj_path": "models/geo_data/hanging_exp/daily_5/base.urdf",
    "hook_pose": [
        0.5,
        -0.1,
        1.3,
        4.329780281177466e-17,
        0.7071067811865475,
        0.7071067811865476,
        4.329780281177467e-17
    ],
    "contact_info": [
        {
            "contact_point_hook": [
                0.004858496865295325,
                -0.002791393172078882,
                0.02512545357320148,
                1.0
            ],
            "contact_point_obj": [
                0.0005729934854578067,
                -0.005070671413215155,
                0.04008428395223551,
                1.0
            ],
            "obj_pose": [
                0.5015464045945297,
                -0.07619310547112146,
                1.2573334455189662,
                -0.031232052681390943,
                -0.004607158183714068,
                0.9013743523383113,
                -0.431888423004677
            ]
        }
    ]
}