{
    "hook_path": "models/hook/Hook44#13/base.urdf",
    "obj_path": "models/geo_data/hanging_exp/daily_5/base.urdf",
    "hook_pose": [
        0.5,
        -0.1,
        1.3,
        0.0,
        0.0,
        -0.7071067811865475,
        0.7071067811865476
    ],
    "contact_info": [
        {
            "contact_point_hook": [
                0.004738449834802941,
                0.0004684910433281342,
                -0.03769272505788335,
                1.0
            ],
            "contact_point_obj": [
                -0.002150695853775725,
                0.0008286784218127785,
                0.04109495884558134,
                1.0
            ],
            "obj_pose": [
                0.5000392981130432,
                -0.10775346815656843,
                1.2212605539884247,
                0.0015344534992632172,
                -0.019742357146217714,
                -0.8127383316306626,
                0.5822922711877407
            ]
        }
    ]
}