{
    "hook_path": "models/hook/Hook15#16/base.urdf",
    "obj_path": "models/geo_data/hanging_exp/daily_5/base.urdf",
    "hook_pose": [
        0.5,
        -0.1,
        1.3,
        0.0,
        0.0,
        -0.7071067811865475,
        0.7071067811865476
    ],
    "contact_info": [
        {
            "contact_point_hook": [
                -0.009478881856636964,
                -0.0012496694984621137,
                0.010719778663963675,
                1.0
            ],
            "contact_point_obj": [
                -0.004713924318654177,
                -0.0018858531202121664,
                0.04325773475650396,
                1.0
            ],
            "obj_pose": [
                0.5040058695197985,
                -0.09561245531598203,
                1.2677841671490533,
                0.023515391398766898,
                -0.030557189719208573,
                -0.7014073496092662,
                0.7117169482581764
            ]
        }
    ]
}