{
    "hook_path": "models/hook_1120/Hook15#2/base.urdf",
    "obj_path": "models/geo_data/hanging_exp/daily_5/base.urdf",
    "hook_pose": [
        0.5,
        -0.1,
        1.3,
        0.0,
        0.0,
        -0.7071067811865475,
        0.7071067811865476
    ],
    "contact_info": [
        {
            "contact_point_hook": [
                -0.008464012414371974,
                -0.0012972574322600572,
                0.011072563968410165,
                1.0
            ],
            "contact_point_obj": [
                -0.004658918091847618,
                -0.0025752331745650947,
                0.04308450706703848,
                1.0
            ],
            "obj_pose": [
                0.5029896765858651,
                -0.09577195569468314,
                1.2680808105289083,
                0.016356426619903233,
                -0.010432874460527026,
                -0.7005233049903892,
                0.7133657698572737
            ]
        }
    ]
}