{
    "hook_path": "models/hook_all_new/Hook_my_bar_easy/base.urdf",
    "obj_path": "models/geo_data/hanging_exp/wrench_1/base.urdf",
    "hook_pose": [
        0.5,
        -0.1,
        1.3,
        4.329780281177466e-17,
        0.7071067811865475,
        0.7071067811865476,
        4.329780281177467e-17
    ],
    "contact_info": [
        {
            "contact_point_hook": [
                -0.001299486545134676,
                -0.0031483972001142835,
                0.020895533115873045,
                1.0
            ],
            "obj_pose": [
                0.49990935971108025,
                -0.08462059455882713,
                1.1498905889759046,
                0.720488981518544,
                0.008224114128939742,
                0.6934150770504708,
                0.00187679947121202
            ],
            "contact_point_obj": [
                0.14697115026741736,
                -0.0034288850892256785,
                -0.0041980278021739315,
                1.0
            ]
        }
    ],
    "initial_pose": [
        {
            "robot_pose": [
                0.5045230388641357,
                0.031122159212827682,
                1.2512346506118774,
                0.7119388580322266,
                -0.06998702138662338,
                0.6979336738586426,
                0.03366854414343834
            ],
            "obj_pose": [
                0.5285181448850158,
                0.019651121226585293,
                1.1555686015609492,
                0.7188526512338688,
                0.015792059898167825,
                0.6949814557402987,
                0.0015009448044289802
            ]
        },
        {
            "robot_pose": [
                0.4776169864533588,
                0.031841734899660384,
                1.2190894448480842,
                0.7071629030085136,
                -0.07035393747339633,
                0.7025408806478354,
                0.03751350568961594
            ],
            "obj_pose": [
                0.5027520012258222,
                0.019651121226585293,
                1.123805853726047,
                0.7144586217354446,
                0.015596738456000072,
                0.6994789271419568,
                0.005903394088228182
            ]
        },
        {
            "robot_pose": [
                0.4732133527381549,
                0.030072554088867207,
                1.254149039913916,
                0.7073458504011231,
                -0.0617945529906678,
                0.7038127075332626,
                0.022157478550003867
            ],
            "obj_pose": [
                0.4990222913797461,
                0.019651121226585293,
                1.1588356872830214,
                0.7130418406660746,
                0.024329031975473658,
                0.7006375356974495,
                -0.009299206120848176
            ]
        },
        {
            "robot_pose": [
                0.47748568276682946,
                0.029684447221636927,
                1.2815443603852423,
                0.7071399733160767,
                -0.07906477380463876,
                0.7020019936914744,
                0.02991689380525221
            ],
            "obj_pose": [
                0.5026966105244152,
                0.019651121226585293,
                1.1860295224932764,
                0.7141449139925954,
                0.006924971997895186,
                0.6999614816888875,
                -0.0017351464589758705
            ]
        },
        {
            "robot_pose": [
                0.5006581958089168,
                0.027877721378942316,
                1.2795247697150751,
                0.7110172666526227,
                -0.07755966736132702,
                0.6986279214701168,
                0.01892014436990557
            ],
            "obj_pose": [
                0.5252135036549731,
                0.019651121226585293,
                1.1836670487273093,
                0.7170151169383011,
                0.0083655328666811,
                0.6968837509808805,
                -0.013129263521953208
            ]
        },
        {
            "robot_pose": [
                0.5328179754622265,
                0.029232041151675228,
                1.2834252188748738,
                0.7107834304347834,
                -0.07480909420643993,
                0.6989664090961091,
                0.025228424418972835
            ],
            "obj_pose": [
                0.5573031159469704,
                0.019651121226585293,
                1.1876754061581845,
                0.717198868205398,
                0.01108366249634619,
                0.6967472476615288,
                -0.006797701570937336
            ]
        },
        {
            "robot_pose": [
                0.5344905623723497,
                0.029505507915975997,
                1.2490600316033078,
                0.720201410616817,
                -0.07831705365179292,
                0.688667365320938,
                0.030226266636273473
            ],
            "obj_pose": [
                0.5561412835414504,
                0.019651121226585293,
                1.1526573340150996,
                0.7270635933546199,
                0.007075571163224985,
                0.6865269896432421,
                -0.0030265495816032537
            ]
        },
        {
            "robot_pose": [
                0.5362491333060251,
                0.02753187100176975,
                1.219901530980257,
                0.713544632001957,
                -0.07170888608166683,
                0.6967949068838619,
                0.01373868766762884
            ],
            "obj_pose": [
                0.5603994224152921,
                0.019651121226585293,
                1.1239119477674444,
                0.7188619109858218,
                0.014171502027435796,
                0.6947612857870119,
                -0.018533138851164088
            ]
        },
        {
            "robot_pose": [
                0.5095291593549023,
                0.030442630470492005,
                1.2210896165776104,
                0.712002783673541,
                -0.07621939431537925,
                0.6972294108589495,
                0.033373471569610846
            ],
            "obj_pose": [
                0.5333692317601337,
                0.019651121226585293,
                1.1253058129237477,
                0.7191318043551415,
                0.009532069694746842,
                0.6948073829175947,
                0.0011350134166590027
            ]
        }
    ]
}