{
    "hook_path": "models/hook_all_new/Hook_my_bar_easy/base.urdf",
    "obj_path": "models/geo_data/hanging_exp/mug_64/base.urdf",
    "hook_pose": [
        0.5,
        -0.1,
        1.3,
        4.329780281177466e-17,
        0.7071067811865475,
        0.7071067811865476,
        4.329780281177467e-17
    ],
    "contact_info": [
        {
            "contact_point_hook": [
                -0.0009811327693564076,
                -0.0030778960209409956,
                0.03844712434447652,
                1.0
            ],
            "obj_pose": [
                0.49452093139242226,
                -0.06310759902884348,
                1.2449411749038057,
                0.6186232402430079,
                -0.3676846715336288,
                0.4151644057544679,
                0.5565534881257945
            ],
            "contact_point_obj": [
                0.05047260794033415,
                0.01382856227643895,
                -0.00273039689286593,
                1.0
            ]
        }
    ],
    "initial_pose": [
        {
            "robot_pose": [
                0.4760100245475769,
                0.03573913499712944,
                1.2598553895950317,
                0.7708679437637329,
                -0.03900855779647827,
                0.6341916918754578,
                0.04518808051943779
            ],
            "obj_pose": [
                0.5214637746591771,
                0.008532843324323193,
                1.2513111717885468,
                0.5510649899915455,
                -0.4699669345158616,
                0.3896798026835465,
                0.5688656332104216
            ]
        },
        {
            "robot_pose": [
                0.44472041964681713,
                0.03554088350442916,
                1.2284868312064108,
                0.7615382021311853,
                -0.03899733348823527,
                0.6455569236968062,
                0.04236782910092941
            ],
            "obj_pose": [
                0.4905135389470314,
                0.008532843324323193,
                1.2212214782139963,
                0.5468964758242626,
                -0.4777608365964377,
                0.398280581804756,
                0.5603761289553103
            ]
        },
        {
            "robot_pose": [
                0.4465778805709865,
                0.03648862735980338,
                1.2626429290224046,
                0.7760345257881154,
                -0.04434273840197606,
                0.6270317286514082,
                0.05133563674734608
            ],
            "obj_pose": [
                0.4914261068132558,
                0.008532843324323193,
                1.2533509913556915,
                0.5501505833921312,
                -0.4690830367353548,
                0.3805751412435371,
                0.5765917117925798
            ]
        },
        {
            "robot_pose": [
                0.44217192324409116,
                0.03599360618558431,
                1.2898580717918378,
                0.765639682221778,
                -0.039868387056628596,
                0.640231563977347,
                0.048061764511489226
            ],
            "obj_pose": [
                0.48762195689124865,
                0.008532843324323193,
                1.2821489662491632,
                0.545613099240785,
                -0.474939886605088,
                0.393650182679321,
                0.5672547784945919
            ]
        },
        {
            "robot_pose": [
                0.47776479325735327,
                0.037068270842889474,
                1.2904040172312436,
                0.7816186630817814,
                -0.03813620270994217,
                0.6192303897363075,
                0.06458807933462558
            ],
            "obj_pose": [
                0.5222107958811921,
                0.008532843324323193,
                1.2809429606933813,
                0.544528502390387,
                -0.4598306280394231,
                0.3790120074268312,
                0.5902494403450423
            ]
        },
        {
            "robot_pose": [
                0.5069346409544183,
                0.036138519169285385,
                1.2881275532282341,
                0.7713833694049161,
                -0.05123146273373481,
                0.6329969684293655,
                0.040716981603670016
            ],
            "obj_pose": [
                0.5520162200623698,
                0.008532843324323193,
                1.2789184680405161,
                0.5545195421904962,
                -0.47766965165655384,
                0.38029739965177406,
                0.5654322850998587
            ]
        },
        {
            "robot_pose": [
                0.5031978447526524,
                0.03512698175739297,
                1.2620927331121434,
                0.7664729974113382,
                -0.028508595631427044,
                0.640027558126184,
                0.04550965890266351
            ],
            "obj_pose": [
                0.5491903687909799,
                0.008532843324323193,
                1.2545648584250322,
                0.5479503870701419,
                -0.46653972289683676,
                0.40138178885177855,
                0.5665542514597969
            ]
        },
        {
            "robot_pose": [
                0.5104808506846028,
                0.03521090135367821,
                1.2320938400872266,
                0.778745577012632,
                -0.030558844261036434,
                0.6249923360533297,
                0.04478909683499346
            ],
            "obj_pose": [
                0.5560693650652577,
                0.008532843324323193,
                1.2226493739792115,
                0.556520158984515,
                -0.45747227215667374,
                0.38860007569366295,
                0.5744514026639154
            ]
        },
        {
            "robot_pose": [
                0.4730020605717363,
                0.036901181019683586,
                1.2286976058644827,
                0.7660187454488392,
                -0.04255143560678944,
                0.6387106925998054,
                0.05876485435585473
            ],
            "obj_pose": [
                0.5179256310413674,
                0.008532843324323193,
                1.2211916351490888,
                0.5383633121467147,
                -0.47631592642431225,
                0.39064896791160714,
                0.575049098980743
            ]
        }
    ]
}