{
    "hook_path": "models/hook_all_new/Hook_my_bar_easy/base.urdf",
    "obj_path": "models/geo_data/hanging_exp/scissor_4/base.urdf",
    "hook_pose": [
        0.5,
        -0.1,
        1.3,
        4.329780281177466e-17,
        0.7071067811865475,
        0.7071067811865476,
        4.329780281177467e-17
    ],
    "contact_info": [
        {
            "contact_point_hook": [
                -0.0025154725965523816,
                -0.003082581521326677,
                0.04008005849908902,
                1.0
            ],
            "obj_pose": [
                0.5044822346152311,
                -0.06185691337098334,
                1.2270273695653542,
                -0.0108303183448967,
                -0.8581145641688339,
                -0.008822284840654011,
                0.5132682205787449
            ],
            "contact_point_obj": [
                0.06252700971338798,
                0.002163039197545208,
                -0.031271924592219724,
                1.0
            ]
        }
    ],
    "initial_pose": [
        {
            "robot_pose": [
                0.47985368967056274,
                0.043949708342552185,
                1.2411751747131348,
                0.7120644450187683,
                -0.06480874866247177,
                0.698456883430481,
                0.030365830287337303
            ],
            "obj_pose": [
                0.5187188516565314,
                0.0328296053499539,
                1.2397832326725016,
                0.003976396499547957,
                -0.7847282042689436,
                -0.006592148901338743,
                0.6197922049111136
            ]
        },
        {
            "robot_pose": [
                0.4475668389066189,
                0.04397453650523509,
                1.2062959979365993,
                0.707846384318406,
                -0.07624601646750709,
                0.7019640431304296,
                0.01966019664643475
            ],
            "obj_pose": [
                0.4864304287434334,
                0.0328296053499539,
                1.2050684377767877,
                0.012820160007546034,
                -0.7885419368968255,
                -0.019054001982517783,
                0.6145520338106725
            ]
        },
        {
            "robot_pose": [
                0.4492861121445475,
                0.044329128459435894,
                1.2449348721059932,
                0.7050439310555136,
                -0.07850535054918757,
                0.7044098265004801,
                0.023595795102114528
            ],
            "obj_pose": [
                0.48805459749173424,
                0.0328296053499539,
                1.2440072291005637,
                0.008429594920834354,
                -0.7907296535092789,
                -0.020655312861286045,
                0.6117588700142963
            ]
        },
        {
            "robot_pose": [
                0.447787052915963,
                0.0436560513582189,
                1.2690263709347853,
                0.7228940361158405,
                -0.053526388646226934,
                0.6879284886398531,
                0.0362426928404946
            ],
            "obj_pose": [
                0.4866873466026062,
                0.0328296053499539,
                1.2666493502514318,
                0.0004036362388217022,
                -0.7748478962802762,
                0.004692609059419502,
                0.6321301718222542
            ]
        },
        {
            "robot_pose": [
                0.48265328508790634,
                0.04289582487265397,
                1.2746566849002832,
                0.7167752594419822,
                -0.0538084909432615,
                0.6948633831766732,
                0.022422142505927386
            ],
            "obj_pose": [
                0.5217880436955017,
                0.0328296053499539,
                1.272857545480417,
                0.013569977349181429,
                -0.7810859085486035,
                0.003096668080997245,
                0.6242684277042541
            ]
        },
        {
            "robot_pose": [
                0.5111267396693554,
                0.04344063265521155,
                1.271056901282831,
                0.7197251384208024,
                -0.05626681787104651,
                0.6913333588549291,
                0.02979861181640742
            ],
            "obj_pose": [
                0.5501014543955882,
                0.0328296053499539,
                1.2689420204488566,
                0.006192499075922666,
                -0.7780636091889421,
                0.0013751873936176703,
                0.62815346999814
            ]
        },
        {
            "robot_pose": [
                0.508616910543734,
                0.04386433026938505,
                1.2371846130324309,
                0.7075011430342495,
                -0.06731908784086942,
                0.7030107326492474,
                0.026195091094933724
            ],
            "obj_pose": [
                0.5475194593847361,
                0.0328296053499539,
                1.236224639578634,
                0.0074392308366616035,
                -0.7888704528238251,
                -0.009331060970172129,
                0.6144436490088111
            ]
        },
        {
            "robot_pose": [
                0.5125061616553682,
                0.044218799981600734,
                1.2094620134851277,
                0.7117799006651037,
                -0.07388509144393728,
                0.6980020318476199,
                0.026524136330713866
            ],
            "obj_pose": [
                0.5512866969158735,
                0.0328296053499539,
                1.2078963379257475,
                0.006625011467395155,
                -0.7848927469977665,
                -0.016090582877288772,
                0.6193872601822112
            ]
        },
        {
            "robot_pose": [
                0.47575242697134834,
                0.04404882977899812,
                1.213722102061286,
                0.7180676672917632,
                -0.06825528954489295,
                0.6920022146651712,
                0.02920574494524867
            ],
            "obj_pose": [
                0.5145547139106429,
                0.0328296053499539,
                1.2115758166894282,
                0.0051571934090980116,
                -0.779337051972625,
                -0.010533887080052142,
                0.6264951715709739
            ]
        }
    ]
}