{
    "hook_path": "models/hook_all_new/Hook_my_bar_easy/base.urdf",
    "obj_path": "models/geo_data/hanging_exp/mug_67/base.urdf",
    "hook_pose": [
        0.5,
        -0.1,
        1.3,
        4.329780281177466e-17,
        0.7071067811865475,
        0.7071067811865476,
        4.329780281177467e-17
    ],
    "contact_info": [
        {
            "contact_point_hook": [
                -0.0024949208797546696,
                -0.003005991795450802,
                0.040476985279325875,
                1.0
            ],
            "contact_point_obj": [
                0.05702916213751874,
                0.007189825959489693,
                -0.0007481439897550693,
                1.0
            ],
            "obj_pose": [
                0.5023319494944404,
                -0.0602297559107521,
                1.2395131191362478,
                0.5528898590416014,
                -0.44139895378348776,
                0.49080521955802914,
                0.5085174567528586
            ]
        }
    ],
    "initial_pose": [
        {
            "robot_pose": [
                0.5080743432044983,
                0.0704059824347496,
                1.2635838985443115,
                0.7132552862167358,
                -0.05430756136775017,
                0.6974824070930481,
                0.04284849762916565
            ],
            "obj_pose": [
                0.5410443767333645,
                0.0345240144169453,
                1.2642515152466456,
                0.4482897232431532,
                -0.469077253233708,
                0.5434717844944235,
                0.532579828750342
            ]
        },
        {
            "robot_pose": [
                0.48198308175361987,
                0.07046048807751984,
                1.2320763736286484,
                0.7156625083781673,
                -0.043714525518398925,
                0.694850242261927,
                0.055671852754441274
            ],
            "obj_pose": [
                0.5148650019806993,
                0.0345240144169453,
                1.2336039975383009,
                0.44146488606263645,
                -0.4582646638549757,
                0.5481938957782024,
                0.5427575009772844
            ]
        },
        {
            "robot_pose": [
                0.48034777919972543,
                0.07018222269264393,
                1.26303582063099,
                0.7112147328940223,
                -0.06171955614331238,
                0.6996080556074706,
                0.030213715976212346
            ],
            "obj_pose": [
                0.5135663210138957,
                0.0345240144169453,
                1.2629643077395225,
                0.45518612235894507,
                -0.47715017358340317,
                0.540489009552708,
                0.5224987429782856
            ]
        },
        {
            "robot_pose": [
                0.47939980697075885,
                0.0706784934155643,
                1.2980545807461985,
                0.7132021918760897,
                -0.06623700096835759,
                0.6968699368225023,
                0.036436031052527955
            ],
            "obj_pose": [
                0.5120767656810786,
                0.0345240144169453,
                1.2978211935807487,
                0.4529755661461501,
                -0.4781258619257458,
                0.5353998221495203,
                0.5287303916691374
            ]
        },
        {
            "robot_pose": [
                0.5098421513149074,
                0.0705743670053078,
                1.2978274800216003,
                0.7200807705221334,
                -0.05596810799149184,
                0.6901705731267421,
                0.04489804897774303
            ],
            "obj_pose": [
                0.5426347750953958,
                0.0345240144169453,
                1.2978086217975453,
                0.4527154628564608,
                -0.4650736269367048,
                0.5374100502566465,
                0.5384660333779169
            ]
        },
        {
            "robot_pose": [
                0.5358577394122354,
                0.07095997867710817,
                1.298508448916646,
                0.7152636864776111,
                -0.0708775622005078,
                0.6942120004688817,
                0.03799905772468908
            ],
            "obj_pose": [
                0.5682154766302361,
                0.0345240144169453,
                1.297890547347245,
                0.4538855574283114,
                -0.47963387906867844,
                0.5304725211270611,
                0.5315431752328525
            ]
        },
        {
            "robot_pose": [
                0.541063680794091,
                0.06996780369132688,
                1.2610532571528874,
                0.7097480078423644,
                -0.0391029661988713,
                0.7015997686154138,
                0.04986469770331298
            ],
            "obj_pose": [
                0.5744452161281023,
                0.0345240144169453,
                1.2631497667292813,
                0.4401285740856715,
                -0.4599736880275516,
                0.5559971910219151,
                0.5343951423538448
            ]
        },
        {
            "robot_pose": [
                0.5423037536083191,
                0.07081399363499069,
                1.232449692634804,
                0.7048075438927575,
                -0.053968247529885285,
                0.7053981813805446,
                0.052413357414235244
            ],
            "obj_pose": [
                0.5747722299675782,
                0.0345240144169453,
                1.2344041498608889,
                0.43500564235614175,
                -0.4735540809006591,
                0.5485382923800497,
                0.534436493302461
            ]
        },
        {
            "robot_pose": [
                0.5083324101879074,
                0.07017125475057409,
                1.2363060018970264,
                0.7127143178469859,
                -0.06614774713801429,
                0.6978578719465399,
                0.025635273486298134
            ],
            "obj_pose": [
                0.5415562376964056,
                0.0345240144169453,
                1.2356457034276984,
                0.4596352183548625,
                -0.4796329970362374,
                0.5365656995552286,
                0.5203699686403154
            ]
        }
    ]
}