{
    "hook_path": "models/hook_1120/Hook_60#13/base.urdf",
    "obj_path": "models/geo_data/hanging_exp/daily_5/base.urdf",
    "hook_pose": [
        0.5,
        -0.1,
        1.3,
        4.329780281177466e-17,
        0.7071067811865475,
        0.7071067811865476,
        4.329780281177467e-17
    ],
    "contact_info": [
        {
            "contact_point_hook": [
                0.020009084181792758,
                -0.02111478392921695,
                0.008437032750465989,
                1.0
            ],
            "contact_point_obj": [
                -0.012687207021645996,
                0.01768863648780522,
                0.01554018342259389,
                1.0
            ],
            "obj_pose": [
                0.4976877318239441,
                -0.08114024270985298,
                1.2617522099117722,
                0.04853460414078654,
                0.02814845915543218,
                0.649432521886089,
                0.7583465276275395
            ]
        }
    ]
}