{
    "hook_path": "models/hook/Hook2#7/base.urdf",
    "obj_path": "models/geo_data/hanging_exp/daily_5/base.urdf",
    "hook_pose": [
        0.5,
        -0.1,
        1.3,
        0.0,
        0.0,
        -0.7071067811865475,
        0.7071067811865476
    ],
    "contact_info": [
        {
            "contact_point_hook": [
                -0.0035566021707689756,
                -0.0048983371430444955,
                -0.010125634395765415,
                1.0
            ],
            "contact_point_obj": [
                -0.012090298999982318,
                -0.007436993106740397,
                0.041993449499871716,
                1.0
            ],
            "obj_pose": [
                0.4989650726175551,
                -0.10886312709593482,
                1.247497976102055,
                -0.0017883554766669886,
                0.01570115517863235,
                -0.7757373873373526,
                0.6308579724452752
            ]
        }
    ]
}