{
    "hook_path": "models/hook_1120/Hook47#23/base.urdf",
    "obj_path": "models/geo_data/hanging_exp/daily_5/base.urdf",
    "hook_pose": [
        0.5,
        -0.1,
        1.3,
        0.0,
        0.0,
        -0.7071067811865475,
        0.7071067811865476
    ],
    "contact_info": [
        {
            "contact_point_hook": [
                -0.0008276911560304346,
                0.04190814388283104,
                -0.05345965115348972,
                1.0
            ],
            "contact_point_obj": [
                -0.002410315832297616,
                -0.011754108904436844,
                0.029150830206659428,
                1.0
            ],
            "obj_pose": [
                0.5318414686758176,
                -0.092627081458483,
                1.2173931079987892,
                0.03316192476541661,
                -0.07893720224173732,
                0.7206033930025741,
                0.6880406636538844
            ]
        }
    ]
}