{
    "hook_path": "models/hook/Hook_bar#5/base.urdf",
    "obj_path": "models/geo_data/hanging_exp/daily_5/base.urdf",
    "hook_pose": [
        0.5,
        -0.1,
        1.3,
        4.329780281177466e-17,
        0.7071067811865475,
        0.7071067811865476,
        4.329780281177467e-17
    ],
    "contact_info": [
        {
            "contact_point_hook": [
                -0.0013335149419202441,
                -0.0018584324379156136,
                0.0233099219898775,
                1.0
            ],
            "contact_point_obj": [
                -0.00382927117729312,
                0.0037090975463581755,
                0.04087761225006892,
                1.0
            ],
            "obj_pose": [
                0.49200949345187805,
                -0.0791256092879541,
                1.258060016740384,
                -0.03705209834204881,
                0.06027183624770216,
                -0.7086353526452792,
                0.7020187923019455
            ]
        }
    ]
}