{
    "hook_path": "models/hook/Hook_180#16/base.urdf",
    "obj_path": "models/geo_data/hanging_exp/daily_5/base.urdf",
    "hook_pose": [
        0.5,
        -0.1,
        1.3,
        4.329780281177466e-17,
        0.7071067811865475,
        0.7071067811865476,
        4.329780281177467e-17
    ],
    "contact_info": [
        {
            "contact_point_hook": [
                -0.003220092461741486,
                -0.015172224568221981,
                0.03392212027781508,
                1.0
            ],
            "contact_point_obj": [
                -0.0026218763999728556,
                0.0029958443438302673,
                0.04135768955772767,
                1.0
            ],
            "obj_pose": [
                0.4997623027598289,
                -0.06979846751873071,
                1.2435905504818845,
                -0.013295488906119144,
                3.560650967247094e-05,
                -0.6707889485428984,
                0.741529106117647
            ]
        }
    ]
}