{
    "hook_path": "models/hook/Hook57#7/base.urdf",
    "obj_path": "models/geo_data/hanging_exp/daily_5/base.urdf",
    "hook_pose": [
        0.5,
        -0.1,
        1.3,
        0.0,
        0.0,
        -0.7071067811865475,
        0.7071067811865476
    ],
    "contact_info": [
        {
            "contact_point_hook": [
                -0.012694874370708084,
                0.0029969403747381884,
                -0.029650001035397944,
                1.0
            ],
            "contact_point_obj": [
                -0.005171360950929814,
                0.003083816953276197,
                0.04494396152279312,
                1.0
            ],
            "obj_pose": [
                0.5013666114913967,
                -0.09241276481683841,
                1.225322600326546,
                0.009543126193412762,
                -0.004539655868984604,
                -0.6678314291878709,
                0.7442375309374915
            ]
        }
    ]
}