{
    "hook_path": "models/hook_1120/Hook145#14/base.urdf",
    "obj_path": "models/geo_data/hanging_exp/daily_5/base.urdf",
    "hook_pose": [
        0.5,
        -0.1,
        1.3,
        0.0,
        0.0,
        -0.7071067811865475,
        0.7071067811865476
    ],
    "contact_info": [
        {
            "contact_point_hook": [
                -0.03200367457550174,
                0.004082909466273876,
                0.062238837476987774,
                1.0
            ],
            "contact_point_obj": [
                -0.003182445765144648,
                -0.0028397076890083195,
                0.04049195895144053,
                1.0
            ],
            "obj_pose": [
                0.4978073205595674,
                -0.06824711967644387,
                1.322010181935826,
                0.016018939172130046,
                0.026294400454147267,
                0.8840393578257698,
                0.46639726833200584
            ]
        }
    ]
}