{
    "hook_path": "models/hook/Hook145#18/base.urdf",
    "obj_path": "models/geo_data/hanging_exp/daily_5/base.urdf",
    "hook_pose": [
        0.5,
        -0.1,
        1.3,
        0.0,
        0.0,
        -0.7071067811865475,
        0.7071067811865476
    ],
    "contact_info": [
        {
            "contact_point_hook": [
                -0.0339962084573614,
                -0.0001347664957122019,
                0.05702794042282222,
                1.0
            ],
            "contact_point_obj": [
                0.002641097132719872,
                0.0027267119624724556,
                0.04161803637045369,
                1.0
            ],
            "obj_pose": [
                0.49416843019539086,
                -0.06866462664111075,
                1.3157128379521563,
                0.06778388640960767,
                0.07058804167330805,
                0.6683884559229354,
                0.7373462857469962
            ]
        }
    ]
}