{
    "hook_path": "models/hook/Hook136#1/base.urdf",
    "obj_path": "models/geo_data/hanging_exp/daily_5/base.urdf",
    "hook_pose": [
        0.5,
        -0.1,
        1.3,
        0.0,
        0.0,
        -0.7071067811865475,
        0.7071067811865476
    ],
    "contact_info": [
        {
            "contact_point_hook": [
                -0.006325510785504107,
                -0.03941862883420949,
                -0.012993980115767911,
                1.0
            ],
            "contact_point_obj": [
                -0.003771158412438448,
                0.0040972116572466355,
                0.042102265811350126,
                1.0
            ],
            "obj_pose": [
                0.4575468312151979,
                -0.09824491807385953,
                1.2448929303167908,
                0.0018208359515776054,
                -0.010645604615259653,
                -0.6794662557337036,
                0.7336272643366211
            ]
        }
    ]
}