{
    "hook_path": "models/hook_all_new/Hook_hsr_263_hard/base.urdf",
    "obj_path": "models/everyday_objects_50/scissor_74/base.urdf",
    "hook_pose": [
        0.5,
        -0.1,
        1.3,
        4.329780281177466e-17,
        0.7071067811865475,
        0.7071067811865476,
        4.329780281177467e-17
    ],
    "contact_info": [
        {
            "contact_point_hook": [],
            "obj_pose": [
                0.5089473119373863,
                -0.07542665111737125,
                1.2575096217540858,
                0.5891903714320592,
                0.09692555225319742,
                -0.055603364696626995,
                0.8002302227275465
            ],
            "contact_point_obj": []
        }
    ],
    "initial_pose": [
        {
            "robot_pose": [
                0.48421919345855713,
                0.01995992846786976,
                1.2812434434890747,
                0.711223840713501,
                -0.05024686083197594,
                0.6993831396102905,
                0.049990762025117874
            ],
            "obj_pose": [
                0.513363728622381,
                0.015302373333203329,
                1.2795033285711979,
                0.6929901856049859,
                0.12483756891712598,
                -0.18905170711704766,
                0.6844265015895856
            ]
        },
        {
            "robot_pose": [
                0.4745214420383418,
                0.02011653930224826,
                1.2563753660809633,
                0.7151843509821725,
                -0.04274991005485066,
                0.6950155856697319,
                0.06030858128550446
            ],
            "obj_pose": [
                0.5036224955514313,
                0.015302373333203329,
                1.2543561483794687,
                0.6835542098346681,
                0.12583972997131737,
                -0.19654549392268736,
                0.6915835982704733
            ]
        },
        {
            "robot_pose": [
                0.47514209001504987,
                0.019311575724975397,
                1.279410125883756,
                0.7114479415824719,
                -0.048303118190811664,
                0.7001081332969542,
                0.03684069601083195
            ],
            "obj_pose": [
                0.5043819586373901,
                0.015302373333203329,
                1.277654811437471,
                0.697230029360747,
                0.13306581551456806,
                -0.1801276602642118,
                0.6809682818654592
            ]
        },
        {
            "robot_pose": [
                0.4783061407654306,
                0.019242967962289734,
                1.314823922684651,
                0.7169859145965546,
                -0.03202476537887931,
                0.6945627062831612,
                0.04988245897288034
            ],
            "obj_pose": [
                0.5075308732605982,
                0.015302373333203329,
                1.3126998995608707,
                0.6813341323043812,
                0.13731049669927006,
                -0.1873709304872266,
                0.6941338214361742
            ]
        },
        {
            "robot_pose": [
                0.48354425703717674,
                0.019267814443538405,
                1.3100138811498427,
                0.707943317220837,
                -0.030891419121575028,
                0.7036994785937001,
                0.0516625943402674
            ],
            "obj_pose": [
                0.5128112389694391,
                0.015302373333203329,
                1.30865601699893,
                0.681746129598089,
                0.12776929379628835,
                -0.179254088845144,
                0.6976855982268235
            ]
        },
        {
            "robot_pose": [
                0.5321653878813136,
                0.019753288554192328,
                1.3131471453109236,
                0.7093209999489091,
                -0.05018719549041156,
                0.7016381667499898,
                0.0452641955633854
            ],
            "obj_pose": [
                0.5613511091873631,
                0.015302373333203329,
                1.311563549650275,
                0.6952880366550435,
                0.1255868828069749,
                -0.1841608914965827,
                0.6832914802588906
            ]
        },
        {
            "robot_pose": [
                0.5335811404983152,
                0.019771079307766018,
                1.2851990538780889,
                0.7213685632139458,
                -0.05610442208034962,
                0.68907670948429,
                0.040656835538209375
            ],
            "obj_pose": [
                0.5626872800527767,
                0.015302373333203329,
                1.282555560578615,
                0.6980473709546666,
                0.13802482467877408,
                -0.1954081197918161,
                0.6749034615373513
            ]
        },
        {
            "robot_pose": [
                0.5307501528563685,
                0.019486392866437274,
                1.2686936782581781,
                0.7096585482699231,
                -0.045439780189677315,
                0.7017365249541556,
                0.04342603814539167
            ],
            "obj_pose": [
                0.5599753562887139,
                0.015302373333203329,
                1.2671105754318313,
                0.6932600166298692,
                0.12866473210499346,
                -0.1814163864697377,
                0.6855100515491851
            ]
        },
        {
            "robot_pose": [
                0.4804405902389664,
                0.01912548194804248,
                1.2506226109954126,
                0.7160979260913912,
                -0.04288124102691606,
                0.6956700909929173,
                0.037524444213153214
            ],
            "obj_pose": [
                0.5096816897604803,
                0.015302373333203329,
                1.2485091567216455,
                0.692896910652775,
                0.13928302029185574,
                -0.18293095479697088,
                0.6833962080984115
            ]
        }
    ]
}