{
    "file": "models/everyday_objects/mug_115/base.urdf",
    "contact_pose": [
        -0.02212160595283469,
        0.05308215533868199,
        -0.0029437917239867476,
        0.3647479229304987,
        0.6094187991570824,
        0.3545158839396663,
        -0.6081826764930942
    ],
    "obj_pose": [
        0.4927257277073307,
        -0.062054045078239146,
        1.2409681424659773,
        0.6887713034119329,
        0.173005115834993,
        -0.17936436112726903,
        0.6808022821998722
    ],
    "initial_pose": [
        {
            "robot_pose": [
                0.522894561290741,
                0.09453397989273071,
                1.2482794523239136,
                0.801939070224762,
                -0.04070062190294266,
                0.5950338840484619,
                0.034233007580041885
            ],
            "obj_pose": [
                0.560347019183418,
                0.06188940978376825,
                1.2365347022254647,
                0.732953402232375,
                0.04046000799446351,
                -0.057538909342470516,
                0.6766325234724926
            ]
        },
        {
            "robot_pose": [
                0.49139672767606485,
                0.0934681661670099,
                1.2217538498335365,
                0.7985428434228582,
                -0.031210639744514674,
                0.6006302295143425,
                0.024465293344303286
            ],
            "obj_pose": [
                0.5298668516593261,
                0.06188940978376825,
                1.2103905131458772,
                0.7339496866761257,
                0.04598532192651411,
                -0.043515682261560225,
                0.6762466953654137
            ]
        },
        {
            "robot_pose": [
                0.49066520581096695,
                0.09292695938386701,
                1.2526322467079156,
                0.8022514810148382,
                -0.027358981486257903,
                0.596054652729379,
                0.019049889794766472
            ],
            "obj_pose": [
                0.5293964553410898,
                0.06188940978376825,
                1.2406800695282763,
                0.7348947567379666,
                0.054655325256754476,
                -0.04339033683909587,
                0.6745811816298415
            ]
        },
        {
            "robot_pose": [
                0.49215325127186105,
                0.0952925823430596,
                1.2830215440781723,
                0.8004134259564073,
                -0.0484491755369262,
                0.5961063930857089,
                0.04059794404727441
            ],
            "obj_pose": [
                0.528984812309096,
                0.06188940978376825,
                1.2714475262273408,
                0.7330241460678376,
                0.03187454131831621,
                -0.06304376212144201,
                0.6765242781710347
            ]
        },
        {
            "robot_pose": [
                0.5184990875062138,
                0.09397826669881282,
                1.2805627597333482,
                0.8035171056476585,
                -0.024610345221217547,
                0.5935927505024596,
                0.03744647367412279
            ],
            "obj_pose": [
                0.5566004704693136,
                0.06188940978376825,
                1.2693876269439033,
                0.7241023088435997,
                0.049707339572988195,
                -0.05260586032930256,
                0.6858845749679443
            ]
        },
        {
            "robot_pose": [
                0.5549696889455257,
                0.09321941744705664,
                1.2730706842737292,
                0.8013422691092029,
                -0.022951168046448128,
                0.59716361307179,
                0.02682220809819682
            ],
            "obj_pose": [
                0.5936587144531557,
                0.06188940978376825,
                1.2617621193884323,
                0.728963321223104,
                0.05269221469512229,
                -0.04378369745861511,
                0.6811159920738591
            ]
        },
        {
            "robot_pose": [
                0.5515594135547922,
                0.094486805573262,
                1.2434167445552828,
                0.793856034412684,
                -0.050181491495119225,
                0.6054602675158063,
                0.02631119528986002
            ],
            "obj_pose": [
                0.589145640720893,
                0.06188940978376825,
                1.2319721375354642,
                0.7413858572635047,
                0.029656231728418476,
                -0.04888075921198067,
                0.6686390580486523
            ]
        },
        {
            "robot_pose": [
                0.5515515086139345,
                0.09460876051241526,
                1.2192093207388526,
                0.7949687230763375,
                -0.054666703667622475,
                0.603661312869528,
                0.025085856276628155
            ],
            "obj_pose": [
                0.5889094237274874,
                0.06188940978376825,
                1.2073719231810665,
                0.7439116797302293,
                0.029043849079893897,
                -0.05207137806748468,
                0.6656128297875019
            ]
        },
        {
            "robot_pose": [
                0.5269035789015738,
                0.0942978402008852,
                1.21940788780829,
                0.8011075535130435,
                -0.04877688543303698,
                0.5960162626675053,
                0.0247410142811066
            ],
            "obj_pose": [
                0.5643490943562834,
                0.06188940978376825,
                1.2070054394650507,
                0.7413972142722711,
                0.039243583938395124,
                -0.05616967309299957,
                0.6675590457881698
            ]
        }
    ]
}