{
    "hook_path": "models/hook_1120/Hook2#3/base.urdf",
    "obj_path": "models/geo_data/hanging_exp/daily_5/base.urdf",
    "hook_pose": [
        0.5,
        -0.1,
        1.3,
        0.0,
        0.0,
        -0.7071067811865475,
        0.7071067811865476
    ],
    "contact_info": [
        {
            "contact_point_hook": [
                -0.004292637613105276,
                0.0039059214642935824,
                -0.00835036052379623,
                1.0
            ],
            "contact_point_obj": [
                0.0030660328365851863,
                0.004480382658038851,
                0.04034235670997699,
                1.0
            ],
            "obj_pose": [
                0.503062177193704,
                -0.09484676602654135,
                1.2509614642831222,
                0.03136817397571916,
                -0.04651597891114098,
                -0.5168368428935369,
                0.8542435128200909
            ]
        }
    ]
}