{
    "hook_path": "models/hook_1120/Hook57#17/base.urdf",
    "obj_path": "models/geo_data/hanging_exp/daily_5/base.urdf",
    "hook_pose": [
        0.5,
        -0.1,
        1.3,
        0.0,
        0.0,
        -0.7071067811865475,
        0.7071067811865476
    ],
    "contact_info": [
        {
            "contact_point_hook": [
                -0.011101896529894378,
                9.447276478791178e-05,
                -0.03900955535707218,
                1.0
            ],
            "contact_point_obj": [
                -0.0030903974799454583,
                -0.0011669818214002925,
                0.04164587045916135,
                1.0
            ],
            "obj_pose": [
                0.5002947207484937,
                -0.09249308300763175,
                1.2193692126533944,
                -0.011253845898360915,
                0.0031062778603433206,
                -0.7197412087985771,
                0.6941442892853859
            ]
        }
    ]
}