{
    "hook_path": "models/hook_1120/Hook_bar#17/base.urdf",
    "obj_path": "models/geo_data/hanging_exp/daily_5/base.urdf",
    "hook_pose": [
        0.5,
        -0.1,
        1.3,
        4.329780281177466e-17,
        0.7071067811865475,
        0.7071067811865476,
        4.329780281177467e-17
    ],
    "contact_info": [
        {
            "contact_point_hook": [
                -0.0008638768570478073,
                -0.003554453383397549,
                0.024689330550119088,
                1.0
            ],
            "contact_point_obj": [
                -0.0002640981616996996,
                0.000283519464742199,
                0.0406638150517582,
                1.0
            ],
            "obj_pose": [
                0.4994725834441502,
                -0.07567678762382418,
                1.2558053418212098,
                -0.009355706923495953,
                0.011086085658158268,
                -0.617175087992504,
                0.7866921127189381
            ]
        }
    ]
}