{
    "hook_path": "models/hook/Hook_bar/base.urdf",
    "obj_path": "models/geo_data/hanging_exp/scissor_95/base.urdf",
    "hook_pose": [
        0.5,
        -0.1,
        1.3,
        4.329780281177466e-17,
        0.7071067811865475,
        0.7071067811865476,
        4.329780281177467e-17
    ],
    "contact_info": [
        {
            "contact_point_hook": [
                -0.001345627459066856,
                -0.002393832059668588,
                0.029354036000511816,
                1.0
            ],
            "contact_point_obj": [
                0.05860473511096265,
                0.004438729095889049,
                0.019484328089844863,
                1.0
            ],
            "object_pose": [
                0.5013138982171085,
                -0.07423257952053795,
                1.235791998716076,
                0.05637518471030458,
                -0.5780129578865791,
                0.06637235722509699,
                0.8113677151948252
            ]
        }
    ]
}