{
    "hook_path": "models/hook/Hook_bar/base.urdf",
    "obj_path": "models/geo_data/hanging_exp/wrench_17/base.urdf",
    "hook_pose": [
        0.5,
        -0.1,
        1.3,
        4.329780281177466e-17,
        0.7071067811865475,
        0.7071067811865476,
        4.329780281177467e-17
    ],
    "contact_info": [
        {
            "contact_point_hook": [
                0.002055729162639408,
                -0.0035713639663843555,
                0.03545075152994209,
                1.0
            ],
            "contact_point_obj": [
                0.10491927732998318,
                -0.005407615505149899,
                -0.003652780760115792,
                1.0
            ],
            "object_pose": [
                0.4991466423158164,
                -0.06814336067143868,
                1.1913749520025896,
                -0.48418665654206927,
                0.5155985179019197,
                -0.5153691999364783,
                -0.48385538926500576
            ]
        }
    ]
}