{
    "hook_path": "models/hook/Hook_bar/base.urdf",
    "obj_path": "models/geo_data/hanging_exp/scissor_74/base.urdf",
    "hook_pose": [
        0.5,
        -0.1,
        1.3,
        4.329780281177466e-17,
        0.7071067811865475,
        0.7071067811865476,
        4.329780281177467e-17
    ],
    "contact_info": [
        {
            "contact_pose": [
                [
                    0.06975085645122263,
                    3.2668082947388514e-05,
                    0.022611512416572145
                ],
                [
                    0.09630710815931083,
                    -0.9327302661805748,
                    0.3474754544837739
                ],
                [
                    -0.9562269525635108,
                    0.010214060422975207,
                    0.29244775287353025
                ],
                [
                    -0.27632400566923676,
                    -0.36043019229857853,
                    -0.8909181333717018
                ]
            ],
            "object_pose": [
                0.4998772705791256,
                -0.07906138567589643,
                1.23684535069757,
                -0.08777572218683939,
                -0.5586415008261466,
                -0.11908797719679128,
                0.8161085404751416
            ]
        }
    ],
    "initial_pose": [
        {
            "robot_pose": [
                0.4837352862584346,
                0.04098654416485417,
                1.2654241134143442,
                0.7403414806087788,
                -0.012574007752301046,
                0.6713344715574419,
                0.032348318623021385
            ],
            "object_pose": [
                0.5068298260880377,
                0.036541620485560276,
                1.2487755950048365,
                -0.010627392197549976,
                -0.5436845603697557,
                0.05004563185286478,
                0.837728829683611
            ]
        },
        {
            "robot_pose": [
                0.4827706371314919,
                0.11016544237286888,
                1.254212940092962,
                0.7194510359279427,
                -0.04046291682419642,
                0.6932817725980632,
                0.010646269185749558
            ],
            "object_pose": [
                0.5068298260880377,
                0.10654162048556026,
                1.2387755950048365,
                0.013096010110988729,
                -0.5710740261570013,
                0.026543014397194635,
                0.8203648088227066
            ]
        },
        {
            "robot_pose": [
                0.4830773888827307,
                0.19037690036285396,
                1.2346312134651287,
                0.7277827491710114,
                -0.018080417340313213,
                0.685277567827014,
                0.0200005887657617
            ],
            "object_pose": [
                0.5068298260880377,
                0.18654162048556028,
                1.2187755950048365,
                0.0011377514644530435,
                -0.5601902749364828,
                0.04694044209667665,
                0.8270321373948908
            ]
        }
    ]
}