{
    "hook_path": "models/hook/Hook_bar/base.urdf",
    "obj_path": "models/geo_data/hanging_exp/mug_90/base.urdf",
    "hook_pose": [
        0.5,
        -0.1,
        1.3,
        4.329780281177466e-17,
        0.7071067811865475,
        0.7071067811865476,
        4.329780281177467e-17
    ],
    "contact_info": [
        {
            "contact_pose": [
                [
                    0.044094589242944876,
                    0.010848677397633382,
                    -0.001176354804383204
                ],
                [
                    0.09158810652284277,
                    -0.9734044311048609,
                    0.20998912412071097
                ],
                [
                    -0.1961371698038124,
                    -0.22437849199498172,
                    -0.9545598477578077
                ],
                [
                    0.9762898285677831,
                    0.04623965652425294,
                    -0.21147119141766862
                ]
            ],
            "object_pose": [
                0.49888664069204963,
                -0.07057275356807474,
                1.2422771685741851,
                0.5148037516474486,
                -0.5080324060055998,
                0.3700115030479539,
                0.5830708870712614
            ]
        }
    ],
    "initial_pose": [
        {
            "robot_pose": [
                0.4755312312065018,
                0.07339936148065024,
                1.2602640565905037,
                0.7124115949097827,
                -0.01689483507625916,
                0.7013882019274211,
                0.015455555081092188
            ],
            "object_pose": [
                0.5138428274347389,
                0.044240951104115966,
                1.2559440393692716,
                0.5107165266468017,
                -0.4829873385528056,
                0.46581516424405245,
                0.5375017143859085
            ]
        },
        {
            "robot_pose": [
                0.4766081719683058,
                0.1447061233144149,
                1.250645907564622,
                0.7190921637389879,
                -0.02384187748879844,
                0.6937716339740438,
                0.03192091508674146
            ],
            "object_pose": [
                0.5138428274347389,
                0.11424095110411596,
                1.2459440393692716,
                0.5038667305319728,
                -0.4827003528853229,
                0.4547952754340455,
                0.5534256450782485
            ]
        },
        {
            "robot_pose": [
                0.4750054193438773,
                0.22240817018864364,
                1.2318531299813449,
                0.7224542922484967,
                -0.014529213165707032,
                0.6912649208647079,
                0.0012275008832521653
            ],
            "object_pose": [
                0.5138428274347389,
                0.194240951104116,
                1.2259440393692715,
                0.5275291344907952,
                -0.47347164342552295,
                0.4605678142182789,
                0.5342423641396514
            ]
        }
    ]
}