{
    "hook_path": "models/hook/Hook_bar/base.urdf",
    "obj_path": "models/geo_data/hanging_exp/daily_97/base.urdf",
    "hook_pose": [
        0.5,
        -0.1,
        1.3,
        4.329780281177466e-17,
        0.7071067811865475,
        0.7071067811865476,
        4.329780281177467e-17
    ],
    "contact_info": [
        {
            "contact_pose": [
                [
                    0.0018697674093677184,
                    0.0004073434593099821,
                    0.04191648184700222
                ],
                [
                    -0.017100179936941025,
                    0.13992993609724305,
                    0.9900137356774127
                ],
                [
                    -0.9998518493825675,
                    -0.000446745798705525,
                    -0.017206966741733505
                ],
                [
                    -0.0019654852795235093,
                    -0.9901613067586578,
                    0.13991684482435687
                ]
            ],
            "object_pose": [
                0.4910639581013472,
                -0.07786624543763299,
                1.2413710065348837,
                -0.00038063637089427624,
                0.07013702115590778,
                0.008598280332104778,
                0.9975002370699766
            ]
        }
    ],
    "initial_pose": [
        {
            "robot_pose": [
                0.4849981963634491,
                0.02752523310482502,
                1.2442240715026855,
                0.7138665318489075,
                -0.030491016805171967,
                0.6986778378486633,
                0.03625123202800751
            ],
            "object_pose": [
                0.5154068824773707,
                0.024565158317395922,
                1.2559279837301567,
                -0.026624934904958836,
                -0.07004331516364971,
                0.07005781772678321,
                0.9947245593718661
            ]
        },
        {
            "robot_pose": [
                0.48819610476493835,
                0.06308934092521667,
                1.247031807899475,
                0.7121616005897522,
                -0.03456395864486694,
                0.7007763385772705,
                0.02331843599677086
            ],
            "object_pose": [
                0.5187204703624715,
                0.06207104464349836,
                1.2588959933622346,
                -0.015516624733923491,
                -0.07455215676928484,
                0.074148692311733,
                0.9943355478440739
            ]
        },
        {
            "robot_pose": [
                0.4908241331577301,
                0.109800785779953,
                1.2427939176559448,
                0.7115339636802673,
                -0.02685515396296978,
                0.7018826603889465,
                0.018947606906294823
            ],
            "object_pose": [
                0.5212802355219679,
                0.10528711787407388,
                1.2546866209752312,
                -0.016285353797147167,
                -0.07463012434693363,
                0.07838189248157763,
                0.9939926613022199
            ]
        }
    ]
}