{
    "hook_path": "models/hook/Hook_bar/base.urdf",
    "obj_path": "models/geo_data/hanging_exp/wrench_1/base.urdf",
    "hook_pose": [
        0.5,
        -0.1,
        1.3,
        4.329780281177466e-17,
        0.7071067811865475,
        0.7071067811865476,
        4.329780281177467e-17
    ],
    "contact_info": [
        {
            "contact_pose": [
                [
                    0.14215800538659085,
                    0.002325075789571121,
                    -0.010386000154540075
                ],
                [
                    0.03291462561250914,
                    -0.9990154943513182,
                    -0.02974339366615973
                ],
                [
                    -0.9986033787090173,
                    -0.03164137166374921,
                    -0.04230975809635167
                ],
                [
                    0.041326982126979286,
                    0.03109446325679678,
                    -0.9986617119440638
                ]
            ],
            "object_pose": [
                0.4985269701531266,
                -0.07322525408987929,
                1.1488561768161536,
                0.026209210602476496,
                -0.7175376707239791,
                0.0033745999891049315,
                0.6960182328405738
            ]
        }
    ],
    "initial_pose": [
        {
            "robot_pose": [
                0.475490540266037,
                0.02461860701441765,
                1.1925053596496582,
                0.7205296158790588,
                -0.038104139268398285,
                0.6914694309234619,
                0.0354292094707489
            ],
            "object_pose": [
                0.5076164415668842,
                0.020397110521672784,
                1.1408519506085169,
                0.0005223937429996223,
                -0.7236791861861485,
                0.031103852911486315,
                0.6894350679504139
            ]
        },
        {
            "robot_pose": [
                0.4774453639984131,
                0.07874662429094315,
                1.1859525442123413,
                0.7199092507362366,
                -0.030607882887125015,
                0.6927992701530457,
                0.028687698766589165
            ],
            "object_pose": [
                0.5098111506995611,
                0.07452557408913456,
                1.1344022099881026,
                0.004974103657167686,
                -0.7250415809496668,
                0.03765629754563484,
                0.6876568675160383
            ]
        },
        {
            "robot_pose": [
                0.4786090552806854,
                0.13512371480464935,
                1.1813511848449707,
                0.7193863391876221,
                -0.023742185905575752,
                0.6939007043838501,
                0.020528636872768402
            ],
            "object_pose": [
                0.5112172200380372,
                0.1313582593565477,
                1.1298806630876812,
                0.01016268149255326,
                -0.7261822184465724,
                0.04327803732365485,
                0.6860634934190187
            ]
        }
    ]
}