{
    "hook_path": "models/hook/Hook_bar/base.urdf",
    "obj_path": "models/geo_data/hanging_exp/bag_6/base.urdf",
    "hook_pose": [
        0.5,
        -0.1,
        1.3,
        4.329780281177466e-17,
        0.7071067811865475,
        0.7071067811865476,
        4.329780281177467e-17
    ],
    "contact_info": [
        {
            "contact_pose": [
                [
                    0.0008549026388194263,
                    0.04716001993235198,
                    -0.0023221945942921694
                ],
                [
                    -0.9998351922884017,
                    -0.005364309445870963,
                    0.01734394550796478
                ],
                [
                    0.005522232781683872,
                    -0.9999436152382688,
                    0.009070352216166644
                ],
                [
                    0.0172943113976593,
                    0.0091646346566224,
                    0.9998084397847874
                ]
            ],
            "object_pose": [
                0.5001611447103609,
                -0.06688253962949248,
                1.2376514409757775,
                0.5079445867775024,
                0.49656279974615836,
                0.49472559379344233,
                0.5006638288486742
            ]
        }
    ],
    "initial_pose": [
        {
            "robot_pose": [
                0.48172423243522644,
                -0.001687255804426968,
                1.2456656694412231,
                0.7161779999732971,
                -0.03959286957979202,
                0.6957098245620728,
                0.03885042667388916
            ],
            "object_pose": [
                0.5091335520361359,
                -0.0093551276896359,
                1.2463157269899376,
                0.4824532074803897,
                0.5044900567737779,
                0.49474162897857604,
                0.5176479554329365
            ]
        },
        {
            "robot_pose": [
                0.48764634132385254,
                0.05660456046462059,
                1.256719946861267,
                0.7136000394821167,
                -0.028940577059984207,
                0.6991190910339355,
                0.03420443832874298
            ],
            "object_pose": [
                0.5157210847202318,
                0.055114588915160696,
                1.2576080995874552,
                0.47335813640679686,
                0.5097240452499716,
                0.5000599604910012,
                0.5158037497975635
            ]
        },
        {
            "robot_pose": [
                0.5086145401000977,
                0.11859099566936493,
                1.2656465768814087,
                0.7122758030891418,
                -0.027388684451580048,
                0.7010840773582458,
                0.019854996353387833
            ],
            "object_pose": [
                0.5369094804675224,
                0.1201758285902388,
                1.2666891374556273,
                0.47256145207694006,
                0.5092370326822955,
                0.5115881746557451,
                0.505609392820453
            ]
        }
    ]
}