{
    "hook_path": "models/hook/Hook_bar/base.urdf",
    "obj_path": "models/geo_data/hanging_exp/mug_204/base.urdf",
    "hook_pose": [
        0.5,
        -0.1,
        1.3,
        4.329780281177466e-17,
        0.7071067811865475,
        0.7071067811865476,
        4.329780281177467e-17
    ],
    "contact_info": [
        {
            "contact_pose": [
                [
                    0.040103818392378816,
                    0.03715790307487485,
                    -0.004832999780774107
                ],
                [
                    0.0008695900974322046,
                    -0.7935869904078654,
                    0.6084561877969924
                ],
                [
                    -0.026879231708613588,
                    -0.6082551244352492,
                    -0.7932863357584159
                ],
                [
                    0.9996383099480617,
                    -0.015665000914331234,
                    -0.021859941229035618
                ]
            ],
            "object_pose": [
                0.49989693597565,
                -0.07023312192793116,
                1.2326056489245838,
                0.6256820189149692,
                -0.3173161054048825,
                0.3083543340901524,
                0.6424563059889632
            ]
        }
    ],
    "initial_pose": [
        {
            "robot_pose": [
                0.4658862508834528,
                0.09061979447861203,
                1.2618567197311503,
                0.7317859909076866,
                -0.006803674275695886,
                0.6808975511135547,
                0.02866179364885863
            ],
            "object_pose": [
                0.5198803492442675,
                0.05773806797465732,
                1.2591984095070952,
                0.46993352293296664,
                -0.4806111253602427,
                0.5006422734665247,
                0.5454656214850223
            ]
        },
        {
            "robot_pose": [
                0.4647880718895733,
                0.15869752476342847,
                1.2523591404578696,
                0.7332957570870227,
                0.0029857171865228607,
                0.6797668311618341,
                0.013618861305226167
            ],
            "object_pose": [
                0.5198803492442675,
                0.1277380679746573,
                1.2491984095070952,
                0.48162678811110937,
                -0.47345371980776896,
                0.5069759808992231,
                0.5355861900434269
            ]
        },
        {
            "robot_pose": [
                0.46499181700744957,
                0.23912073670049672,
                1.2316508249404077,
                0.7275454751585786,
                -0.002551445949660879,
                0.6859173747800997,
                0.013726859605172137
            ],
            "object_pose": [
                0.5198803492442675,
                0.20773806797465733,
                1.2291984095070951,
                0.4773277348459654,
                -0.4817593858391124,
                0.5071653980805332,
                0.531835864428637
            ]
        }
    ]
}