{
    "hook_path": "models/hook/Hook_bar/base.urdf",
    "obj_path": "models/geo_data/hanging_exp/mug_166/base.urdf",
    "hook_pose": [
        0.5,
        -0.1,
        1.3,
        4.329780281177466e-17,
        0.7071067811865475,
        0.7071067811865476,
        4.329780281177467e-17
    ],
    "contact_info": [
        {
            "contact_point_hook": [
                -0.0012743280778350075,
                -0.003106108723764267,
                0.03670985780209651,
                1.0
            ],
            "contact_point_obj": [
                0.05363505189610929,
                0.016222764156827746,
                -0.0033628585659602264,
                1.0
            ],
            "object_pose": [
                0.5058415666460001,
                -0.06817650373152226,
                1.2411581801984601,
                0.5463829220674468,
                -0.43254202882502213,
                0.45512551499661097,
                0.5542868042557404
            ]
        }
    ]
}