{
    "hook_path": "models/hook/Hook_bar/base.urdf",
    "obj_path": "models/geo_data/hanging_exp/daily_11/base.urdf",
    "hook_pose": [
        0.5,
        -0.1,
        1.3,
        4.329780281177466e-17,
        0.7071067811865475,
        0.7071067811865476,
        4.329780281177467e-17
    ],
    "contact_info": [
        {
            "contact_pose": [
                [
                    -0.04599300026893601,
                    -0.00312500004656599,
                    -0.0008599999709986368
                ],
                [
                    -0.0007957864319086405,
                    0.9998998855853607,
                    0.014127474308521681
                ],
                [
                    0.002620920508903779,
                    0.014129515744787768,
                    -0.9998967384487782
                ],
                [
                    -0.9999962487427847,
                    -0.0007586772706130174,
                    -0.002631902193900304
                ]
            ],
            "object_pose": [
                0.5005028295969673,
                -0.07611453497507706,
                1.2506304284165854,
                -0.5039815764357891,
                0.49560390633850987,
                0.4973057720032504,
                0.5030569627463254
            ]
        }
    ],
    "initial_pose": [
        {
            "robot_pose": [
                0.4761701226234436,
                0.015292000025510788,
                1.2559529542922974,
                0.7150009870529175,
                -0.03667840734124184,
                0.6971595883369446,
                0.03737402334809303
            ],
            "object_pose": [
                0.510538896672915,
                0.010994667350936783,
                1.2532073326551634,
                0.5266957561546906,
                -0.499639204481298,
                -0.4919827396403381,
                -0.48052599273080066
            ]
        },
        {
            "robot_pose": [
                0.47982174158096313,
                0.06938499957323074,
                1.2511976957321167,
                0.7143053412437439,
                -0.027216242626309395,
                0.6984992623329163,
                0.03355688601732254
            ],
            "object_pose": [
                0.51444262557826,
                0.06770746908866211,
                1.2485481394516873,
                0.5328598227241302,
                -0.49478739437716307,
                -0.49539241591061745,
                -0.4752180530557609
            ]
        },
        {
            "robot_pose": [
                0.48318058252334595,
                0.12138063460588455,
                1.2652745246887207,
                0.7119914293289185,
                -0.02458607219159603,
                0.7013841271400452,
                0.022893503308296204
            ],
            "object_pose": [
                0.5177681788169994,
                0.11925429730642496,
                1.262874553461894,
                0.5357785218810771,
                -0.4827211173497959,
                -0.5036126080330809,
                -0.47570583282698053
            ]
        }
    ]
}