{
    "hook_path": "models/hook/Hook_bar/base.urdf",
    "obj_path": "models/geo_data/hanging_exp/wrench_12/base.urdf",
    "hook_pose": [
        0.5,
        -0.1,
        1.3,
        4.329780281177466e-17,
        0.7071067811865475,
        0.7071067811865476,
        4.329780281177467e-17
    ],
    "contact_info": [
        {
            "contact_pose": [
                [
                    0.14045765448555314,
                    -0.002912373531690428,
                    0.02119048601657401
                ],
                [
                    -0.033237520415345,
                    -0.9993582174782351,
                    0.013357409755048844
                ],
                [
                    -0.9817023109434706,
                    0.03013720348869993,
                    -0.18802213075627672
                ],
                [
                    0.18749890646318246,
                    -0.0193623894342988,
                    -0.9820739574749476
                ]
            ],
            "object_pose": [
                0.514985954441945,
                -0.06948885631524297,
                1.1455442272942875,
                0.05543624576321819,
                -0.6980298188032734,
                0.07794656621009591,
                0.7096516945186593
            ]
        }
    ],
    "initial_pose": [
        {
            "robot_pose": [
                0.48320703621896904,
                0.028897182602953722,
                1.2486520480478873,
                0.7410143910861829,
                -0.02362733289309072,
                0.6707730637288649,
                0.020072825394660643
            ],
            "object_pose": [
                0.5031373024423714,
                0.027497873270936266,
                1.1636735641864568,
                -0.026541117765880137,
                -0.6481253209798385,
                -0.03911039850003981,
                0.7600654669840533
            ]
        },
        {
            "robot_pose": [
                0.4794962306292716,
                0.09844368807528489,
                1.2377016633891254,
                0.7258108816602106,
                -0.03571019485957812,
                0.686590777280607,
                0.022725549496783175
            ],
            "object_pose": [
                0.5031373024423714,
                0.09749787327093626,
                1.1536735641864568,
                -0.02850158278578634,
                -0.664216995160097,
                -0.0514128996756836,
                0.745224903546664
            ]
        },
        {
            "robot_pose": [
                0.4811309482111298,
                0.1780886192725704,
                1.2181477477595486,
                0.7321749654835088,
                -0.04410324639387022,
                0.6792128292537469,
                0.025390079831790164
            ],
            "object_pose": [
                0.5031373024423714,
                0.17749787327093627,
                1.1336735641864568,
                -0.03105866898211876,
                -0.6565421031083277,
                -0.05980681362761489,
                0.7512729004635166
            ]
        }
    ]
}