{
    "hook_path": "models/hook/Hook_bar/base.urdf",
    "obj_path": "models/geo_data/hanging_exp/daily_23/base.urdf",
    "hook_pose": [
        0.5,
        -0.1,
        1.3,
        4.329780281177466e-17,
        0.7071067811865475,
        0.7071067811865476,
        4.329780281177467e-17
    ],
    "contact_info": [
        {
            "contact_pose": [
                [
                    0.006458989294194819,
                    -0.08471290966990712,
                    0.0015853242020125392
                ],
                [
                    0.047437816797916775,
                    -0.06470750931706513,
                    0.9967760991192702
                ],
                [
                    -0.01568451368608524,
                    0.9977282598102661,
                    0.06551576609037736
                ],
                [
                    -0.9987510448394425,
                    -0.01874187327776934,
                    0.046315144587507726
                ]
            ],
            "object_pose": [
                0.49872415717516255,
                -0.06336038381018695,
                1.202154458825748,
                -0.7004194657766544,
                -0.0064525438597052,
                -0.039627201744552566,
                0.7126013061458568
            ]
        }
    ],
    "initial_pose": [
        {
            "robot_pose": [
                0.46866270899772644,
                0.010056505911052227,
                1.2078911066055298,
                0.7183348536491394,
                -0.04143959656357765,
                0.6932777166366577,
                0.04054298624396324
            ],
            "object_pose": [
                0.5043201203734464,
                -0.004014848509977974,
                1.2142005536149092,
                -0.7162863839892416,
                0.04234697099034069,
                -0.09446478467031194,
                0.6900847445182016
            ]
        },
        {
            "robot_pose": [
                0.4716542065143585,
                0.04571779817342758,
                1.2124731540679932,
                0.7167407274246216,
                -0.03648221120238304,
                0.6953748464584351,
                0.037491943687200546
            ],
            "object_pose": [
                0.509282583950071,
                0.049637642616842746,
                1.218949073239643,
                -0.7172420691966231,
                0.03649011014117629,
                -0.09247950901979954,
                0.689695459204922
            ]
        },
        {
            "robot_pose": [
                0.4755778908729553,
                0.10190325975418091,
                1.2154453992843628,
                0.7150202393531799,
                -0.02879456989467144,
                0.6977576017379761,
                0.03242405131459236
            ],
            "object_pose": [
                0.5132602887895789,
                0.10845165605395517,
                1.2221035881952542,
                -0.7185667003196314,
                0.028051126150847427,
                -0.08843038123613382,
                0.6892424095975654
            ]
        }
    ]
}