{
    "hook_path": "models/hook/Hook_bar/base.urdf",
    "obj_path": "models/geo_data/hanging_exp/mug_205/base.urdf",
    "hook_pose": [
        0.5,
        -0.1,
        1.3,
        4.329780281177466e-17,
        0.7071067811865475,
        0.7071067811865476,
        4.329780281177467e-17
    ],
    "contact_info": [
        {
            "contact_pose": [
                [
                    0.04553280213694367,
                    0.006300012840326226,
                    -0.0039739539138089084
                ],
                [
                    -0.021622602424649917,
                    -0.9997224693939979,
                    0.009351323604301243
                ],
                [
                    0.11748567876104271,
                    -0.011829532023183265,
                    -0.9930041175434114
                ],
                [
                    0.9928391502909434,
                    -0.020372686638715998,
                    0.11770885815722654
                ]
            ],
            "object_pose": [
                0.5090507716148086,
                -0.0781043673506601,
                1.2435119697597163,
                0.5259430377252435,
                -0.4617332322337055,
                0.5311560603521948,
                0.4775558426723451
            ]
        }
    ],
    "initial_pose": [
        {
            "robot_pose": [
                0.4668224591363217,
                0.07426967493984969,
                1.2692905058376478,
                0.7237170666350294,
                -0.021253490848587558,
                0.6897375951804301,
                0.006629206789213119
            ],
            "object_pose": [
                0.5106740902361673,
                0.04759681673878266,
                1.2610645763991077,
                0.5292426335512126,
                -0.41275837749465694,
                0.4902008749496254,
                0.5560897938628049
            ]
        },
        {
            "robot_pose": [
                0.46750695473241155,
                0.14538125492890988,
                1.259231352796096,
                0.724845088672099,
                -0.026767797726851526,
                0.6881522606993968,
                0.018153471488963742
            ],
            "object_pose": [
                0.5106740902361673,
                0.11759681673878265,
                1.2510645763991077,
                0.5228218100219632,
                -0.41564532996833004,
                0.4842543587003919,
                0.565149564912288
            ]
        },
        {
            "robot_pose": [
                0.46611779382139684,
                0.22346859558317236,
                1.237953722869108,
                0.7216727189976933,
                0.002088944840109524,
                0.6921123707387473,
                0.012829233582805992
            ],
            "object_pose": [
                0.5106740902361673,
                0.19759681673878268,
                1.2310645763991077,
                0.5214047824415351,
                -0.3974304839074571,
                0.5070844319777624,
                0.5595100018355078
            ]
        }
    ]
}