{
    "hook_path": "models/hook/Hook_bar/base.urdf",
    "obj_path": "models/geo_data/hanging_exp/wrench_35/base.urdf",
    "hook_pose": [
        0.5,
        -0.1,
        1.3,
        4.329780281177466e-17,
        0.7071067811865475,
        0.7071067811865476,
        4.329780281177467e-17
    ],
    "contact_info": [
        {
            "contact_pose": [
                [
                    -0.022843015050696674,
                    -0.07239865899704859,
                    0.003777636146584943
                ],
                [
                    -0.0007970111425070203,
                    0.30381756791560915,
                    -0.9527298936210005
                ],
                [
                    0.000490440260433489,
                    0.952730200398161,
                    0.30381725546392324
                ],
                [
                    0.999999562120699,
                    -0.0002251113592595666,
                    -0.000908340952653075
                ]
            ],
            "object_pose": [
                0.5002646638417875,
                -0.06978882397339047,
                1.2218756469400596,
                -0.10901311306463707,
                -0.6985725341725989,
                0.6988285636049613,
                -0.10840292601888753
            ]
        }
    ],
    "initial_pose": [
        {
            "robot_pose": [
                0.47344064712524414,
                0.017961999401450157,
                1.235447645187378,
                0.7146466374397278,
                -0.03672964125871658,
                0.6975496411323547,
                0.03681856393814087
            ],
            "object_pose": [
                0.5094450789716295,
                0.014090509567281554,
                1.2353138341039402,
                -0.09991725486702001,
                -0.6803478939918957,
                0.7152132541688213,
                -0.12495313674284592
            ]
        },
        {
            "robot_pose": [
                0.47596126794815063,
                0.05684301629662514,
                1.2310312986373901,
                0.7140273451805115,
                -0.031495966017246246,
                0.6986064314842224,
                0.03349683806300163
            ],
            "object_pose": [
                0.5126765425188711,
                0.060622348989057454,
                1.2309600104022003,
                -0.09663486580365774,
                -0.6798280457164901,
                0.7152553311761665,
                -0.13002054527065826
            ]
        },
        {
            "robot_pose": [
                0.47973737120628357,
                0.10558824986219406,
                1.2383143901824951,
                0.7122873067855835,
                -0.02289247140288353,
                0.7008464336395264,
                0.03061322495341301
            ],
            "object_pose": [
                0.5158365400177468,
                0.1026927670645169,
                1.2384866105851315,
                -0.09268927505036431,
                -0.6773935567125647,
                0.7166286047943071,
                -0.1378046095219754
            ]
        }
    ]
}