{
    "hook_path": "models/hook/Hook_bar/base.urdf",
    "obj_path": "models/geo_data/hanging_exp/mug_135/base.urdf",
    "hook_pose": [
        0.5,
        -0.1,
        1.3,
        4.329780281177466e-17,
        0.7071067811865475,
        0.7071067811865476,
        4.329780281177467e-17
    ],
    "contact_info": [
        {
            "contact_pose": [
                [
                    0.04248662295441611,
                    0.017252060586943164,
                    -0.0039579998701810915
                ],
                [
                    0.021894618706349234,
                    -0.9226926745263332,
                    0.3849140865792602
                ],
                [
                    -0.11605725287225355,
                    -0.3847491694395561,
                    -0.9156957959231427
                ],
                [
                    0.9930011781097994,
                    -0.024623261177477485,
                    -0.11550911341334225
                ]
            ],
            "object_pose": [
                0.4989183166910574,
                -0.06243427109911813,
                1.2382531165677286,
                0.5577260914932906,
                -0.4202736921089387,
                0.3618189884893978,
                0.6175748134090702
            ]
        }
    ],
    "initial_pose": [
        {
            "robot_pose": [
                0.4858918938118961,
                0.0722606864408856,
                1.25934240267203,
                0.726063591847017,
                -0.007074242679026276,
                0.6874820336692448,
                0.012250268026708823
            ],
            "object_pose": [
                0.5302395871441937,
                0.040988429659889025,
                1.2585223356931974,
                0.4860993923737406,
                -0.4635331560990203,
                0.5637720897514087,
                0.4806302370306004
            ]
        },
        {
            "robot_pose": [
                0.48737900086724506,
                0.14426153234517597,
                1.2496247147625108,
                0.7223384678637176,
                -0.0316292965759317,
                0.6905249018918473,
                0.020052064972546788
            ],
            "object_pose": [
                0.5302395871441937,
                0.11098842965988902,
                1.2485223356931974,
                0.4777180937852973,
                -0.48333881718388494,
                0.5497069635912357,
                0.4857893214684
            ]
        },
        {
            "robot_pose": [
                0.4862626572836918,
                0.22270242807690344,
                1.230888007346655,
                0.7374978364988316,
                -0.011163967633757875,
                0.6750872298640017,
                0.015150546549995309
            ],
            "object_pose": [
                0.5302395871441937,
                0.19098842965988902,
                1.2285223356931974,
                0.4936279985494599,
                -0.45834556168722473,
                0.5526511096349095,
                0.49074178153992576
            ]
        }
    ]
}