{
    "hook_path": "models/hook/Hook_bar/base.urdf",
    "obj_path": "models/geo_data/hanging_exp/scissor_98/base.urdf",
    "hook_pose": [
        0.5,
        -0.1,
        1.3,
        4.329780281177466e-17,
        0.7071067811865475,
        0.7071067811865476,
        4.329780281177467e-17
    ],
    "contact_info": [
        {
            "contact_point_hook": [
                -0.0011559805781546917,
                -0.0030997495694944366,
                0.02994611256823303,
                1.0
            ],
            "contact_point_obj": [
                0.07832893894336324,
                0.0017786899031589452,
                0.02506557594262221,
                1.0
            ],
            "object_pose": [
                0.49926013547454157,
                -0.07268266222875881,
                1.2147031408371027,
                -0.012878398592293271,
                -0.5804818255630191,
                -0.008592050408716597,
                0.8141260183230216
            ]
        }
    ]
}