{
    "hook_path": "models/hook/Hook_bar/base.urdf",
    "obj_path": "models/geo_data/hanging_exp/bag_5/base.urdf",
    "hook_pose": [
        0.5,
        -0.1,
        1.3,
        4.329780281177466e-17,
        0.7071067811865475,
        0.7071067811865476,
        4.329780281177467e-17
    ],
    "contact_info": [
        {
            "contact_pose": [
                [
                    0.0030464389947997142,
                    0.046400229091211276,
                    0.007981911891054226
                ],
                [
                    -0.998283840822038,
                    0.01362614416146124,
                    -0.05695350163853671
                ],
                [
                    -0.009514521581390989,
                    -0.9973700598562049,
                    -0.07185010495126298
                ],
                [
                    -0.05778275722632997,
                    -0.07118491341373773,
                    0.9957880603168535
                ]
            ],
            "object_pose": [
                0.5002608999718748,
                -0.08172806162387493,
                1.2320162911512527,
                0.46431321954213584,
                0.49881938359645517,
                0.5288250876875272,
                0.5059016538213212
            ]
        }
    ],
    "initial_pose": [
        {
            "robot_pose": [
                0.4778038263320923,
                0.03885897621512413,
                1.2270736694335938,
                0.7530679702758789,
                -0.008852527476847172,
                0.6578319668769836,
                0.008207349106669426
            ],
            "object_pose": [
                0.5262969684998099,
                0.04252857011278937,
                1.2272564611889665,
                0.4721867055552255,
                0.4717916354356977,
                0.5272459266694243,
                0.5257985361717092
            ]
        }
    ]
}