{
    "hook_path": "models/hook/Hook_bar/base.urdf",
    "obj_path": "models/geo_data/hanging_exp/wrench_27/base.urdf",
    "hook_pose": [
        0.5,
        -0.1,
        1.3,
        4.329780281177466e-17,
        0.7071067811865475,
        0.7071067811865476,
        4.329780281177467e-17
    ],
    "contact_info": [
        {
            "contact_pose": [
                [
                    0.0020274682961152015,
                    -0.002132263673113037,
                    -0.09285386317800212
                ],
                [
                    0.01464105084153374,
                    -0.026320759220785812,
                    0.9995463257219731
                ],
                [
                    0.999797184834489,
                    -0.013439873065498742,
                    -0.01499863357155594
                ],
                [
                    0.013828551163666698,
                    0.9995631983251606,
                    0.026118647106792348
                ]
            ],
            "object_pose": [
                0.4993295196940979,
                -0.077975676100121,
                1.2038068894655425,
                0.9998633292707587,
                -0.007410933961021232,
                0.013111643559781408,
                0.006818037883500893
            ]
        }
    ],
    "initial_pose": [
        {
            "robot_pose": [
                0.4729068875312805,
                0.004008932039141655,
                1.2397288084030151,
                0.7147399187088013,
                -0.0547657310962677,
                0.6969228386878967,
                0.02112223207950592
            ],
            "object_pose": [
                0.5072700925821162,
                -0.0024580489751769518,
                1.2061374303062007,
                0.9998553039061167,
                -0.01373494565953713,
                0.0079322450513832,
                -0.006148333675195756
            ]
        },
        {
            "robot_pose": [
                0.47596389055252075,
                0.03761604055762291,
                1.244538426399231,
                0.7135370969772339,
                -0.050002191215753555,
                0.698592483997345,
                0.018251871690154076
            ],
            "object_pose": [
                0.5105429540394287,
                0.031427470008597955,
                1.2111090096624368,
                0.9998954333866209,
                -0.009185724879124973,
                0.010093835251265745,
                -0.004781133855770527
            ]
        },
        {
            "robot_pose": [
                0.47880828380584717,
                0.07539927214384079,
                1.2470351457595825,
                0.7125519514083862,
                -0.04455605149269104,
                0.7000464797019958,
                0.014811720699071884
            ],
            "object_pose": [
                0.5135936115977197,
                0.06954827688615842,
                1.2137485799656493,
                0.9999144795803583,
                -0.003982740714477818,
                0.01200307396752468,
                -0.0033312936335210723
            ]
        }
    ]
}