{
    "hook_path": "models/hook/Hook_bar/base.urdf",
    "obj_path": "models/geo_data/hanging_exp/mug_149/base.urdf",
    "hook_pose": [
        0.5,
        -0.1,
        1.3,
        4.329780281177466e-17,
        0.7071067811865475,
        0.7071067811865476,
        4.329780281177467e-17
    ],
    "contact_info": [
        {
            "contact_point_hook": [
                -0.0016007419721727478,
                -0.0024455186435059506,
                0.03748558158298396,
                1.0
            ],
            "contact_point_obj": [
                0.0571067401539429,
                0.008222337483427655,
                -0.006343720794658371,
                1.0
            ],
            "object_pose": [
                0.5085697053956456,
                -0.06913005619683611,
                1.2403120470634765,
                0.5219877511378207,
                -0.4699042451181111,
                0.5141329485407095,
                0.4923272278748097
            ]
        }
    ]
}