{
    "hook_path": "models/hook/Hook_bar/base.urdf",
    "obj_path": "models/geo_data/hanging_exp/mug_150/base.urdf",
    "hook_pose": [
        0.5,
        -0.1,
        1.3,
        4.329780281177466e-17,
        0.7071067811865475,
        0.7071067811865476,
        4.329780281177467e-17
    ],
    "contact_info": [
        {
            "contact_point_hook": [
                -0.002031696536518024,
                -0.0035541111148447158,
                0.0261344050012457,
                1.0
            ],
            "contact_point_obj": [
                0.05268435206349209,
                0.0026317718818792968,
                -0.010041254157433316,
                1.0
            ],
            "obj_pose": [
                0.4994465913569838,
                -0.07580984081362835,
                1.2428461584747836,
                0.5591813520381935,
                -0.512619814053711,
                0.4346589750598466,
                0.4853954235179814
            ]
        }
    ]
}