{
    "hook_path": "models/hook/Hook_bar/base.urdf",
    "obj_path": "models/geo_data/hanging_exp/scissor_62/base.urdf",
    "hook_pose": [
        0.5,
        -0.1,
        1.3,
        4.329780281177466e-17,
        0.7071067811865475,
        0.7071067811865476,
        4.329780281177467e-17
    ],
    "contact_info": [
        {
            "contact_pose": [
                [
                    0.08406478200343058,
                    -0.00033642299753065493,
                    -0.01949972293173885
                ],
                [
                    0.057349643206711806,
                    -0.939789927080368,
                    -0.3369063837067193
                ],
                [
                    -0.9983219592205133,
                    -0.05669386932364624,
                    -0.011792833384264748
                ],
                [
                    -0.008017740465901868,
                    0.3370173558429739,
                    -0.9414642944362954
                ]
            ],
            "object_pose": [
                0.5004154297945449,
                -0.06709919265216065,
                1.2281198590965094,
                0.021148362322773305,
                -0.8173502460344351,
                -0.019793108922249534,
                0.5754125084821367
            ]
        }
    ],
    "initial_pose": [
        {
            "robot_pose": [
                0.48903706669807434,
                0.013376572169363499,
                1.2286875247955322,
                0.6468527913093567,
                -0.09140149503946304,
                0.7541432976722717,
                0.06704454869031906
            ],
            "object_pose": [
                0.515321507808337,
                -0.002137156429033019,
                1.2410209163127808,
                0.05074429314994148,
                -0.8030780784951247,
                0.006392664330530647,
                0.5936747850431651
            ]
        },
        {
            "robot_pose": [
                0.4997486174106598,
                0.06054525822401047,
                1.2339648008346558,
                0.650940477848053,
                -0.0821371003985405,
                0.7523812055587769,
                0.058758318424224854
            ],
            "object_pose": [
                0.5265158167233054,
                0.04573307384143622,
                1.246117641804291,
                0.05987742358888339,
                -0.7999512847026575,
                0.014306890768005042,
                0.5968986087464749
            ]
        },
        {
            "robot_pose": [
                0.5067416429519653,
                0.09159992635250092,
                1.235961675643921,
                0.65378737449646,
                -0.07623420655727386,
                0.7509415745735168,
                0.05326493829488754
            ],
            "object_pose": [
                0.5338204013451202,
                0.07724521277344223,
                1.247971387391441,
                0.06591554991518245,
                -0.7976601630240268,
                0.019267809884609587,
                0.5991845759914994
            ]
        }
    ]
}