{
    "hook_path": "models/hook/Hook_bar/base.urdf",
    "obj_path": "models/geo_data/hanging_exp/daily_63/base.urdf",
    "hook_pose": [
        0.5,
        -0.1,
        1.3,
        4.329780281177466e-17,
        0.7071067811865475,
        0.7071067811865476,
        4.329780281177467e-17
    ],
    "contact_info": [
        {
            "contact_point_hook": [
                0.001861426080793871,
                -0.003470951548228518,
                0.024847714944435193,
                1.0
            ],
            "contact_point_obj": [
                -3.875361731097392e-05,
                0.0002938781034220739,
                0.05227690802858853,
                1.0
            ],
            "object_pose": [
                0.4992050754479825,
                -0.07556275923820445,
                1.2442637916873915,
                -0.0082663279472863,
                -0.0021834265230270583,
                0.7073157181682977,
                0.706846076103526
            ]
        }
    ]
}