{
    "hook_path": "models/hook/Hook_bar/base.urdf",
    "obj_path": "models/geo_data/hanging_exp/scissor_22/base.urdf",
    "hook_pose": [
        0.5,
        -0.1,
        1.3,
        4.329780281177466e-17,
        0.7071067811865475,
        0.7071067811865476,
        4.329780281177467e-17
    ],
    "contact_info": [
        {
            "contact_pose": [
                [
                    0.06277705742923335,
                    -0.0012530319555870597,
                    0.04270849169024554
                ],
                [
                    0.0475896444032294,
                    -0.7134342199096563,
                    -0.6991043123937046
                ],
                [
                    0.998563663529114,
                    0.016733648498627175,
                    0.05089788686418136
                ],
                [
                    -0.024613728382526467,
                    -0.700522375709602,
                    0.7132058367016402
                ]
            ],
            "object_pose": [
                0.5000548679706975,
                -0.06263395053643482,
                1.2309681503586818,
                0.3869550928162748,
                0.0021373555500164318,
                0.9217090581675462,
                -0.026713291573594342
            ]
        }
    ],
    "initial_pose": [
        {
            "robot_pose": [
                0.4320487562696526,
                0.04536223935790708,
                1.2463926669786536,
                0.7271851745927198,
                -0.021908440888495116,
                0.6854249499466585,
                0.03023871791283029
            ],
            "object_pose": [
                0.5053410264495994,
                0.04030490075278692,
                1.2399308054907336,
                0.39230215379886496,
                -0.02773504618092409,
                0.9185529462984454,
                0.039878216917998935
            ]
        },
        {
            "robot_pose": [
                0.4318739690627665,
                0.1112886041102264,
                1.236311479625226,
                0.7271270106156096,
                -0.007410606182522514,
                0.6864354349928201,
                0.006147107891745347
            ],
            "object_pose": [
                0.5053410264495994,
                0.11030490075278691,
                1.2299308054907336,
                0.39240576387581655,
                -0.024075480316470152,
                0.9193988353270647,
                0.01199455392273533
            ]
        },
        {
            "robot_pose": [
                0.4319518050660003,
                0.19261863922378342,
                1.2168415214292687,
                0.7294075316248319,
                -0.019424120821602945,
                0.6837616895689564,
                0.007570219090876283
            ],
            "object_pose": [
                0.5053410264495994,
                0.19030490075278694,
                1.2099308054907336,
                0.395396224902304,
                -0.03450473649898032,
                0.9176826124770374,
                0.01816235803694849
            ]
        }
    ]
}