{
    "hook_path": "models/hook/Hook_bar/base.urdf",
    "obj_path": "models/geo_data/hanging_exp/wrench_27/base.urdf",
    "hook_pose": [
        0.5,
        -0.1,
        1.3,
        4.329780281177466e-17,
        0.7071067811865475,
        0.7071067811865476,
        4.329780281177467e-17
    ],
    "contact_info": [
        {
            "contact_point_hook": [
                -0.0001791287423472676,
                -0.003046622755692674,
                0.03975059723787696,
                1.0
            ],
            "contact_point_obj": [
                0.0011301556464588525,
                -0.004381263496742671,
                -0.11745627061034836,
                1.0
            ],
            "obj_pose": [
                0.502062527717817,
                -0.06022652072808211,
                1.179425080600409,
                0.9534038603024535,
                0.30114986227917023,
                0.00664132394208573,
                -0.01690362168035845
            ]
        }
    ]
}