{
    "hook_path": "models/hook/Hook_bar/base.urdf",
    "obj_path": "models/geo_data/hanging_exp/wrench_36/base.urdf",
    "hook_pose": [
        0.5,
        -0.1,
        1.3,
        4.329780281177466e-17,
        0.7071067811865475,
        0.7071067811865476,
        4.329780281177467e-17
    ],
    "contact_info": [
        {
            "contact_pose": [
                [
                    -0.07140731054971222,
                    -0.017159456085274263,
                    0.0009751262745885289
                ],
                [
                    0.00028832747746082577,
                    0.983137891767404,
                    0.18286553157555446
                ],
                [
                    -0.000785690636861458,
                    0.18286570545059472,
                    -0.98313758775681
                ],
                [
                    -0.9999996497786832,
                    0.00013978984471124667,
                    0.0008251674438720658
                ]
            ],
            "object_pose": [
                0.4995748802085728,
                -0.07688273348811688,
                1.2290197191435237,
                -0.5436496185006029,
                0.4522333327238325,
                0.4517214263079827,
                0.543946558121224
            ]
        }
    ],
    "initial_pose": [
        {
            "robot_pose": [
                0.482777717105599,
                0.050751182395361465,
                1.2523333292564292,
                0.7496411783887457,
                -0.04687640448307745,
                0.6596542398707864,
                0.02640057172045244
            ],
            "object_pose": [
                0.5067493764116938,
                0.042629827808692185,
                1.2501824566656705,
                -0.5418601109249761,
                0.46123825697973664,
                0.47464869898733225,
                0.5180304074437135
            ]
        },
        {
            "robot_pose": [
                0.48293148549187376,
                0.12101882601916834,
                1.242931253542079,
                0.7523796519130876,
                -0.06879391471425252,
                0.6549832728879098,
                0.013753869363599997
            ],
            "object_pose": [
                0.5067493764116938,
                0.11262982780869217,
                1.2401824566656705,
                -0.5234354763322752,
                0.4561057949008222,
                0.4837197559486832,
                0.5329146307614754
            ]
        },
        {
            "robot_pose": [
                0.48300759518508346,
                0.20143858415125623,
                1.222171612013219,
                0.7410538427358505,
                -0.0760587160274429,
                0.6668802423808916,
                0.018028205808936642
            ],
            "object_pose": [
                0.5067493764116938,
                0.1926298278086922,
                1.2201824566656705,
                -0.5268170125603527,
                0.45178190104761795,
                0.47069700715259766,
                0.5447947105289964
            ]
        }
    ]
}