{
    "hook_path": "models/hook/Hook_bar/base.urdf",
    "obj_path": "models/geo_data/hanging_exp/mug_64/base.urdf",
    "hook_pose": [
        0.5,
        -0.1,
        1.3,
        4.329780281177466e-17,
        0.7071067811865475,
        0.7071067811865476,
        4.329780281177467e-17
    ],
    "contact_info": [
        {
            "contact_point_hook": [
                -0.003536420477559199,
                -0.003779115660290211,
                0.03808093992346542,
                1.0
            ],
            "contact_point_obj": [
                0.050836053564809136,
                0.010637238351133463,
                -0.003491269532478025,
                1.0
            ],
            "object_pose": [
                0.4944708388080956,
                -0.06363935891891297,
                1.2449910107734148,
                0.6430949005205968,
                -0.34796861203285917,
                0.43419345902381007,
                0.526139557632068
            ]
        }
    ]
}