{
    "hook_path": "models/hook/Hook_bar/base.urdf",
    "obj_path": "models/geo_data/hanging_exp/mug_128/base.urdf",
    "hook_pose": [
        0.5,
        -0.1,
        1.3,
        4.329780281177466e-17,
        0.7071067811865475,
        0.7071067811865476,
        4.329780281177467e-17
    ],
    "contact_info": [
        {
            "contact_pose": [
                [
                    0.03878777541778229,
                    0.008564718034580476,
                    0.001091815814267319
                ],
                [
                    0.009280180735999233,
                    -0.9806453959725359,
                    0.19557220048712376
                ],
                [
                    -0.11402602522437988,
                    -0.1953426799424598,
                    -0.9740838274832546
                ],
                [
                    0.9934344184781583,
                    -0.013260646694873701,
                    -0.11363191203265682
                ]
            ],
            "object_pose": [
                0.5024866221473643,
                -0.07491593996976141,
                1.2432646897133388,
                0.5167894949996251,
                -0.4757082031146779,
                0.41942294315624,
                0.5750780104486646
            ]
        }
    ],
    "initial_pose": [
        {
            "robot_pose": [
                0.47745031540186494,
                0.0946117737778622,
                1.266832238569065,
                0.7224382302583012,
                -0.02718828001424949,
                0.6900446830572936,
                0.03438220870566263
            ],
            "object_pose": [
                0.5223244468581835,
                0.061382560224135026,
                1.2645383470429399,
                0.5122741248409942,
                -0.4770355633230766,
                0.49546076352820057,
                0.5143256985096907
            ]
        },
        {
            "robot_pose": [
                0.4758272674922994,
                0.16235718321153883,
                1.2558480368904963,
                0.7182128141665304,
                -0.005145178339928277,
                0.695473308685849,
                0.02146526525345196
            ],
            "object_pose": [
                0.5223244468581835,
                0.13138256022413503,
                1.2545383470429399,
                0.5176170639619598,
                -0.464357556621291,
                0.514337679862464,
                0.5018977841929592
            ]
        },
        {
            "robot_pose": [
                0.47650530183539935,
                0.24330412372094268,
                1.2367177916951728,
                0.7266622737855559,
                -0.008967429296317334,
                0.6862001163555828,
                0.03179505279451286
            ],
            "object_pose": [
                0.5223244468581835,
                0.21138256022413504,
                1.2345383470429399,
                0.5170206697454384,
                -0.4609046174954218,
                0.5048345871733081,
                0.5151685163331831
            ]
        }
    ]
}