{
    "hook_path": "models/hook/Hook_bar/base.urdf",
    "obj_path": "models/geo_data/hanging_exp/wrench_10/base.urdf",
    "hook_pose": [
        0.5,
        -0.1,
        1.3,
        4.329780281177466e-17,
        0.7071067811865475,
        0.7071067811865476,
        4.329780281177467e-17
    ],
    "contact_info": [
        {
            "contact_point_hook": [
                -0.002194113508719009,
                -0.0036506756260761275,
                0.03382675632986015,
                1.0
            ],
            "contact_point_obj": [
                -0.07062871577609053,
                -0.010667376687604813,
                -0.0021394610043464833,
                1.0
            ],
            "obj_pose": [
                0.5002318178146989,
                -0.06833438592503317,
                1.2249471915575472,
                -0.453918818496065,
                -0.5420275496901209,
                0.5426022849841747,
                -0.4535929914824656
            ]
        }
    ]
}