{
    "hook_path": "models/hook/Hook_bar/base.urdf",
    "obj_path": "models/geo_data/hanging_exp/daily_42/base.urdf",
    "hook_pose": [
        0.5,
        -0.1,
        1.3,
        4.329780281177466e-17,
        0.7071067811865475,
        0.7071067811865476,
        4.329780281177467e-17
    ],
    "contact_info": [
        {
            "contact_point_hook": [
                -0.0041516897912829975,
                -0.005348047038997938,
                0.0163444476893197,
                1.0
            ],
            "contact_point_obj": [
                0.03550673934017268,
                -0.014830485056342546,
                -0.001690534581129187,
                1.0
            ],
            "object_pose": [
                0.5006731978266169,
                -0.08572435738896647,
                1.2563485605270783,
                0.43451796438858264,
                -0.5558335119184636,
                0.5828395053135293,
                0.40316418082199457
            ]
        }
    ]
}