{
    "hook_path": "models/hook/Hook_bar/base.urdf",
    "obj_path": "models/geo_data/hanging_exp/bag_70/base.urdf",
    "hook_pose": [
        0.5,
        -0.1,
        1.3,
        4.329780281177466e-17,
        0.7071067811865475,
        0.7071067811865476,
        4.329780281177467e-17
    ],
    "contact_info": [
        {
            "contact_point_hook": [
                0.004267856924323354,
                -0.005050162475860098,
                0.0220010334987341,
                1.0
            ],
            "contact_point_obj": [
                -0.001949646503420173,
                0.07217916972029914,
                0.006786934016390633,
                1.0
            ],
            "object_pose": [
                0.5083213358358692,
                -0.08066300308875927,
                1.2235767944963263,
                -0.49973667155232915,
                0.5402201594821938,
                0.4991244304335229,
                -0.4574934331105134
            ]
        }
    ]
}