{
    "hook_path": "models/hook/Hook_bar/base.urdf",
    "obj_path": "models/geo_data/hanging_exp/scissor_14/base.urdf",
    "hook_pose": [
        0.5,
        -0.1,
        1.3,
        4.329780281177466e-17,
        0.7071067811865475,
        0.7071067811865476,
        4.329780281177467e-17
    ],
    "contact_info": [
        {
            "contact_point_hook": [
                0.0026126207330343654,
                -0.0035088519986412603,
                0.030506206078954937,
                1.0
            ],
            "contact_point_obj": [
                0.04100532619408859,
                0.0027528650423431656,
                0.03568603339673426,
                1.0
            ],
            "object_pose": [
                0.5003306458962923,
                -0.07267031449994267,
                1.242234766622038,
                -0.008909723528234596,
                -0.43956674018316394,
                -0.011057678000452865,
                0.8980976703614344
            ]
        }
    ]
}