{
    "hook_path": "models/hook/Hook_bar/base.urdf",
    "obj_path": "models/geo_data/hanging_exp/mug_59/base.urdf",
    "hook_pose": [
        0.5,
        -0.1,
        1.3,
        4.329780281177466e-17,
        0.7071067811865475,
        0.7071067811865476,
        4.329780281177467e-17
    ],
    "contact_info": [
        {
            "contact_pose": [
                [
                    0.04270971653563964,
                    0.018912000581622075,
                    0.0006965909447394624
                ],
                [
                    -0.024480975194604015,
                    -0.9480163106678177,
                    0.3172786733477375
                ],
                [
                    -0.0005844497071926524,
                    -0.31736016504510106,
                    -0.9483049003675376
                ],
                [
                    0.9997001251735744,
                    -0.023400862170555675,
                    0.007215218473040963
                ]
            ],
            "object_pose": [
                0.5004291985942743,
                -0.06943492506046428,
                1.2360978548992396,
                0.5686152832693624,
                -0.406172658542183,
                0.4199814695661063,
                0.5790647600280744
            ]
        }
    ],
    "initial_pose": [
        {
            "robot_pose": [
                0.4838580787181854,
                0.043677110224962234,
                1.2480778694152832,
                0.8125374913215637,
                0.017446722835302353,
                0.5815536975860596,
                0.03568972647190094
            ],
            "object_pose": [
                0.5168429596902343,
                0.012630547322761856,
                1.239871605500442,
                0.5588186524817492,
                -0.40424921849540585,
                0.44012118028334074,
                0.574976199203354
            ]
        }
    ]
}