{
    "hook_path": "models/hook/Hook_bar/base.urdf",
    "obj_path": "models/geo_data/hanging_exp/mug_82/base.urdf",
    "hook_pose": [
        0.5,
        -0.1,
        1.3,
        4.329780281177466e-17,
        0.7071067811865475,
        0.7071067811865476,
        4.329780281177467e-17
    ],
    "contact_info": [
        {
            "contact_point_hook": [
                -0.0015614101651307832,
                -0.0033333379606570457,
                0.03792746534780516,
                1.0
            ],
            "contact_point_obj": [
                0.053550028703950314,
                0.025414697551031373,
                -0.0072168414976440595,
                1.0
            ],
            "obj_pose": [
                0.5003380747616228,
                -0.06877117196485046,
                1.2373435894988005,
                0.6086976865689742,
                -0.36618471756615445,
                0.37567830206538994,
                0.5951988678952946
            ]
        }
    ]
}