{
    "hook_path": "models/hook/Hook_bar/base.urdf",
    "obj_path": "models/geo_data/hanging_exp/daily_7/base.urdf",
    "hook_pose": [
        0.5,
        -0.1,
        1.3,
        4.329780281177466e-17,
        0.7071067811865475,
        0.7071067811865476,
        4.329780281177467e-17
    ],
    "contact_info": [
        {
            "contact_pose": [
                [
                    -0.002931360649788533,
                    0.0011802191778264512,
                    0.04854615277065408
                ],
                [
                    0.013846821871503474,
                    0.0057424888745473916,
                    -0.9998876383602231
                ],
                [
                    0.9998886872018042,
                    -0.005636826080953679,
                    0.01381446334771159
                ],
                [
                    -0.00555686331585001,
                    -0.9999676244825422,
                    -0.00581990178870577
                ]
            ],
            "object_pose": [
                0.4996212508655738,
                -0.08341130359877581,
                1.2190893544596573,
                -0.0028906901874306556,
                0.0027985119204909296,
                0.999967993243355,
                -0.006915542648894398
            ]
        }
    ],
    "initial_pose": [
        {
            "robot_pose": [
                0.47386449575424194,
                -0.00530632771551609,
                1.2265701293945312,
                0.7159789800643921,
                -0.03049461729824543,
                0.6960428357124329,
                0.044369328767061234
            ],
            "object_pose": [
                0.5092766395427104,
                -0.0050777971120657735,
                1.22978810731733,
                -0.0045225132750122835,
                0.024181522883442365,
                0.9995537254578842,
                -0.016945522947951226
            ]
        },
        {
            "robot_pose": [
                0.4778025150299072,
                0.04142560437321663,
                1.2261236906051636,
                0.7142914533615112,
                -0.028170270845294,
                0.6983781456947327,
                0.035526342689991
            ],
            "object_pose": [
                0.5128006886261253,
                0.037366211934891175,
                1.229619316309764,
                -0.005438476778598612,
                0.01686121949598584,
                0.9995297387532716,
                -0.025028455710517133
            ]
        },
        {
            "robot_pose": [
                0.48231378197669983,
                0.09726494550704956,
                1.229939579963684,
                0.712034285068512,
                -0.028541097417473793,
                0.7012443542480469,
                0.021190239116549492
            ],
            "object_pose": [
                0.5176546333359076,
                0.09747922970163769,
                1.2336728336749536,
                -0.008095316966169892,
                0.0050738141465580195,
                0.999354869605089,
                -0.03462032423041269
            ]
        }
    ]
}