{
    "hook_path": "models/hook/Hook_bar/base.urdf",
    "obj_path": "models/geo_data/hanging_exp/daily_85/base.urdf",
    "hook_pose": [
        0.5,
        -0.1,
        1.3,
        4.329780281177466e-17,
        0.7071067811865475,
        0.7071067811865476,
        4.329780281177467e-17
    ],
    "contact_info": [
        {
            "contact_point_hook": [
                -0.002482976521540281,
                -0.0030488109732511592,
                0.0263955494088467,
                1.0
            ],
            "contact_point_obj": [
                0.007972645075502549,
                0.050680417686042034,
                -0.0008819305742426842,
                1.0
            ],
            "object_pose": [
                0.4990874400732733,
                -0.07499075450255671,
                1.2457711724034308,
                0.7070499679596857,
                0.07066997329875409,
                0.12907427735989785,
                0.69168340200281
            ]
        }
    ]
}