{
    "hook_path": "models/hook/Hook_bar/base.urdf",
    "obj_path": "models/geo_data/hanging_exp/wrench_35/base.urdf",
    "hook_pose": [
        0.5,
        -0.1,
        1.3,
        4.329780281177466e-17,
        0.7071067811865475,
        0.7071067811865476,
        4.329780281177467e-17
    ],
    "contact_info": [
        {
            "contact_pose": [
                [
                    -0.02554133980726057,
                    -0.08228919063005127,
                    0.005421999841928472
                ],
                [
                    0.0008143861872403069,
                    0.3046319713657284,
                    0.9524697889156214
                ],
                [
                    -0.0012247037553119802,
                    0.952469694295835,
                    -0.3046308939498924
                ],
                [
                    -0.99999891843734,
                    -0.0009184061350667114,
                    0.0011487620821192257
                ]
            ],
            "object_pose": [
                0.4992703952046081,
                -0.07903208723841085,
                1.2116722196557272,
                -0.698270484666444,
                0.10935779430912096,
                0.10865531908762394,
                0.699037355726788
            ]
        }
    ],
    "initial_pose": [
        {
            "robot_pose": [
                0.4852458799429685,
                0.04216118915728479,
                1.2396368788559369,
                0.7539551394754918,
                -0.08314678315843127,
                0.6516039136285008,
                0.007113357359062215
            ],
            "object_pose": [
                0.5017263125947293,
                0.031265866534851944,
                1.2236921127282396,
                -0.6692652618847738,
                0.1362397934118491,
                0.15035070378510237,
                0.7147848583991734
            ]
        },
        {
            "robot_pose": [
                0.48385599673334373,
                0.1115355135178055,
                1.2285155551139644,
                0.7321074778787868,
                -0.07402846287208092,
                0.6771049857441691,
                -0.00820157296785841
            ],
            "object_pose": [
                0.5017263125947293,
                0.10126586653485194,
                1.2136921127282396,
                -0.673688001484351,
                0.10067280299511615,
                0.1383696692222227,
                0.7189320538357294
            ]
        },
        {
            "robot_pose": [
                0.4837780152970913,
                0.19202557943482218,
                1.2080669339350893,
                0.7326570769219521,
                -0.05608445742386601,
                0.6782645043065261,
                0.005040185460225396
            ],
            "object_pose": [
                0.5017263125947293,
                0.18126586653485197,
                1.1936921127282396,
                -0.6896632162962714,
                0.10110809588599523,
                0.139387974770703,
                0.7033582256030797
            ]
        }
    ]
}