{
    "hook_path": "models/hook/Hook_bar/base.urdf",
    "obj_path": "models/geo_data/hanging_exp/mug_100/base.urdf",
    "hook_pose": [
        0.5,
        -0.1,
        1.3,
        4.329780281177466e-17,
        0.7071067811865475,
        0.7071067811865476,
        4.329780281177467e-17
    ],
    "contact_info": [
        {
            "contact_pose": [
                [
                    0.04374731248246974,
                    0.01575618381633337,
                    -0.004472333061931099
                ],
                [
                    0.014995047118850635,
                    -0.911798369295902,
                    0.4103643287509735
                ],
                [
                    0.038746501209900225,
                    -0.4095723350253732,
                    -0.9114544481354261
                ],
                [
                    0.999136555835034,
                    0.029567484356926216,
                    0.02918744015682556
                ]
            ],
            "object_pose": [
                0.49903446823717196,
                -0.06132156198751904,
                1.2380444310971237,
                0.6080045876302661,
                -0.3809385299480916,
                0.38691558772618617,
                0.5792344825681882
            ]
        }
    ],
    "initial_pose": [
        {
            "robot_pose": [
                0.47409607698579426,
                0.08045328277402394,
                1.2856586933993297,
                0.801129543378701,
                -0.01292270131078297,
                0.5975447286915679,
                -0.03106051721376733
            ],
            "object_pose": [
                0.5109587930937209,
                0.046047085779104345,
                1.2610141951775018,
                0.5892255247932618,
                -0.40293059431204276,
                0.4089790457771017,
                0.5685036123145574
            ]
        },
        {
            "robot_pose": [
                0.47268818488571007,
                0.14806485664774827,
                1.2767089498777209,
                0.8098687114837649,
                0.013052647380132298,
                0.5843740541593164,
                -0.04949003315214524
            ],
            "object_pose": [
                0.5109587930937209,
                0.11604708577910434,
                1.2510141951775018,
                0.6074212311132925,
                -0.3748937248202023,
                0.4187756762876281,
                0.56135646075652
            ]
        },
        {
            "robot_pose": [
                0.4736802870739286,
                0.22906069435265294,
                1.2569065137487945,
                0.8043307478197642,
                -0.011746757193433805,
                0.5922103512957352,
                -0.04691440743864465
            ],
            "object_pose": [
                0.5109587930937209,
                0.19604708577910435,
                1.2310141951775018,
                0.6026549539419286,
                -0.3981276533528986,
                0.40663325818653906,
                0.5594200313374251
            ]
        }
    ]
}