{
    "hook_path": "models/hook/Hook_bar/base.urdf",
    "obj_path": "models/geo_data/hanging_exp/wrench_1/base.urdf",
    "hook_pose": [
        0.8,
        -0.2,
        1.0,
        4.329780281177466e-17,
        0.7071067811865475,
        0.7071067811865476,
        4.329780281177467e-17
    ],
    "contact_info": [
        {
            "contact_pose": [
                [
                    0.11821500025689591,
                    -0.00278499996056778,
                    0.00235750005231248
                ],
                [
                    0.05250564343403545,
                    -0.8025006344041995,
                    0.5943365117409792
                ],
                [
                    0.9718769577177763,
                    0.17787779840804427,
                    0.15432001779013238
                ],
                [
                    -0.2295611823998507,
                    0.5695192890625956,
                    0.7892714633893828
                ]
            ],
            "object_pose": [
                0.729288419730859,
                -0.16928244341403487,
                0.8965388957480583,
                0.8854000167327408,
                0.02874812865144482,
                0.4494499852358996,
                -0.11504375793649917
            ]
        }
    ],
    "initial_pose": [
        {
            "robot_pose": [
                0.7673525214195251,
                -0.031098088622093206,
                1.0035044312477113,
                0.815319836139679,
                0.012159894220530987,
                0.5774853229522705,
                0.040204212069511414
            ],
            "object_pose": [
                0.80298769911546,
                -0.03355173266521705,
                0.9730097118993845,
                0.7109687775416352,
                0.015618347429221925,
                0.7030126328914931,
                0.007259654227549231
            ]
        }
    ]
}