{
    "hook_path": "models/hook/Hook_bar/base.urdf",
    "obj_path": "models/geo_data/hanging_exp/mug_123/base.urdf",
    "hook_pose": [
        0.5,
        -0.1,
        1.3,
        4.329780281177466e-17,
        0.7071067811865475,
        0.7071067811865476,
        4.329780281177467e-17
    ],
    "contact_info": [
        {
            "contact_point_hook": [
                0.002944063081016357,
                -0.004392298330704314,
                0.04063046573719243,
                1.0
            ],
            "contact_point_obj": [
                0.04636244609441054,
                0.04812023124023784,
                -0.005427915474647792,
                1.0
            ],
            "object_pose": [
                0.5001132539336942,
                -0.06457234781932136,
                1.2288388550966707,
                0.6502372842288622,
                -0.2809718491262388,
                0.27807322344794927,
                0.6487846920192576
            ]
        }
    ]
}