{
    "hook_path": "models/hook/Hook_bar/base.urdf",
    "obj_path": "models/geo_data/hanging_exp/wrench_17/base.urdf",
    "hook_pose": [
        0.5,
        -0.1,
        1.3,
        4.329780281177466e-17,
        0.7071067811865475,
        0.7071067811865476,
        4.329780281177467e-17
    ],
    "contact_info": [
        {
            "contact_pose": [
                [
                    0.12008758541094537,
                    -0.01334999967366458,
                    0.0035070001613348957
                ],
                [
                    0.020331045015577587,
                    -0.9972358102890266,
                    -0.07146598691519673
                ],
                [
                    0.0153478057604588,
                    0.0717836420483226,
                    -0.9973021375654509
                ],
                [
                    0.9996754940814112,
                    0.019179348567320953,
                    0.016764817971556267
                ]
            ],
            "object_pose": [
                0.4991643407574716,
                -0.07404085085742552,
                1.1895373998266145,
                -0.4906783996194919,
                0.5184827696563452,
                -0.516631988002179,
                -0.47275967963570653
            ]
        }
    ],
    "initial_pose": [
        {
            "robot_pose": [
                0.4873623087070676,
                0.038611019356619515,
                1.2373121240401928,
                0.7328060180417209,
                0.004333211363001732,
                0.6802205556461097,
                0.016630059459252805
            ],
            "object_pose": [
                0.5131582993928157,
                0.03521639230307867,
                1.1904652780170502,
                0.5120836264082026,
                -0.4509222729806356,
                0.5513721504001883,
                0.4800293897853277
            ]
        },
        {
            "robot_pose": [
                0.48515778563677936,
                0.10776890716083433,
                1.226083689956823,
                0.716110919460824,
                -0.01358451850911997,
                0.6977404737550247,
                0.012603299963203354
            ],
            "object_pose": [
                0.5131582993928157,
                0.10521639230307867,
                1.1804652780170501,
                0.5010008287221761,
                -0.4758339791251861,
                0.552102308450476,
                0.4666510847873817
            ]
        },
        {
            "robot_pose": [
                0.48628586497151804,
                0.18673454568111464,
                1.2068026397158098,
                0.7248309787986774,
                -0.017899937337904855,
                0.688683057615818,
                0.0039103158412640655
            ],
            "object_pose": [
                0.5131582993928157,
                0.18521639230307868,
                1.1604652780170501,
                0.5136190790134817,
                -0.47372365999451643,
                0.5427058983192972,
                0.46610261055285607
            ]
        }
    ]
}