{
    "hook_path": "models/hook/Hook_bar/base.urdf",
    "obj_path": "models/geo_data/hanging_exp/mug_142/base.urdf",
    "hook_pose": [
        0.5,
        -0.1,
        1.3,
        4.329780281177466e-17,
        0.7071067811865475,
        0.7071067811865476,
        4.329780281177467e-17
    ],
    "contact_info": [
        {
            "contact_point_hook": [
                0.0017999592155511501,
                -0.0030470970569766997,
                0.032113938282466004,
                1.0
            ],
            "contact_point_obj": [
                0.05701869489521738,
                0.02501601511795931,
                -0.013141476974528332,
                1.0
            ],
            "object_pose": [
                0.5037744367563105,
                -0.07246196372732229,
                1.2337261821095529,
                0.4731867677218662,
                -0.6102126441856466,
                0.22450977467125255,
                0.594415824828005
            ]
        }
    ]
}