{
    "hook_path": "models/hook/Hook_bar/base.urdf",
    "obj_path": "models/geo_data/hanging_exp/mug_59/base.urdf",
    "hook_pose": [
        0.5,
        -0.1,
        1.3,
        4.329780281177466e-17,
        0.7071067811865475,
        0.7071067811865476,
        4.329780281177467e-17
    ],
    "contact_info": [
        {
            "contact_pose": [
                [
                    0.04270971653563964,
                    0.018912000581622075,
                    0.0006965909447394624
                ],
                [
                    -0.024480975194604015,
                    -0.9480163106678177,
                    0.3172786733477375
                ],
                [
                    -0.0005844497071926524,
                    -0.31736016504510106,
                    -0.9483049003675376
                ],
                [
                    0.9997001251735744,
                    -0.023400862170555675,
                    0.007215218473040963
                ]
            ],
            "object_pose": [
                0.5004291985942743,
                -0.06943492506046428,
                1.2360978548992396,
                0.5686152832693624,
                -0.406172658542183,
                0.4199814695661063,
                0.5790647600280744
            ]
        }
    ],
    "initial_pose": [
        {
            "robot_pose": [
                0.4792357385158539,
                0.05941718444228172,
                1.2344328165054321,
                0.7175771594047546,
                -0.048652533441782,
                0.6945881247520447,
                0.016229819506406784
            ],
            "object_pose": [
                0.5173533798989777,
                0.01087871090537375,
                1.2331328387188403,
                0.46067082184922736,
                -0.5211745188404533,
                0.4889221024032643,
                0.5264168429958823
            ]
        },
        {
            "robot_pose": [
                0.4799550771713257,
                0.09443459659814835,
                1.233189582824707,
                0.7176529169082642,
                -0.04321424663066864,
                0.6949623823165894,
                0.01158182043582201
            ],
            "object_pose": [
                0.5187119646389091,
                0.046440876217524234,
                1.2319499117051125,
                0.4637164652084124,
                -0.5181776500293837,
                0.49269684794734436,
                0.5231718445476518
            ]
        },
        {
            "robot_pose": [
                0.4788382053375244,
                0.17346946895122528,
                1.233749270439148,
                0.7181870341300964,
                -0.031015517190098763,
                0.6951574683189392,
                0.0012473282404243946
            ],
            "object_pose": [
                0.5190250396277093,
                0.1267263232647958,
                1.232610914393054,
                0.47087259346416566,
                -0.5107085778171956,
                0.5010269676280594,
                0.5161663752877551
            ]
        }
    ]
}