{
    "hook_path": "models/hook/Hook_bar/base.urdf",
    "obj_path": "models/geo_data/hanging_exp/scissor_12/base.urdf",
    "hook_pose": [
        0.5,
        -0.1,
        1.3,
        4.329780281177466e-17,
        0.7071067811865475,
        0.7071067811865476,
        4.329780281177467e-17
    ],
    "contact_info": [
        {
            "contact_pose": [
                [
                    0.06989926596312168,
                    -0.0025560000794939766,
                    0.031003066901561578
                ],
                [
                    0.06576852732798312,
                    -0.8660086634068233,
                    0.4956848754172712
                ],
                [
                    -0.988301908151216,
                    0.011968313778816742,
                    0.15203979021939262
                ],
                [
                    -0.13760028763695759,
                    -0.4998857413145719,
                    -0.8550908761486157
                ]
            ],
            "object_pose": [
                0.5006725241589396,
                -0.06727117494875619,
                1.2309436737997763,
                -0.043293261460310234,
                -0.4981795086661466,
                -0.06304553462792702,
                0.8636944663599303
            ]
        }
    ],
    "initial_pose": [
        {
            "robot_pose": [
                0.4803074927464032,
                0.041953511962174936,
                1.2449715955375564,
                0.7379996210686461,
                -0.03505451454351282,
                0.6738590186416458,
                0.006462453711357002
            ],
            "object_pose": [
                0.5052590837986801,
                0.03966357392928757,
                1.248146001560418,
                -0.022362817561446792,
                -0.47843789971459777,
                -0.017019524597338267,
                0.8776715879472677
            ]
        },
        {
            "robot_pose": [
                0.48035659637032224,
                0.11122743413697876,
                1.2342315377447992,
                0.7283947525538247,
                -0.023793214411545593,
                0.6847379511123318,
                -0.0029842430370977777
            ],
            "object_pose": [
                0.5052590837986801,
                0.10966357392928756,
                1.238146001560418,
                -0.016143062209235035,
                -0.49162999362882165,
                -0.0041912560330996905,
                0.870644464910849
            ]
        },
        {
            "robot_pose": [
                0.48049607359314633,
                0.19292711263780501,
                1.2143983080709302,
                0.7301455542166632,
                -0.04172321580482879,
                0.6813250093274144,
                0.030706262969370714
            ],
            "object_pose": [
                0.5052590837986801,
                0.18966357392928757,
                1.218146001560418,
                -0.04449721289121791,
                -0.48678435752436866,
                -0.029534186882537408,
                0.8718880198280561
            ]
        }
    ]
}