{
    "hook_path": "models/hook/Hook_bar/base.urdf",
    "obj_path": "models/geo_data/hanging_exp/daily_11/base.urdf",
    "hook_pose": [
        0.5,
        -0.1,
        1.3,
        4.329780281177466e-17,
        0.7071067811865475,
        0.7071067811865476,
        4.329780281177467e-17
    ],
    "contact_info": [
        {
            "contact_pose": [
                [
                    -0.08931135749015215,
                    -0.002800515264743758,
                    0.0016195999458432147
                ],
                [
                    0.0007784746341776283,
                    0.999959436395641,
                    0.00897326810898999
                ],
                [
                    -0.0020004705977970105,
                    0.008974810126366695,
                    -0.9999577245566849
                ],
                [
                    -0.9999976960446615,
                    0.0007604909647991875,
                    0.00200737611352908
                ]
            ],
            "object_pose": [
                0.49992648137018797,
                -0.07410309457083933,
                1.2078809587951407,
                -0.5019295987675941,
                0.49844450379495764,
                0.49705778595863825,
                0.5025468256147848
            ]
        }
    ],
    "initial_pose": [
        {
            "robot_pose": [
                0.48437198996543884,
                -0.0066226026974618435,
                1.252336859703064,
                0.7146151065826416,
                -0.05749884992837906,
                0.6967543959617615,
                0.023504698649048805
            ],
            "object_pose": [
                0.5107534023647567,
                -0.013477578310541324,
                1.2211517324085996,
                -0.5093094640013142,
                0.477581842476206,
                0.5015482768127509,
                0.510851034688084
            ]
        },
        {
            "robot_pose": [
                0.48828986287117004,
                0.03076440468430519,
                1.2552646398544312,
                0.7134666442871094,
                -0.052092280238866806,
                0.6984615921974182,
                0.020080426707863808
            ],
            "object_pose": [
                0.5148879664972539,
                0.02416873642993236,
                1.2242106975552995,
                -0.5137987266720716,
                0.4743122963344119,
                0.5027102093355372,
                0.5082530466666728
            ]
        },
        {
            "robot_pose": [
                0.49208468198776245,
                0.08156459778547287,
                1.2503831386566162,
                0.7136173248291016,
                -0.02975720353424549,
                0.6992492079734802,
                0.03025585040450096
            ],
            "object_pose": [
                0.519282117727218,
                0.07971892953164768,
                1.2196176757491806,
                0.5286898904516723,
                -0.4818518072799722,
                -0.4956314284556236,
                -0.4926005711347292
            ]
        }
    ]
}