{
    "hook_path": "models/hook/Hook_bar/base.urdf",
    "obj_path": "models/geo_data/hanging_exp/mug_67/base.urdf",
    "hook_pose": [
        0.5,
        -0.1,
        1.3,
        4.329780281177466e-17,
        0.7071067811865475,
        0.7071067811865476,
        4.329780281177467e-17
    ],
    "contact_info": [
        {
            "contact_pose": [
                [
                    0.06757965977138403,
                    0.0069346833697831395,
                    -0.0010199001912798234
                ],
                [
                    0.016310785835927044,
                    -0.9898654592021947,
                    0.14106853279113404
                ],
                [
                    -0.033970337471718515,
                    -0.14155446366552477,
                    -0.9893474364390014
                ],
                [
                    0.9992897349805374,
                    0.011344888487525018,
                    -0.035934928241664055
                ]
            ],
            "object_pose": [
                0.5002761571685416,
                -0.06099417768023899,
                1.2151803422667726,
                0.5287823474282545,
                -0.47545943390790707,
                0.4510033927947834,
                0.5393732431663921
            ]
        }
    ],
    "initial_pose": [
        {
            "robot_pose": [
                0.4786307215690613,
                0.0430230088531971,
                1.2440909147262573,
                0.7153206467628479,
                -0.055482808500528336,
                0.6961238384246826,
                0.025488432496786118
            ],
            "object_pose": [
                0.51449505228907,
                -0.012539474070489607,
                1.229986755942368,
                0.5019874290752114,
                -0.519656976282032,
                0.44853111617193864,
                0.5261036835809366
            ]
        },
        {
            "robot_pose": [
                0.48183268308639526,
                0.09954580664634705,
                1.239524006843567,
                0.7148140072822571,
                -0.04766126349568367,
                0.6973922848701477,
                0.02033448964357376
            ],
            "object_pose": [
                0.5187094224684334,
                0.04460037888024156,
                1.2257068754821272,
                0.5050933727286956,
                -0.5151135493886663,
                0.45457402916484674,
                0.5223994334516431
            ]
        },
        {
            "robot_pose": [
                0.48407408595085144,
                0.15257754921913147,
                1.2374361753463745,
                0.7145622968673706,
                -0.04018086940050125,
                0.6982493996620178,
                0.01529344916343689
            ],
            "object_pose": [
                0.5219006701289619,
                0.09824871872298975,
                1.2238563935442148,
                0.5082925580575758,
                -0.5104852814567564,
                0.46007289492949066,
                0.5190148207811602
            ]
        }
    ]
}