{
    "hook_path": "models/hook/Hook_bar/base.urdf",
    "obj_path": "models/geo_data/hanging_exp/mug_181/base.urdf",
    "hook_pose": [
        0.5,
        -0.1,
        1.3,
        4.329780281177466e-17,
        0.7071067811865475,
        0.7071067811865476,
        4.329780281177467e-17
    ],
    "contact_info": [
        {
            "contact_point_hook": [
                -0.0010273888410170517,
                -0.0031493513450771005,
                0.0354098397043186,
                1.0
            ],
            "contact_point_obj": [
                0.053828699053109164,
                0.020755653926054298,
                -0.004056214275286171,
                1.0
            ],
            "object_pose": [
                0.5005384394744093,
                -0.07020605137546043,
                1.2392919691895954,
                0.5659352661369677,
                -0.40747707571268144,
                0.3898041152847817,
                0.6014419830857918
            ]
        }
    ]
}