{
    "hook_path": "models/hook/Hook_bar/base.urdf",
    "obj_path": "models/geo_data/hanging_exp/daily_11/base.urdf",
    "hook_pose": [
        0.5,
        -0.1,
        1.3,
        4.329780281177466e-17,
        0.7071067811865475,
        0.7071067811865476,
        4.329780281177467e-17
    ],
    "contact_info": [
        {
            "contact_point_hook": [
                0.001916778965598609,
                -0.0035229585133134123,
                0.012262238635792651,
                1.0
            ],
            "contact_point_obj": [
                -0.04471827803342143,
                0.0017191390039016374,
                0.0007833433940478019,
                1.0
            ],
            "object_pose": [
                0.5006251601334911,
                -0.08919986678860152,
                1.2518150414261586,
                -0.5027358040731453,
                0.5042054369919987,
                0.4861851983628947,
                0.5066137991640856
            ]
        }
    ]
}