{
    "hook_path": "models/hook/Hook_bar/base.urdf",
    "obj_path": "models/geo_data/hanging_exp/daily_5/base.urdf",
    "hook_pose": [
        0.5,
        -0.1,
        1.3,
        4.329780281177466e-17,
        0.7071067811865475,
        0.7071067811865476,
        4.329780281177467e-17
    ],
    "contact_info": [
        {
            "contact_pose": [
                [
                    0.001703978142193115,
                    -0.0005349143469253762,
                    0.04163900017738318
                ],
                [
                    -0.9912399245127107,
                    0.01512727815360522,
                    -0.13120433494248324
                ],
                [
                    0.12754796363572557,
                    -0.14818034471684033,
                    -0.9807008220716337
                ],
                [
                    -0.034277237701067845,
                    -0.9888446545819327,
                    0.14495282018754468
                ]
            ],
            "object_pose": [
                0.4945039346692164,
                -0.06952799340001356,
                1.2558198832588523,
                0.04329830860238531,
                0.06085169826065864,
                0.7495993851985442,
                0.6576648759063624
            ]
        }
    ],
    "initial_pose": [
        {
            "robot_pose": [
                0.49445727467536926,
                0.0865762010216713,
                1.2536566257476807,
                0.7171713709831238,
                -0.01664072275161743,
                0.6962597966194153,
                0.02471146173775196
            ],
            "object_pose": [
                0.5254920854395199,
                0.08245779407879478,
                1.2559992149034978,
                0.0024617206746091053,
                0.01945265429533241,
                0.700316556339564,
                0.7135630701548958
            ]
        }
    ]
}