{
    "hook_path": "models/hook/Hook_bar/base.urdf",
    "obj_path": "models/geo_data/hanging_exp/daily_106/base.urdf",
    "hook_pose": [
        0.5,
        -0.1,
        1.3,
        4.329780281177466e-17,
        0.7071067811865475,
        0.7071067811865476,
        4.329780281177467e-17
    ],
    "contact_info": [
        {
            "contact_point_hook": [
                -0.0006940603597755945,
                -0.0030827363097554183,
                0.033387856207180294,
                1.0
            ],
            "contact_point_obj": [
                -0.00043536827287365965,
                -0.027544944317943187,
                0.047330646967196244,
                1.0
            ],
            "object_pose": [
                0.49655820084718105,
                -0.06608094552983894,
                1.2423121710720422,
                -0.21029568131956575,
                -0.08888680360979448,
                0.4622310981867284,
                0.8568647935534897
            ]
        }
    ]
}