{
    "hook_path": "models/hook/Hook_bar/base.urdf",
    "obj_path": "models/geo_data/hanging_exp/daily_84/base.urdf",
    "hook_pose": [
        0.5,
        -0.1,
        1.3,
        4.329780281177466e-17,
        0.7071067811865475,
        0.7071067811865476,
        4.329780281177467e-17
    ],
    "contact_info": [
        {
            "contact_pose": [
                [
                    -0.025281446437740503,
                    0.0010029634351435134,
                    0.007080000126734377
                ],
                [
                    0.0004811168061078508,
                    0.9995600408713162,
                    0.02965625094227392
                ],
                [
                    -0.0036135112478663522,
                    0.02965779851269834,
                    -0.9995535791161179
                ],
                [
                    -0.9999933555094654,
                    0.0003737388291685795,
                    0.003626190315902833
                ]
            ],
            "object_pose": [
                0.4998094996774211,
                -0.06201171617114503,
                1.2712417107792493,
                -0.5065610719655568,
                0.49354103150973194,
                0.49151716627720415,
                0.5081574616595164
            ]
        }
    ],
    "initial_pose": [
        {
            "robot_pose": [
                0.45051810145378113,
                0.029325326904654503,
                1.2827141284942627,
                0.7119652032852173,
                -0.03259379416704178,
                0.7002211213111877,
                0.04163755849003792
            ],
            "object_pose": [
                0.5087436923647023,
                0.028130033859202853,
                1.281485900730496,
                0.5258675342948876,
                -0.5131810117849559,
                -0.4810278544779758,
                -0.4782476228213788
            ]
        },
        {
            "robot_pose": [
                0.4581836760044098,
                0.07196220755577087,
                1.2802491188049316,
                0.7120135426521301,
                -0.024980764836072922,
                0.700595498085022,
                0.03973131999373436
            ],
            "object_pose": [
                0.5164466489858104,
                0.07183731287035658,
                1.2790092440111365,
                0.5310328301261468,
                -0.511484472626442,
                -0.48243361873117985,
                -0.47291180055926313
            ]
        },
        {
            "robot_pose": [
                0.4598424434661865,
                0.11364886164665222,
                1.2870101928710938,
                0.7105967998504639,
                -0.03140822798013687,
                0.7025114893913269,
                0.02330918237566948
            ],
            "object_pose": [
                0.5180732459809139,
                0.11378189554471534,
                1.2861984063263658,
                0.5287757229597747,
                -0.49905296502329055,
                -0.49055928099448104,
                -0.48030611565959425
            ]
        }
    ]
}