{
    "hook_path": "models/hook/Hook_bar/base.urdf",
    "obj_path": "models/geo_data/hanging_exp/daily_84/base.urdf",
    "hook_pose": [
        0.5,
        -0.1,
        1.3,
        4.329780281177466e-17,
        0.7071067811865475,
        0.7071067811865476,
        4.329780281177467e-17
    ],
    "contact_info": [
        {
            "contact_point_hook": [
                0.002083123233438733,
                -0.0027944583214944974,
                0.028531201920160013,
                1.0
            ],
            "contact_point_obj": [
                0.0002772692031522972,
                -0.026557284408935233,
                0.0075872314862882005,
                1.0
            ],
            "obj_pose": [
                0.4980225679504298,
                -0.0793037953770402,
                1.270719055279945,
                -0.709893010938882,
                0.01330801120402547,
                -0.03860225050544577,
                0.7031249363476143
            ]
        }
    ]
}