{
    "hook_path": "models/hook/Hook_bar/base.urdf",
    "obj_path": "models/geo_data/hanging_exp/scissor_62/base.urdf",
    "hook_pose": [
        0.5,
        -0.1,
        1.3,
        4.329780281177466e-17,
        0.7071067811865475,
        0.7071067811865476,
        4.329780281177467e-17
    ],
    "contact_info": [
        {
            "contact_point_hook": [
                -0.003336069424323629,
                -0.008563550030141753,
                0.025819102334609767,
                1.0
            ],
            "contact_point_obj": [
                0.021893930629031777,
                -0.00077422590318596,
                -0.007728812915100025,
                1.0
            ],
            "object_pose": [
                0.49937868017608256,
                -0.0762627743469254,
                1.2686398924877422,
                0.8624031748260749,
                0.07694158061975408,
                0.49954437854432515,
                -0.02821650379484463
            ]
        }
    ]
}