{
    "hook_path": "models/hook/Hook_bar/base.urdf",
    "obj_path": "models/geo_data/hanging_exp/scissor_39/base.urdf",
    "hook_pose": [
        0.5,
        -0.1,
        1.3,
        4.329780281177466e-17,
        0.7071067811865475,
        0.7071067811865476,
        4.329780281177467e-17
    ],
    "contact_info": [
        {
            "contact_pose": [
                [
                    0.0857137147494639,
                    0.001196600031107669,
                    0.01734649510862328
                ],
                [
                    0.00010760033804063163,
                    -0.9783632524950895,
                    -0.20689450110961605
                ],
                [
                    0.9999993491218797,
                    -0.00012973104541083677,
                    0.0011335456200423878
                ],
                [
                    -0.0011358600195949375,
                    -0.206894488416404,
                    0.9783626017407504
                ]
            ],
            "object_pose": [
                0.4995818758542122,
                -0.07171234919336239,
                1.2095405449191547,
                0.6297242173356246,
                0.0004072994390872209,
                0.7768185661156503,
                -0.00039943238106716466
            ]
        }
    ],
    "initial_pose": [
        {
            "robot_pose": [
                0.4757677912712097,
                0.006329788826406002,
                1.2326388359069824,
                0.6669944524765015,
                -0.06012666970491409,
                0.7387905716896057,
                0.07544336467981339
            ],
            "object_pose": [
                0.5082817226729927,
                -0.00040395240919017714,
                1.218424006314256,
                0.6258451318221886,
                0.03137928548067722,
                0.7792081052112967,
                0.012959173978698044
            ]
        },
        {
            "robot_pose": [
                0.480231910943985,
                0.04475511610507965,
                1.236082673072815,
                0.663922131061554,
                -0.06327573955059052,
                0.742530882358551,
                0.062060266733169556
            ],
            "object_pose": [
                0.513309699267761,
                0.04055568056902707,
                1.2221298714136386,
                0.6213510231994649,
                0.027851235977790656,
                0.7830370570452643,
                0.0004265177359335191
            ]
        },
        {
            "robot_pose": [
                0.48391616344451904,
                0.08205170929431915,
                1.2345219850540161,
                0.6628178358078003,
                -0.05331018194556236,
                0.7441473007202148,
                0.06383827328681946
            ],
            "object_pose": [
                0.5163317826968443,
                0.07354929962037583,
                1.2207425238508045,
                0.6201601088349233,
                0.03765645353692974,
                0.783568761205365,
                0.0018513184401284777
            ]
        }
    ]
}