{
    "hook_path": "models/hook/Hook_bar/base.urdf",
    "obj_path": "models/geo_data/hanging_exp/scissor_101/base.urdf",
    "hook_pose": [
        0.5,
        -0.1,
        1.3,
        4.329780281177466e-17,
        0.7071067811865475,
        0.7071067811865476,
        4.329780281177467e-17
    ],
    "contact_info": [
        {
            "contact_pose": [
                [
                    0.066854121627912,
                    -0.0015878026687783935,
                    0.012476433524762118
                ],
                [
                    -0.000295224314641795,
                    -0.9570214946119742,
                    0.2900168472576503
                ],
                [
                    -0.9999981689094999,
                    0.0008308914189430584,
                    0.0017238901059897101
                ],
                [
                    -0.0018907723955163681,
                    -0.2900158072762814,
                    -0.9570199875183565
                ]
            ],
            "object_pose": [
                0.4996439207624827,
                -0.06709728019350568,
                1.241585813921274,
                -0.0008472118786394576,
                -0.5958115294234344,
                -0.0004447215789861244,
                0.8031237176555415
            ]
        }
    ],
    "initial_pose": [
        {
            "robot_pose": [
                0.48670981733103413,
                0.04170488434147154,
                1.262438138981603,
                0.7483758698172484,
                -0.031877765154624156,
                0.6618542725472164,
                0.029432761933237215
            ],
            "object_pose": [
                0.5028435220326666,
                0.03852217391713543,
                1.2566160742910166,
                -0.02266845144598518,
                -0.5551001445259892,
                0.010968673204375428,
                0.8314022245967366
            ]
        },
        {
            "robot_pose": [
                0.4863607569118589,
                0.11115979559202487,
                1.2516840044581032,
                0.7349761700726241,
                -0.0031338524894973245,
                0.6775297997040655,
                0.02745139171190028
            ],
            "object_pose": [
                0.5028435220326666,
                0.10852217391713542,
                1.2466160742910166,
                -0.025511115115624768,
                -0.5715435047995076,
                0.039749387688930125,
                0.8192113227399923
            ]
        },
        {
            "robot_pose": [
                0.4863385350005241,
                0.1909653822118873,
                1.2317090740557222,
                0.7343202832366332,
                -0.01175726737686838,
                0.6785143078748728,
                0.015931801535982885
            ],
            "object_pose": [
                0.5028435220326666,
                0.18852217391713544,
                1.2266160742910166,
                -0.013008062132843006,
                -0.5732702537823607,
                0.0327643117914985,
                0.8186076632433179
            ]
        }
    ]
}