{
    "hook_path": "models/hook/Hook_bar/base.urdf",
    "obj_path": "models/geo_data/hanging_exp/mug_67/base.urdf",
    "hook_pose": [
        0.5,
        -0.1,
        1.3,
        4.329780281177466e-17,
        0.7071067811865475,
        0.7071067811865476,
        4.329780281177467e-17
    ],
    "contact_info": [
        {
            "contact_pose": [
                [
                    0.044607276096251924,
                    0.0076501440785765535,
                    -0.0008871823036671966
                ],
                [
                    0.00025981183579054656,
                    -0.9636109411105152,
                    0.2673085981967597
                ],
                [
                    -0.030150978024179986,
                    -0.2671946254572495,
                    -0.9631707795873714
                ],
                [
                    0.9995453221450215,
                    -0.007809372501480505,
                    -0.029123232635435925
                ]
            ],
            "object_pose": [
                0.49377467537839637,
                -0.06394050072509629,
                1.2385836348994868,
                0.5543798895322365,
                -0.43446317661164896,
                0.42141125883172026,
                0.5712418377365273
            ]
        }
    ],
    "initial_pose": [
        {
            "robot_pose": [
                0.4836999679002364,
                0.07859397806550213,
                1.2624383878230554,
                0.7125961630667998,
                -0.002005337931572939,
                0.7010218668974801,
                0.02776741136344122
            ],
            "object_pose": [
                0.5101959510944625,
                0.04803807793598264,
                1.2557806174595538,
                0.5013508588000973,
                -0.47238824216461445,
                0.48205068856169925,
                0.5414090862760081
            ]
        },
        {
            "robot_pose": [
                0.4850156165833901,
                0.14910586643414905,
                1.2547677936629393,
                0.7392397698048755,
                -0.012879136957256232,
                0.6725541303640836,
                0.03208788401067034
            ],
            "object_pose": [
                0.5101959510944625,
                0.11803807793598263,
                1.2457806174595538,
                0.5170289216849613,
                -0.45940763638564636,
                0.4535067805564393,
                0.562100807472444
            ]
        },
        {
            "robot_pose": [
                0.4838162227457356,
                0.22871145204442045,
                1.2323593800649526,
                0.7118954672842175,
                -0.003219556903050632,
                0.7016554768019003,
                0.029564674654586585
            ],
            "object_pose": [
                0.5101959510944625,
                0.19803807793598263,
                1.2257806174595538,
                0.4996404758909485,
                -0.4737539079902292,
                0.4816079396923994,
                0.5421903927041628
            ]
        }
    ]
}