{
    "hook_path": "models/hook/Hook_bar/base.urdf",
    "obj_path": "models/geo_data/hanging_exp/mug_70/base.urdf",
    "hook_pose": [
        0.5,
        -0.1,
        1.3,
        4.329780281177466e-17,
        0.7071067811865475,
        0.7071067811865476,
        4.329780281177467e-17
    ],
    "contact_info": [
        {
            "contact_point_hook": [
                -0.0021373845498521282,
                -0.0036134514714187826,
                0.04337002656918969,
                1.0
            ],
            "contact_point_obj": [
                0.044570356402613864,
                0.003047710960690564,
                -0.0033549931709751096,
                1.0
            ],
            "object_pose": [
                0.49991260755737554,
                -0.060244487834989854,
                1.251787817110648,
                0.5243317390087939,
                -0.4710749033799248,
                0.4685796225727689,
                0.5325390128273892
            ]
        }
    ]
}