{
    "hook_path": "models/hook/Hook_bar/base.urdf",
    "obj_path": "models/geo_data/hanging_exp/scissor_62/base.urdf",
    "hook_pose": [
        0.5,
        -0.1,
        1.3,
        4.329780281177466e-17,
        0.7071067811865475,
        0.7071067811865476,
        4.329780281177467e-17
    ],
    "contact_info": [
        {
            "contact_pose": [
                [
                    0.041737001389264936,
                    0.0006999999750405583,
                    0.006597000174224265
                ],
                [
                    0.02501168455763783,
                    -0.8952097064706994,
                    0.4449426896536598
                ],
                [
                    -0.9994798967443282,
                    -0.013330308146741895,
                    0.029363904519997132
                ],
                [
                    -0.02035562918545685,
                    -0.44544571422941837,
                    -0.8950775184502777
                ]
            ],
            "object_pose": [
                0.4996010951175041,
                -0.07363007284322667,
                1.2674217100049876,
                -0.0020663179760721183,
                -0.5265670643092981,
                -0.015993184731552115,
                0.8499806322245534
            ]
        }
    ],
    "initial_pose": [
        {
            "robot_pose": [
                0.4745882751027392,
                0.03195805277998418,
                1.2707626142065638,
                0.7407101151874915,
                -0.03948105759785663,
                0.6704160489514503,
                0.018223409620993156
            ],
            "object_pose": [
                0.5065321900171568,
                0.029369200757388424,
                1.2807206282241943,
                0.002712284389116028,
                -0.5042853549925986,
                0.0035815264465376396,
                0.8635253886954882
            ]
        },
        {
            "robot_pose": [
                0.47498217581589175,
                0.09993662758289489,
                1.2592946696767704,
                0.7259696137087457,
                -0.00971301201481935,
                0.6875683965814948,
                0.011112038135585848
            ],
            "object_pose": [
                0.5065321900171568,
                0.09936920075738842,
                1.2707206282241943,
                0.002516463484537261,
                -0.52307081517943,
                0.03444874216527235,
                0.8515890287470173
            ]
        },
        {
            "robot_pose": [
                0.47470071388918855,
                0.17993398147673048,
                1.2401038467776624,
                0.734445833574836,
                -0.0001553428458659891,
                0.6779120439692283,
                0.032008655932849954
            ],
            "object_pose": [
                0.5065321900171568,
                0.17936920075738844,
                1.2507206282241943,
                -0.01928564621269205,
                -0.5109696376232088,
                0.03932996830017146,
                0.8584819432410171
            ]
        }
    ]
}