{
    "hook_path": "models/hook/Hook_bar/base.urdf",
    "obj_path": "models/geo_data/hanging_exp/bag_6/base.urdf",
    "hook_pose": [
        0.5,
        -0.1,
        1.3,
        4.329780281177466e-17,
        0.7071067811865475,
        0.7071067811865476,
        4.329780281177467e-17
    ],
    "contact_info": [
        {
            "contact_point_hook": [
                0.0016337359989053168,
                -0.0033679014760474857,
                0.03542982522609771,
                1.0
            ],
            "contact_point_obj": [
                0.0017544482138389696,
                0.05788606622487169,
                -0.0023078912229778648,
                1.0
            ],
            "object_pose": [
                0.49988532610187025,
                -0.06616765373619332,
                1.238715420228997,
                0.5039349191926671,
                0.5028604259014463,
                0.49738735137332485,
                0.4957689098504711
            ]
        }
    ]
}