{
    "hook_path": "models/hook/Hook_bar/base.urdf",
    "obj_path": "models/geo_data/hanging_exp/mug_147/base.urdf",
    "hook_pose": [
        0.5,
        -0.1,
        1.3,
        4.329780281177466e-17,
        0.7071067811865475,
        0.7071067811865476,
        4.329780281177467e-17
    ],
    "contact_info": [
        {
            "contact_point_hook": [
                -0.002556548416713156,
                -0.0027160079938024495,
                0.03933076639242507,
                1.0
            ],
            "contact_point_obj": [
                0.05437130517203825,
                0.0036536639229179935,
                -0.0031850602224971075,
                1.0
            ],
            "object_pose": [
                0.49645444055497984,
                -0.06465339606468502,
                1.2431857163964097,
                0.5968300945669431,
                -0.38732157325979033,
                0.5051472367517778,
                0.48846914570811734
            ]
        }
    ]
}