{
    "hook_path": "models/hook/Hook_bar/base.urdf",
    "obj_path": "models/geo_data/hanging_exp/scissor_4/base.urdf",
    "hook_pose": [
        0.5,
        -0.1,
        1.3,
        4.329780281177466e-17,
        0.7071067811865475,
        0.7071067811865476,
        4.329780281177467e-17
    ],
    "contact_info": [
        {
            "contact_pose": [
                [
                    0.05757126799327855,
                    0.001130205177338578,
                    -0.018792783001210955
                ],
                [
                    -0.07754081734840446,
                    -0.8509627966750989,
                    -0.5194706347040569
                ],
                [
                    -0.95909605189339,
                    -0.07861525516481362,
                    0.27194559179711464
                ],
                [
                    -0.27225389783702464,
                    0.5193091182814582,
                    -0.8100591674577119
                ]
            ],
            "object_pose": [
                0.5061136981996088,
                -0.06626925827723154,
                1.2466280007538595,
                0.10092377282386358,
                0.8657187483355817,
                0.10132307798474222,
                -0.47966558634841494
            ]
        }
    ],
    "initial_pose": [
        {
            "robot_pose": [
                0.4582123022875193,
                0.03679426252785899,
                1.2712257393257638,
                0.6734836930279375,
                -0.037081601391146225,
                0.7367698141055071,
                0.0470628418888545
            ],
            "object_pose": [
                0.507637645822457,
                0.034138268820899736,
                1.2719515669577468,
                0.021671163551739404,
                -0.8444135900589761,
                0.047068819739785175,
                0.53317968434884
            ]
        },
        {
            "robot_pose": [
                0.45820895390727145,
                0.10682857464256638,
                1.2620628414334623,
                0.6796179502231208,
                -0.031978208691925,
                0.731007786443081,
                0.05219628399576553
            ],
            "object_pose": [
                0.507637645822457,
                0.10413826882089973,
                1.2619515669577468,
                0.018176874612727822,
                -0.8393455723082001,
                0.05233743445128415,
                0.5407674217544829
            ]
        },
        {
            "robot_pose": [
                0.45841565907286097,
                0.18890983297356806,
                1.2441592598324314,
                0.6941560532990003,
                -0.03656644556947368,
                0.7148781707353803,
                0.07589117032176367
            ],
            "object_pose": [
                0.507637645822457,
                0.18413826882089973,
                1.2419515669577468,
                -0.00435299648638917,
                -0.8267259340673531,
                0.0502824980297715,
                0.5603364629880317
            ]
        }
    ]
}