{
    "hook_path": "models/hook/Hook_bar/base.urdf",
    "obj_path": "models/geo_data/hanging_exp/scissor_8/base.urdf",
    "hook_pose": [
        0.5,
        -0.1,
        1.3,
        4.329780281177466e-17,
        0.7071067811865475,
        0.7071067811865476,
        4.329780281177467e-17
    ],
    "contact_info": [
        {
            "contact_point_hook": [
                0.0035240110594454976,
                -0.003729833920352421,
                0.027949882623328856,
                1.0
            ],
            "contact_point_obj": [
                0.0887632224604824,
                -0.002738645203235676,
                0.01860962022285606,
                1.0
            ],
            "object_pose": [
                0.5030320266588663,
                -0.07303414963000929,
                1.2057782998489321,
                0.5988557698210621,
                -0.057815015711254455,
                0.7971052488054,
                0.051501584802914085
            ]
        }
    ]
}