{
    "hook_path": "models/hook/Hook_bar/base.urdf",
    "obj_path": "models/geo_data/hanging_exp/wrench_12/base.urdf",
    "hook_pose": [
        0.5,
        -0.1,
        1.3,
        4.329780281177466e-17,
        0.7071067811865475,
        0.7071067811865476,
        4.329780281177467e-17
    ],
    "contact_info": [
        {
            "contact_point_hook": [
                -0.0006752090531486621,
                -0.0028518026552892817,
                0.029281120654513593,
                1.0
            ],
            "contact_point_obj": [
                0.15055745875177595,
                -0.00030068490278706284,
                0.016069343809893777,
                1.0
            ],
            "object_pose": [
                0.5102805790460483,
                -0.07270123191499923,
                1.1460532942100459,
                -0.08014246772448202,
                -0.6876158445914731,
                -0.08343599278477974,
                0.7167984864951962
            ]
        }
    ]
}