{
    "hook_path": "models/hook/Hook_bar/base.urdf",
    "obj_path": "models/geo_data/hanging_exp/mug_115/base.urdf",
    "hook_pose": [
        0.5,
        -0.1,
        1.3,
        4.329780281177466e-17,
        0.7071067811865475,
        0.7071067811865476,
        4.329780281177467e-17
    ],
    "contact_info": [
        {
            "contact_pose": [
                [
                    0.059414444053785286,
                    0.02521797673505546,
                    0.00405820012092589
                ],
                [
                    -0.020482406253962915,
                    -0.9170036368703234,
                    0.3983526088789283
                ],
                [
                    0.055199042022821526,
                    -0.39886568062289396,
                    -0.9153465106619454
                ],
                [
                    0.998265263741963,
                    0.003240183302883254,
                    0.058787451197966634
                ]
            ],
            "object_pose": [
                0.4985016721983154,
                -0.06786024146001779,
                1.2201163737044722,
                0.6034881594125591,
                -0.3707049137795228,
                0.40422959127240127,
                0.5787731385338352
            ]
        }
    ],
    "initial_pose": [
        {
            "robot_pose": [
                0.4904630184173584,
                0.07280532270669937,
                1.2527905702590942,
                0.7696126699447632,
                -0.03739507496356964,
                0.6374109387397766,
                0.0022958635818213224
            ],
            "object_pose": [
                0.5405481142973744,
                0.017480983746884483,
                1.2355714596236362,
                -0.5459402111116233,
                0.5707640133709859,
                -0.40235953853412293,
                -0.46290876928683145
            ]
        },
        {
            "robot_pose": [
                0.49261146783828735,
                0.11443436145782471,
                1.251754879951477,
                0.7695140242576599,
                -0.031720250844955444,
                0.6378403306007385,
                -0.0013257095124572515
            ],
            "object_pose": [
                0.5434656419682782,
                0.05983194737997709,
                1.2346971562562101,
                -0.5490391664563155,
                0.567096736252087,
                -0.4064324066270218,
                -0.46018472842169855
            ]
        },
        {
            "robot_pose": [
                0.4935491681098938,
                0.14875417947769165,
                1.2512214183807373,
                0.7694892883300781,
                -0.026920858770608902,
                0.6380768418312073,
                -0.004410733003169298
            ],
            "object_pose": [
                0.5450420599089707,
                0.09490147628191943,
                1.2342987628213105,
                -0.5516864114096991,
                0.5638200436552161,
                -0.4097599687970792,
                -0.45808932514296286
            ]
        }
    ]
}