{
    "hook_path": "models/hook/Hook_bar/base.urdf",
    "obj_path": "models/geo_data/hanging_exp/mug_205/base.urdf",
    "hook_pose": [
        0.5,
        -0.1,
        1.3,
        4.329780281177466e-17,
        0.7071067811865475,
        0.7071067811865476,
        4.329780281177467e-17
    ],
    "contact_info": [
        {
            "contact_point_hook": [
                -0.0008037660825515047,
                -0.002992990038962473,
                0.027702074152462817,
                1.0
            ],
            "contact_point_obj": [
                0.052258407098240145,
                0.010607074281097334,
                -0.0041439462529838135,
                1.0
            ],
            "object_pose": [
                0.500489104045259,
                -0.07537263871787196,
                1.2436115929632745,
                0.5752449784921524,
                -0.4236655446337536,
                0.46384205530065875,
                0.5238809681065052
            ]
        }
    ]
}