{
    "hook_path": "models/hook/Hook_bar/base.urdf",
    "obj_path": "models/geo_data/hanging_exp/scissor_4/base.urdf",
    "hook_pose": [
        0.5,
        -0.1,
        1.3,
        4.329780281177466e-17,
        0.7071067811865475,
        0.7071067811865476,
        4.329780281177467e-17
    ],
    "contact_info": [
        {
            "contact_point_hook": [
                0.0008090567392837755,
                -0.0030726553054016836,
                0.031414015278618826,
                1.0
            ],
            "contact_point_obj": [
                0.06458577228561058,
                0.0018836889204112348,
                -0.02658407862156764,
                1.0
            ],
            "object_pose": [
                0.5043100346391379,
                -0.07045124504348137,
                1.2272717691157153,
                0.011182510078322588,
                -0.850426160664551,
                0.007936470519025126,
                0.5259156863617969
            ]
        }
    ]
}