{
    "hook_path": "models/hook/Hook84#16/base.urdf",
    "obj_path": "models/geo_data/hanging_exp/daily_5/base.urdf",
    "hook_pose": [
        0.5,
        -0.1,
        1.3,
        0.0,
        0.0,
        -0.7071067811865475,
        0.7071067811865476
    ],
    "contact_info": [
        {
            "contact_point_hook": [
                -0.01403667588915615,
                -0.0006649259168739485,
                -0.032353914376746395,
                1.0
            ],
            "contact_point_obj": [
                0.004567270918716726,
                -0.002416442785626749,
                0.04062775004405528,
                1.0
            ],
            "obj_pose": [
                0.4913929646008403,
                -0.0849501059880921,
                1.2274813060392635,
                -0.10001313870076549,
                0.05794777947527557,
                -0.5534142372632649,
                0.8248467184486007
            ]
        }
    ]
}