{
    "hook_path": "models/hook/Hook47#3/base.urdf",
    "obj_path": "models/geo_data/hanging_exp/daily_5/base.urdf",
    "hook_pose": [
        0.5,
        -0.1,
        1.3,
        0.0,
        0.0,
        -0.7071067811865475,
        0.7071067811865476
    ],
    "contact_info": [
        {
            "contact_point_hook": [
                -0.001965040782409232,
                0.017241610846483457,
                -0.04666236522015521,
                1.0
            ],
            "contact_point_obj": [
                0.0033691634969180637,
                0.01026303770887238,
                0.038315850516762895,
                1.0
            ],
            "obj_pose": [
                0.5299812183594586,
                -0.10094659118027319,
                1.2157343050571348,
                -0.021775153878089905,
                -0.022086999559304193,
                0.7201775264480358,
                0.6930961964426305
            ]
        }
    ]
}