{
    "hook_path": "models/hook_1120/Hook122#18/base.urdf",
    "obj_path": "models/geo_data/hanging_exp/daily_5/base.urdf",
    "hook_pose": [
        0.5,
        -0.1,
        1.3,
        0.7071067811865476,
        -0.7071067811865475,
        -4.329780281177466e-17,
        4.329780281177467e-17
    ],
    "contact_info": [
        {
            "contact_point_hook": [
                -0.004191682286175086,
                -0.0008648764410900678,
                0.0330143693856535,
                1.0
            ],
            "contact_point_obj": [
                -0.0018188625167069594,
                0.0003324820673328843,
                0.040850876742231534,
                1.0
            ],
            "obj_pose": [
                0.49957258914779384,
                -0.09741491083605253,
                1.2261449427175939,
                -0.006923713159435418,
                0.01142040911120875,
                -0.6860285981426539,
                0.7274519908435494
            ]
        }
    ]
}