{
    "hook_path": "models/hook_1120/Hook136#4/base.urdf",
    "obj_path": "models/geo_data/hanging_exp/daily_5/base.urdf",
    "hook_pose": [
        0.5,
        -0.1,
        1.3,
        0.0,
        0.0,
        -0.7071067811865475,
        0.7071067811865476
    ],
    "contact_info": [
        {
            "contact_point_hook": [
                -0.005855282550356316,
                -0.04526989637361034,
                -0.011212640854114886,
                1.0
            ],
            "contact_point_obj": [
                -0.004206711167586884,
                -0.002617184599272848,
                0.04294954118125993,
                1.0
            ],
            "obj_pose": [
                0.4570301666058848,
                -0.09868683645297306,
                1.2458538288111356,
                -0.0031144774637516144,
                -0.0007833049510273563,
                -0.7211443044871204,
                0.6927774379764895
            ]
        }
    ]
}