{
    "hook_path": "models/hook_1120/Hook57#14/base.urdf",
    "obj_path": "models/geo_data/hanging_exp/daily_5/base.urdf",
    "hook_pose": [
        0.5,
        -0.1,
        1.3,
        0.0,
        0.0,
        -0.7071067811865475,
        0.7071067811865476
    ],
    "contact_info": [
        {
            "contact_point_hook": [
                -0.010485136537917342,
                0.002260515593009549,
                -0.03897187857496065,
                1.0
            ],
            "contact_point_obj": [
                -0.0029403715523872893,
                0.0004144238530657818,
                0.04132004506342013,
                1.0
            ],
            "obj_pose": [
                0.5063000661102056,
                -0.09284541883074518,
                1.2199336803338838,
                0.03705200492564992,
                -0.042084454351790625,
                -0.7245022613273149,
                0.6869880064196965
            ]
        }
    ]
}