{
    "hook_path": "models/hook_1120/Hook15#17/base.urdf",
    "obj_path": "models/geo_data/hanging_exp/daily_5/base.urdf",
    "hook_pose": [
        0.5,
        -0.1,
        1.3,
        0.0,
        0.0,
        -0.7071067811865475,
        0.7071067811865476
    ],
    "contact_info": [
        {
            "contact_point_hook": [
                -0.009917313817973686,
                -0.002150619412249366,
                0.011404192433122518,
                1.0
            ],
            "contact_point_obj": [
                -0.004051034469914103,
                -0.0014241780457622255,
                0.043604237641928556,
                1.0
            ],
            "obj_pose": [
                0.5013639878666553,
                -0.09511151302847141,
                1.2680207031781099,
                0.006903431032722328,
                -0.024297530673615276,
                -0.6934995010695579,
                0.7200141767072475
            ]
        }
    ]
}