{
    "hook_path": "models/hook_1120/Hook84#9/base.urdf",
    "obj_path": "models/geo_data/hanging_exp/daily_5/base.urdf",
    "hook_pose": [
        0.5,
        -0.1,
        1.3,
        0.0,
        0.0,
        -0.7071067811865475,
        0.7071067811865476
    ],
    "contact_info": [
        {
            "contact_point_hook": [
                -0.017301002863231274,
                0.0030667646074469257,
                -0.020857241377103097,
                1.0
            ],
            "contact_point_obj": [
                0.00020840080470471006,
                0.003772708329853547,
                0.04058979668918039,
                1.0
            ],
            "obj_pose": [
                0.5009668794640182,
                -0.08312202869641765,
                1.2384337930134577,
                0.007114564624714955,
                -0.022101018337412962,
                -0.7341541326148847,
                0.6785857628355728
            ]
        }
    ]
}