{
    "hook_path": "models/hook/Hook_90#13/base.urdf",
    "obj_path": "models/geo_data/hanging_exp/daily_5/base.urdf",
    "hook_pose": [
        0.5,
        -0.1,
        1.3,
        4.329780281177466e-17,
        0.7071067811865475,
        0.7071067811865476,
        4.329780281177467e-17
    ],
    "contact_info": [
        {
            "contact_point_hook": [
                0.004256731898211186,
                -0.004830559607622131,
                0.02463303126982734,
                1.0
            ],
            "contact_point_obj": [
                -0.0042477540221819154,
                -0.0027913985273901876,
                0.0407570744963226,
                1.0
            ],
            "obj_pose": [
                0.5008440663612546,
                -0.07605591897513038,
                1.2544204324762744,
                0.027312331575970933,
                0.005421671813565658,
                -0.5490949196546576,
                0.8352960021621529
            ]
        }
    ]
}