{
    "hook_path": "models/hook_1120/Hook_90#5/base.urdf",
    "obj_path": "models/geo_data/hanging_exp/daily_5/base.urdf",
    "hook_pose": [
        0.5,
        -0.1,
        1.3,
        4.329780281177466e-17,
        0.7071067811865475,
        0.7071067811865476,
        4.329780281177467e-17
    ],
    "contact_info": [
        {
            "contact_point_hook": [
                0.0037580554320033044,
                -0.0054248382740982315,
                0.020252335994166995,
                1.0
            ],
            "contact_point_obj": [
                0.0028477146039853074,
                -0.0060153736019407655,
                0.040151857726361984,
                1.0
            ],
            "obj_pose": [
                0.4967737413197805,
                -0.07291126930205646,
                1.2544572508059193,
                -0.004124233417200306,
                0.03590729478551049,
                -0.4578561201831535,
                0.8882912979933646
            ]
        }
    ]
}