{
    "hook_path": "models/hook/Hook12#19/base.urdf",
    "obj_path": "models/geo_data/hanging_exp/daily_5/base.urdf",
    "hook_pose": [
        0.5,
        -0.1,
        1.3,
        0.5,
        -0.4999999999999999,
        -0.5,
        0.5000000000000001
    ],
    "contact_info": [
        {
            "contact_point_hook": [
                0.0037467533260515237,
                0.021580804817424415,
                0.0030374236442914926,
                1.0
            ],
            "contact_point_obj": [
                0.0014283392404738082,
                0.0041842728561366505,
                0.040514038404875996,
                1.0
            ],
            "obj_pose": [
                0.5096811665893258,
                -0.08418525431924338,
                1.2881664243912034,
                0.13772249388903182,
                -0.26764723066866647,
                0.6207538003116622,
                0.7239214004234218
            ]
        }
    ]
}