{
    "hook_path": "models/hook_1120/Hook44#9/base.urdf",
    "obj_path": "models/geo_data/hanging_exp/daily_5/base.urdf",
    "hook_pose": [
        0.5,
        -0.1,
        1.3,
        0.0,
        0.0,
        -0.7071067811865475,
        0.7071067811865476
    ],
    "contact_info": [
        {
            "contact_point_hook": [
                0.0030685132530433863,
                -0.0015341018586543798,
                -0.033499403236179726,
                1.0
            ],
            "contact_point_obj": [
                -0.005576035248135564,
                -0.0010411566913027248,
                0.04114239814621534,
                1.0
            ],
            "obj_pose": [
                0.4987490168889643,
                -0.10772882380995287,
                1.2252322741561117,
                0.001109624271223782,
                0.014547275507496748,
                -0.7052955590847144,
                0.7087632325711216
            ]
        }
    ]
}