{
    "hook_path": "models/hook_1120/Hook42#12/base.urdf",
    "obj_path": "models/geo_data/hanging_exp/daily_5/base.urdf",
    "hook_pose": [
        0.5,
        -0.1,
        1.3,
        0.0,
        0.0,
        -0.7071067811865475,
        0.7071067811865476
    ],
    "contact_info": [
        {
            "contact_point_hook": [
                -0.0026226358527691312,
                0.000370760461062436,
                -0.011246981532753164,
                1.0
            ],
            "contact_point_obj": [
                -0.0008903758046004684,
                -0.00020503569295804436,
                0.040605998496759055,
                1.0
            ],
            "obj_pose": [
                0.4985270226969458,
                -0.0982572466876108,
                1.2481881523834066,
                -0.017745475036293555,
                0.021684571996405066,
                -0.6076024907286177,
                0.7937468681597736
            ]
        }
    ]
}