{
    "hook_path": "models/hook_1120/Hook15#25/base.urdf",
    "obj_path": "models/geo_data/hanging_exp/daily_5/base.urdf",
    "hook_pose": [
        0.5,
        -0.1,
        1.3,
        0.0,
        0.0,
        -0.7071067811865475,
        0.7071067811865476
    ],
    "contact_info": [
        {
            "contact_point_hook": [
                -0.00650828364122108,
                -0.0004416698939794794,
                0.007318009633580536,
                1.0
            ],
            "contact_point_obj": [
                -0.0014882515675939123,
                -0.0004876114809457821,
                0.040653909671136024,
                1.0
            ],
            "obj_pose": [
                0.5008536491275336,
                -0.09626555266586995,
                1.266749290033282,
                0.004639888972939681,
                -0.02155108248206905,
                -0.8145614156174008,
                0.5796582807668205
            ]
        }
    ]
}