{
    "hook_path": "models/hook_1120/Hook124#25/base.urdf",
    "obj_path": "models/geo_data/hanging_exp/daily_5/base.urdf",
    "hook_pose": [
        0.5,
        -0.1,
        1.3,
        0.0,
        0.0,
        -0.7071067811865475,
        0.7071067811865476
    ],
    "contact_info": [
        {
            "contact_point_hook": [
                -0.001712718857519252,
                0.0004160507138296632,
                -0.0008056840381505115,
                1.0
            ],
            "contact_point_obj": [
                -0.005225712413650482,
                -0.0018117250684230868,
                0.040832305427201065,
                1.0
            ],
            "obj_pose": [
                0.5002806794165421,
                -0.1032367295529467,
                1.2582876878986864,
                -0.0105913219274876,
                0.016455906294974117,
                -0.7330239710232711,
                0.6799212343743309
            ]
        }
    ]
}