{
    "hook_path": "models/hook/Hook_60#4/base.urdf",
    "obj_path": "models/geo_data/hanging_exp/daily_5/base.urdf",
    "hook_pose": [
        0.5,
        -0.1,
        1.3,
        4.329780281177466e-17,
        0.7071067811865475,
        0.7071067811865476,
        4.329780281177467e-17
    ],
    "contact_info": [
        {
            "contact_point_hook": [
                -0.00016990901168345562,
                0.002033640983704066,
                0.01949981153228116,
                1.0
            ],
            "contact_point_obj": [
                0.0008312360549460329,
                0.0011246232862632266,
                0.04064497170723724,
                1.0
            ],
            "obj_pose": [
                0.4943472672135543,
                -0.07737340523926821,
                1.261905228043119,
                0.0951910661272921,
                0.025479222689213318,
                0.7101122360464812,
                0.6971585776261879
            ]
        }
    ]
}