{
    "hook_path": "models/hook/Hook40#7/base.urdf",
    "obj_path": "models/geo_data/hanging_exp/daily_5/base.urdf",
    "hook_pose": [
        0.5,
        -0.1,
        1.3,
        0.0,
        0.0,
        -0.7071067811865475,
        0.7071067811865476
    ],
    "contact_info": [
        {
            "contact_point_hook": [
                0.0026198590799450415,
                0.01084011951446695,
                -0.03705517562245464,
                1.0
            ],
            "contact_point_obj": [
                0.004367736501386513,
                -0.005450732416220461,
                0.04164764019257805,
                1.0
            ],
            "obj_pose": [
                0.5024947620901173,
                -0.10978376054595414,
                1.2221729337557654,
                -0.032941285611710745,
                0.05115801862817824,
                0.5872817360191025,
                0.807092244647832
            ]
        }
    ]
}