{
    "hook_path": "models/hook/Hook84#19/base.urdf",
    "obj_path": "models/geo_data/hanging_exp/daily_5/base.urdf",
    "hook_pose": [
        0.5,
        -0.1,
        1.3,
        0.0,
        0.0,
        -0.7071067811865475,
        0.7071067811865476
    ],
    "contact_info": [
        {
            "contact_point_hook": [
                -0.014042858407096181,
                -0.0006297989313369112,
                -0.03054913460046249,
                1.0
            ],
            "contact_point_obj": [
                -6.189454536169314e-05,
                -0.001874488302137295,
                0.040655082911830176,
                1.0
            ],
            "obj_pose": [
                0.4912729255070485,
                -0.08660123569987964,
                1.2295713897866611,
                -0.09612529583654653,
                0.0757078704028379,
                -0.7653694472533914,
                0.6318527162800217
            ]
        }
    ]
}