{
    "hook_path": "models/hook_1120/Hook2#18/base.urdf",
    "obj_path": "models/geo_data/hanging_exp/daily_5/base.urdf",
    "hook_pose": [
        0.5,
        -0.1,
        1.3,
        0.0,
        0.0,
        -0.7071067811865475,
        0.7071067811865476
    ],
    "contact_info": [
        {
            "contact_point_hook": [
                -0.004344082964301486,
                -0.004815258230928876,
                -0.00846221662200497,
                1.0
            ],
            "contact_point_obj": [
                -0.0030384720490925776,
                -0.0045733739166083365,
                0.04049710226280956,
                1.0
            ],
            "obj_pose": [
                0.49777071811466805,
                -0.09900363148455357,
                1.2508896728761818,
                -0.02636750968571287,
                0.014230668288264811,
                -0.6674549470361915,
                0.7440471330433026
            ]
        }
    ]
}