{
    "file": "models/everyday_objects/daily_72/base.urdf",
    "contact_pose": [
        0.002196915934544741,
        0.049250271474879925,
        -0.0006847526505026108,
        0.5025274514992384,
        0.5048887399221601,
        0.4964988132133907,
        -0.4960266618511435
    ],
    "obj_pose": [
        0.4992098084921762,
        -0.054951334180060596,
        1.2515868654821336,
        0.7108800526609551,
        0.0013221121236252267,
        -0.0005440987631701047,
        0.7033118132839987
    ],
    "initial_pose": [
        {
            "robot_pose": [
                0.5152043700218201,
                0.10627096146345139,
                1.245528221130371,
                0.7165168523788452,
                -0.05274554714560509,
                0.694848895072937,
                0.03172478824853897
            ],
            "obj_pose": [
                0.5532141235445184,
                0.10065878995532286,
                1.2420454900313285,
                0.7087553120122682,
                0.0027254193815407766,
                -0.010383177475770918,
                0.7053727166605566
            ]
        },
        {
            "robot_pose": [
                0.48951441526168615,
                0.1065981046531755,
                1.2195289956335802,
                0.7156966878049579,
                -0.058991821053696714,
                0.6951804295674534,
                0.03197477850106522
            ],
            "obj_pose": [
                0.5274769687070135,
                0.10065878995532286,
                1.216074096990826,
                0.7116686851915046,
                -0.0012503029606773643,
                -0.012970928899327334,
                0.7023943865548687
            ]
        },
        {
            "robot_pose": [
                0.4856778942266826,
                0.10582578135113227,
                1.2468031260049843,
                0.7113719964266185,
                -0.0359113015786357,
                0.7008388000770591,
                0.03853877820434021
            ],
            "obj_pose": [
                0.5238093637926148,
                0.10065878995532286,
                1.2440353694298507,
                0.6966362107412841,
                0.0027646210636016106,
                -0.00037415181834554164,
                0.7174191290764533
            ]
        },
        {
            "robot_pose": [
                0.48119926340517577,
                0.10646696547218283,
                1.2754803901998282,
                0.719289367349365,
                -0.06099531638408541,
                0.691453812064993,
                0.028178062001229544
            ],
            "obj_pose": [
                0.5191413115234264,
                0.10065878995532286,
                1.2716031064136089,
                0.7147129663185078,
                0.0031566629760983542,
                -0.01553484241780475,
                0.6992382140058628
            ]
        },
        {
            "robot_pose": [
                0.516796408066177,
                0.106533619364418,
                1.2737210555102094,
                0.7269175830032911,
                -0.05390062198281716,
                0.6836783289113322,
                0.03562994593775074
            ],
            "obj_pose": [
                0.5546426236273678,
                0.10065878995532286,
                1.2690823493424208,
                0.7077568711291681,
                0.011204618578606093,
                -0.023660592065347884,
                0.7059708522843385
            ]
        },
        {
            "robot_pose": [
                0.5402469316989565,
                0.10599390485764815,
                1.2705215182720717,
                0.7119097616871956,
                -0.04816468323360145,
                0.6999425946652245,
                0.030741156074564988
            ],
            "obj_pose": [
                0.578342590875415,
                0.10065878995532286,
                1.2675847600778576,
                0.7067497170801091,
                0.0006817668107402234,
                -0.0028613790513608225,
                0.7074575500417858
            ]
        },
        {
            "robot_pose": [
                0.5411104780427682,
                0.10562109707586227,
                1.2484867054262323,
                0.7153104958858822,
                -0.04700793710160832,
                0.6967609411596478,
                0.02540352729969461
            ],
            "obj_pose": [
                0.5792261456616202,
                0.10065878995532286,
                1.245179344270898,
                0.7090135511143996,
                0.007089809627792124,
                -0.0027132818574691605,
                0.705153995264263
            ]
        },
        {
            "robot_pose": [
                0.5434618331574169,
                0.10550867815021903,
                1.2113509128482487,
                0.7114204479629687,
                -0.04457520737897821,
                0.7008899971481389,
                0.025440302768871322
            ],
            "obj_pose": [
                0.5816281021818501,
                0.10065878995532286,
                1.2084905385628149,
                0.7075832758695425,
                0.004295366484816307,
                0.002397321340307647,
                0.7066128433497932
            ]
        },
        {
            "robot_pose": [
                0.5157077309156647,
                0.10748300509669306,
                1.2159119788882464,
                0.712573636471878,
                -0.07489133597552992,
                0.696785727159476,
                0.03346267813377818
            ],
            "obj_pose": [
                0.5535353825964572,
                0.10065878995532286,
                1.2126156015096523,
                0.7184853505504085,
                -0.012679427381861867,
                -0.019131959409455796,
                0.6951632911013639
            ]
        }
    ]
}