{
    "file": "models/everyday_objects/cooking_127/base.urdf",
    "contact_pose": [
        0.025107093905924027,
        0.06602590084620918,
        -0.004050984870252971,
        0.5860142578429304,
        0.3823263440322101,
        0.5977664048147323,
        -0.3912661262346043
    ],
    "obj_pose": [
        0.5083652900924076,
        -0.06054453614171823,
        1.230265095449763,
        0.6853923461216619,
        -0.14629299641632432,
        0.1480069917109265,
        0.6978034261036979
    ],
    "initial_pose": [
        {
            "robot_pose": [
                0.4857805073261261,
                0.046031318604946136,
                1.2402390241622925,
                0.7127556800842285,
                -0.06468260288238525,
                0.6978030204772949,
                0.02943631261587143
            ],
            "obj_pose": [
                0.5362749835502794,
                0.036944405377145204,
                1.2220123967333922,
                0.699368514233746,
                -0.092814389061713,
                0.1532903656442247,
                0.691932969500835
            ]
        },
        {
            "robot_pose": [
                0.45337852855277844,
                0.04666390676621669,
                1.2064086043608209,
                0.7070054352790008,
                -0.06091480000560799,
                0.7035825077440051,
                0.03747474380011288
            ],
            "obj_pose": [
                0.5040807271074782,
                0.036944405377145204,
                1.1891085343303058,
                0.6917183864353945,
                -0.09881921751148243,
                0.15718877288407482,
                0.6978911991111733
            ]
        },
        {
            "robot_pose": [
                0.45394141488357387,
                0.04550468092617857,
                1.2403697518479315,
                0.7198015698844897,
                -0.05708544966898859,
                0.691257618738836,
                0.028104376232665887
            ],
            "obj_pose": [
                0.5041892919446835,
                0.036944405377145204,
                1.2212295689342465,
                0.6988437071559497,
                -0.08089072437699225,
                0.1513985489518825,
                0.6943721214547421
            ]
        },
        {
            "robot_pose": [
                0.45288450914790207,
                0.04527054702603805,
                1.2721640829600822,
                0.7065213327839681,
                -0.054248071777314756,
                0.705121000242868,
                0.02625124846756892
            ],
            "obj_pose": [
                0.5038789820355102,
                0.036944405377145204,
                1.2549968709339359,
                0.6948009641469497,
                -0.09186057630839845,
                0.16697382234927738,
                0.6934933290168189
            ]
        },
        {
            "robot_pose": [
                0.4903865198329754,
                0.046012709152241156,
                1.2683964548866808,
                0.7089659426741175,
                -0.054574916304694625,
                0.7023082125571445,
                0.03394179154559251
            ],
            "obj_pose": [
                0.541140847949142,
                0.036944405377145204,
                1.250896794526772,
                0.6914915092933578,
                -0.09205502842495907,
                0.16068338651646308,
                0.6982450956608826
            ]
        },
        {
            "robot_pose": [
                0.5111274959915599,
                0.04408658096905188,
                1.2706122884838598,
                0.7133026187170552,
                -0.0512070578197639,
                0.6988021940243369,
                0.01589669738051559
            ],
            "obj_pose": [
                0.5619617441627763,
                0.036944405377145204,
                1.2524644894637407,
                0.7010281735011348,
                -0.08001783562485004,
                0.1670381425595621,
                0.6886616766379765
            ]
        },
        {
            "robot_pose": [
                0.5160957822723246,
                0.045681427825410084,
                1.2433915568451896,
                0.7109756895076771,
                -0.05081059873585364,
                0.7006270074488491,
                0.03245995099283942
            ],
            "obj_pose": [
                0.5668236924890793,
                0.036944405377145204,
                1.2256484558655842,
                0.6912549482100954,
                -0.08737167026763823,
                0.16160767595563688,
                0.6988674744770422
            ]
        },
        {
            "robot_pose": [
                0.5196612440443547,
                0.04683022971398847,
                1.2076563505953928,
                0.7153144846355918,
                -0.06781871217027122,
                0.694550934173702,
                0.036397942091851654
            ],
            "obj_pose": [
                0.5698580283285332,
                0.036944405377145204,
                1.1890276793249608,
                0.6976527265391345,
                -0.09425439237746136,
                0.14553560361398943,
                0.6951375193087903
            ]
        },
        {
            "robot_pose": [
                0.4819326214588526,
                0.044716977213412556,
                1.2138426006977585,
                0.7148031991354736,
                -0.07055436585557844,
                0.695632189581087,
                0.01320321108791983
            ],
            "obj_pose": [
                0.5324839892919656,
                0.036944405377145204,
                1.1951712213741934,
                0.7111789907822882,
                -0.08897641931727182,
                0.15555737992289648,
                0.679786393970111
            ]
        }
    ]
}