{
    "file": "models/everyday_objects/bag_5/base.urdf",
    "contact_pose": [
        -0.0072008599792757755,
        0.08445820702689022,
        -0.002037695955047901,
        -0.49685901668027693,
        -0.5132778502710321,
        -0.46814155219953035,
        0.5201158073630052
    ],
    "obj_pose": [
        0.5019108681115607,
        -0.05816253571733071,
        1.2162028784320082,
        0.7134777647369035,
        0.01125058194144332,
        -0.036445294756673206,
        0.699638938397592
    ],
    "initial_pose": [
        {
            "robot_pose": [
                0.4639577567577362,
                0.013622025959193707,
                1.2444177865982056,
                0.7102645635604858,
                -0.0807892382144928,
                0.6990543007850647,
                0.01790240965783596
            ],
            "obj_pose": [
                0.5253916614162653,
                -0.0060813986052875805,
                1.2362171475999553,
                0.7169691180164034,
                -0.045399647970134634,
                0.02883016038365874,
                0.6950273214969473
            ]
        },
        {
            "robot_pose": [
                0.4310582811558724,
                0.013524045158467888,
                1.2132607094449164,
                0.7116714350089999,
                -0.07748407045137616,
                0.6979511503849697,
                0.019600487106555587
            ],
            "obj_pose": [
                0.49250908243173236,
                -0.0060813986052875805,
                1.2049525412640205,
                0.7147119077503714,
                -0.04303721130621366,
                0.028448551507070558,
                0.697513704008716
            ]
        },
        {
            "robot_pose": [
                0.42888016523091255,
                0.013357018711015313,
                1.242862011442545,
                0.6993418339942604,
                -0.06633814292410466,
                0.7112330804995155,
                0.025840960162019224
            ],
            "obj_pose": [
                0.49068567432786525,
                -0.0060813986052875805,
                1.2372204656752213,
                0.7047561462348185,
                -0.0526891828724625,
                0.04343661152571354,
                0.7061557088430593
            ]
        },
        {
            "robot_pose": [
                0.4322363257987013,
                0.011869953183606384,
                1.2741228028930234,
                0.7080893058963879,
                -0.07162087721509144,
                0.7024469187368754,
                0.006950624373530309
            ],
            "obj_pose": [
                0.4942732490111378,
                -0.0060813986052875805,
                1.2664566964218942,
                0.718128336130655,
                -0.03858216825750588,
                0.04188071274148834,
                0.6935770433333498
            ]
        },
        {
            "robot_pose": [
                0.4618375858117416,
                0.014615789935881968,
                1.2748099579648784,
                0.7154517034692852,
                -0.09098508858537595,
                0.6924010116393172,
                0.020770477578987687
            ],
            "obj_pose": [
                0.5227616274166296,
                -0.0060813986052875805,
                1.265350169269658,
                0.7207154805990844,
                -0.046136113903095945,
                0.01632641336793847,
                0.6915013400169883
            ]
        },
        {
            "robot_pose": [
                0.49119466070905937,
                0.015018566625544865,
                1.2760928069342006,
                0.7095902199826252,
                -0.10092614244873792,
                0.6971499479993526,
                0.01666083671147924
            ],
            "obj_pose": [
                0.552069483516501,
                -0.0060813986052875805,
                1.2672244656822358,
                0.7267151108235602,
                -0.0552291811856933,
                0.018438300728902682,
                0.6844668832839826
            ]
        },
        {
            "robot_pose": [
                0.4963895853548831,
                0.01303942205847757,
                1.2470059049970847,
                0.7124085756281407,
                -0.07309267588819472,
                0.6977126176448165,
                0.01812692147622258
            ],
            "obj_pose": [
                0.5579923714792893,
                -0.0060813986052875805,
                1.2386938041798512,
                0.7135202967841725,
                -0.03951646183296441,
                0.03099849022351315,
                0.6988321178402528
            ]
        },
        {
            "robot_pose": [
                0.49258621888395804,
                0.01309763139838232,
                1.211065418130729,
                0.7160583240402183,
                -0.08238504887213033,
                0.6930593630572074,
                0.01191216075229196
            ],
            "obj_pose": [
                0.5540157681111931,
                -0.0060813986052875805,
                1.2016752450227355,
                0.7214513641377479,
                -0.03770248695793465,
                0.02534226344467263,
                0.6909733868568819
            ]
        },
        {
            "robot_pose": [
                0.4681666702006386,
                0.014212714668569668,
                1.2150109884752598,
                0.7079923123407392,
                -0.09256470950555455,
                0.6999753820839332,
                0.014598790943684993
            ],
            "obj_pose": [
                0.5293965671667181,
                -0.0060813986052875805,
                1.2067255346498982,
                0.7238245681000623,
                -0.05204901473614634,
                0.025979276558401782,
                0.6875274335393874
            ]
        }
    ]
}