{
    "file": "models/everyday_objects/cooking_415/base.urdf",
    "contact_pose": [
        -0.0022576780050238554,
        0.06662430451199564,
        -0.002373484813726398,
        -0.5037287649064244,
        -0.4938908465769225,
        -0.49664088028758,
        0.5056451315898897
    ],
    "obj_pose": [
        0.5011642704082561,
        -0.06824852162426896,
        1.23094481552365,
        0.7047828749581244,
        -0.00698183233536342,
        -0.006180322101621174,
        0.7093617954201664
    ],
    "initial_pose": [
        {
            "robot_pose": [
                0.5268754959106445,
                0.08173634111881256,
                1.2312135696411133,
                0.7150614857673645,
                -0.04842618107795715,
                0.6959978938102722,
                0.04391957446932793
            ],
            "obj_pose": [
                0.556406973053351,
                0.07834090034110956,
                1.2169199625519564,
                0.7103753620737221,
                0.008866927157580405,
                -0.0016374511237120552,
                0.7037652600940373
            ]
        },
        {
            "robot_pose": [
                0.5000282501245673,
                0.08205605197411511,
                1.2053318070363694,
                0.7065626298345703,
                -0.05551478462337079,
                0.7039637502585886,
                0.04606948156144306
            ],
            "obj_pose": [
                0.529842422604098,
                0.07834090034110956,
                1.1917208874631429,
                0.7122418416030759,
                -0.004154570005954294,
                0.002117914940578552,
                0.7019186655547984
            ]
        },
        {
            "robot_pose": [
                0.4964199582270777,
                0.08106532426559485,
                1.2264614140550623,
                0.7113398547987272,
                -0.05350858547550153,
                0.7001240423550497,
                0.030963972157350556
            ],
            "obj_pose": [
                0.5261651822055374,
                0.07834090034110956,
                1.2124705767436206,
                0.7190118535536234,
                0.0082128637414022,
                0.0068022016989511234,
                0.6949159901531945
            ]
        },
        {
            "robot_pose": [
                0.49314754497825497,
                0.08266444287480106,
                1.2571353426248701,
                0.706753721779165,
                -0.050252617476996005,
                0.7032858257301273,
                0.05799050366312088
            ],
            "obj_pose": [
                0.5228826674062195,
                0.07834090034110956,
                1.243531158045205,
                0.7036851069326362,
                -0.006406950370555812,
                -0.0022082549903795316,
                0.7104796583140514
            ]
        },
        {
            "robot_pose": [
                0.5310962309062456,
                0.0809112307672625,
                1.256534557613933,
                0.7109659831619339,
                -0.04939728332916504,
                0.7008491557815688,
                0.02996231010027337
            ],
            "obj_pose": [
                0.5608803232912836,
                0.07834090034110956,
                1.2425973553758873,
                0.7174304652826486,
                0.010347511282250699,
                0.009811357162011447,
                0.6964841661985042
            ]
        },
        {
            "robot_pose": [
                0.5571381252952465,
                0.08066647176227786,
                1.2593840895590458,
                0.7161241647658321,
                -0.03175859882661707,
                0.696482769266364,
                0.0327005222292551
            ],
            "obj_pose": [
                0.5867662596578956,
                0.07834090034110956,
                1.2450764085562371,
                0.7075530288223025,
                0.023333756013805333,
                0.011852400423922974,
                0.7061754511726284
            ]
        },
        {
            "robot_pose": [
                0.5542158707057775,
                0.08273581197888262,
                1.2271044592767333,
                0.7185813665690625,
                -0.057306799723460554,
                0.6907194414562489,
                0.05712620694183683
            ],
            "obj_pose": [
                0.5834383612688867,
                0.07834090034110956,
                1.2124526620863052,
                0.708391397366355,
                0.0023327282493341584,
                -0.01724239923796263,
                0.7056053331606673
            ]
        },
        {
            "robot_pose": [
                0.5593913938765122,
                0.08153321426877518,
                1.204644123481927,
                0.7209606415387357,
                -0.043107671203828156,
                0.6903084863466605,
                0.04279808071887793
            ],
            "obj_pose": [
                0.5887105166896754,
                0.07834090034110956,
                1.1898744744279326,
                0.7086218760197427,
                0.0180229446517936,
                -0.00434137506976574,
                0.705344853780647
            ]
        },
        {
            "robot_pose": [
                0.527218235435311,
                0.08131042282111708,
                1.1983141348508541,
                0.7011955717305816,
                -0.05775336180687732,
                0.7098719930458617,
                0.03272724972439308
            ],
            "obj_pose": [
                0.5573199189776366,
                0.07834090034110956,
                1.1851606201843217,
                0.7194871159542757,
                -0.0048058291646909295,
                0.013804053192522113,
                0.6943519583736307
            ]
        }
    ]
}