{
    "file": "models/everyday_objects/mug_118/base.urdf",
    "contact_pose": [
        -0.0232227584161058,
        0.048260828363299924,
        -0.0001329046707227166,
        -0.5083209503349659,
        -0.4663748019884851,
        -0.17159343798554444,
        0.7033207288009218
    ],
    "obj_pose": [
        0.49622366742243845,
        -0.057355058416343405,
        1.2450682955272632,
        0.6892139760616358,
        -0.02966040594045351,
        -0.3759879730775047,
        0.6186577402908882
    ],
    "initial_pose": [
        {
            "robot_pose": [
                0.49624770879745483,
                0.07548703998327255,
                1.2561042308807373,
                0.8034567832946777,
                -0.04548654705286026,
                0.5930768847465515,
                0.025454726070165634
            ],
            "obj_pose": [
                0.5412652460692423,
                0.03563642191833879,
                1.2370285493796478,
                0.7397947608689728,
                0.03006662721600265,
                -0.16402425839538962,
                0.6518402813393139
            ]
        },
        {
            "robot_pose": [
                0.46061323854144853,
                0.07537395358546456,
                1.2235369479077665,
                0.8000826686804183,
                -0.03321735359128365,
                0.5981421902957363,
                0.03146825203010692
            ],
            "obj_pose": [
                0.506330719038637,
                0.03563642191833879,
                1.205947957007252,
                0.7323244848906993,
                0.029086094972746404,
                -0.15623676675069223,
                0.6621517353477963
            ]
        },
        {
            "robot_pose": [
                0.46555071536565695,
                0.07404149318503503,
                1.2573680026258378,
                0.8000008060994293,
                -0.041531218958368074,
                0.5984658495587072,
                0.010606366204793145
            ],
            "obj_pose": [
                0.5117706140587454,
                0.03563642191833879,
                1.2382028385851718,
                0.7465034375643823,
                0.03589785250606731,
                -0.150780016552924,
                0.6470775444244011
            ]
        },
        {
            "robot_pose": [
                0.46845770205430776,
                0.07516298025732851,
                1.2839257207092891,
                0.8103739688678118,
                -0.030960602872072744,
                0.584295706274953,
                0.030561401798393093
            ],
            "obj_pose": [
                0.5137187173338902,
                0.03563642191833879,
                1.2647522043744885,
                0.7295544062055291,
                0.04219595426156548,
                -0.16736665539481604,
                0.6617841585381193
            ]
        },
        {
            "robot_pose": [
                0.5006670091666588,
                0.07645289847782673,
                1.2853681017905245,
                0.8071859826322937,
                -0.061266061421364294,
                0.58643400306968,
                0.028149941447945734
            ],
            "obj_pose": [
                0.5442462177599001,
                0.03563642191833879,
                1.2650358646642132,
                0.7438628078308624,
                0.025484294356479607,
                -0.17845424341894867,
                0.6435625508627023
            ]
        },
        {
            "robot_pose": [
                0.5232783238674651,
                0.07494623114428915,
                1.2880514885705152,
                0.8055968774103978,
                -0.051297705037211226,
                0.5900262206624789,
                0.01585167168734681
            ],
            "obj_pose": [
                0.5682553317340582,
                0.03563642191833879,
                1.26779464506288,
                0.7465991285823783,
                0.03474482256945193,
                -0.16530921765478554,
                0.6434713677103383
            ]
        },
        {
            "robot_pose": [
                0.5308252464496551,
                0.07741659430590583,
                1.2559392134746616,
                0.8051460909544943,
                -0.04962017896675733,
                0.58917005869578,
                0.04643546054919107
            ],
            "obj_pose": [
                0.5743669277894501,
                0.03563642191833879,
                1.237579713800816,
                0.7300288456331394,
                0.019306356960114728,
                -0.17839391469719465,
                0.6594397321389458
            ]
        },
        {
            "robot_pose": [
                0.5265903528082551,
                0.07541744152450527,
                1.2301845695776294,
                0.8087379839298836,
                -0.040819359478312875,
                0.5860999427932909,
                0.027631690113143443
            ],
            "obj_pose": [
                0.5714626851739847,
                0.03563642191833879,
                1.21062756791433,
                0.7355619410250346,
                0.03710124560912327,
                -0.1691198271646502,
                0.6549584815463755
            ]
        },
        {
            "robot_pose": [
                0.49652452231763616,
                0.07534127175198502,
                1.2224169953455484,
                0.7982882500799804,
                -0.047902206139416016,
                0.5999642366310803,
                0.022003708662508312
            ],
            "obj_pose": [
                0.5418777501148611,
                0.03563642191833879,
                1.2038390063541198,
                0.7436569579166389,
                0.024968547206615857,
                -0.15735049742449028,
                0.6493009483689568
            ]
        }
    ]
}