{
    "file": "models/everyday_objects/mug_64/base.urdf",
    "contact_pose": [
        -0.015794553093234853,
        0.05525077439546666,
        -0.0010578383697800488,
        -0.40854109515305315,
        -0.569591546398345,
        -0.4076779634371194,
        0.5851993865089476
    ],
    "obj_pose": [
        0.5016028176007686,
        -0.07910789900853946,
        1.2418620329116394,
        0.6913913347145496,
        0.11257282490284114,
        -0.12537475809147614,
        0.7025571517026439
    ],
    "initial_pose": [
        {
            "robot_pose": [
                0.5120007991790771,
                0.10770820826292038,
                1.2505296468734741,
                0.7158644199371338,
                -0.06155717372894287,
                0.694989800453186,
                0.027167709544301033
            ],
            "obj_pose": [
                0.5841654214409632,
                0.061651160907934745,
                1.2494988247119234,
                0.7054283899917745,
                -0.044948540752314144,
                -0.014660240661045947,
                0.7072025824483468
            ]
        },
        {
            "robot_pose": [
                0.479831080152335,
                0.10932631839269563,
                1.2142923433170845,
                0.7138990509918943,
                -0.06014468169504703,
                0.6962300533260335,
                0.044659546597591276
            ],
            "obj_pose": [
                0.5509433704460535,
                0.061651160907934745,
                1.2147027572228006,
                0.6951882303342519,
                -0.053870538639209396,
                -0.02118577430771047,
                0.7164931628692875
            ]
        },
        {
            "robot_pose": [
                0.4796403151476602,
                0.10660956789688995,
                1.2530074983405473,
                0.7171051206564479,
                -0.05015028613642875,
                0.6945948524843109,
                0.0279854539186731
            ],
            "obj_pose": [
                0.552500170977445,
                0.061651160907934745,
                1.252527955780092,
                0.6997246102075106,
                -0.03859923456344397,
                -0.009921699411480536,
                0.7133001674203165
            ]
        },
        {
            "robot_pose": [
                0.48336176487650484,
                0.10630008010136373,
                1.2814806770768967,
                0.7111595308119477,
                -0.06383091250083285,
                0.7000418226682907,
                0.010917090267044974
            ],
            "obj_pose": [
                0.5564059223903018,
                0.061651160907934745,
                1.2804453126255537,
                0.7148950462104415,
                -0.04366394180662278,
                -0.002896707522944014,
                0.6978611195468658
            ]
        },
        {
            "robot_pose": [
                0.5099286816445154,
                0.10724393221264608,
                1.2776176518099058,
                0.7032816534531593,
                -0.05448928572443158,
                0.708213207315616,
                0.029323823781356693
            ],
            "obj_pose": [
                0.5823598007323846,
                0.061651160907934745,
                1.2798713385725333,
                0.7003124041083502,
                -0.055481480533765296,
                0.000527002951954961,
                0.7116769381100196
            ]
        },
        {
            "robot_pose": [
                0.5407937120179751,
                0.10723582877551269,
                1.283126081113232,
                0.7288922525718209,
                -0.05732485151999797,
                0.6816749457422319,
                0.027371771705757483
            ],
            "obj_pose": [
                0.6131774472638317,
                0.061651160907934745,
                1.2795652049781796,
                0.7038213721247548,
                -0.02938645741743597,
                -0.02541879913825132,
                0.7093136097039515
            ]
        },
        {
            "robot_pose": [
                0.5455430759375549,
                0.10698990571615836,
                1.2485716774328235,
                0.7270893013911751,
                -0.06349864345878428,
                0.6833365655042614,
                0.018979155045134373
            ],
            "obj_pose": [
                0.6180560599192026,
                0.061651160907934745,
                1.244532830458634,
                0.7111154725549756,
                -0.03049930478789501,
                -0.022716513822399358,
                0.7020459650906951
            ]
        },
        {
            "robot_pose": [
                0.5413802065644119,
                0.1083547822635452,
                1.2248462519356722,
                0.7255504122313229,
                -0.07170547243786198,
                0.6839977801118787,
                0.0241238748015834
            ],
            "obj_pose": [
                0.6130234568205795,
                0.061651160907934745,
                1.2208383401860503,
                0.7120812194468712,
                -0.03821664582112421,
                -0.028519137158751175,
                0.7004758980214523
            ]
        },
        {
            "robot_pose": [
                0.5094451616069385,
                0.1068656232279872,
                1.2283502972959246,
                0.7265286376286043,
                -0.06957687830058482,
                0.6834988374777722,
                0.012022307515778624
            ],
            "obj_pose": [
                0.5819947538883491,
                0.061651160907934745,
                1.2236326741127435,
                0.7175706079954538,
                -0.030817428444269723,
                -0.02203137091416937,
                0.6954547629722292
            ]
        }
    ]
}