{
    "file": "models/everyday_objects/scissor_27/base.urdf",
    "contact_pose": [
        0.024106824722028297,
        0.048784740292100226,
        0.0017056924285183406,
        -0.24052691943104795,
        0.6652646248845929,
        0.50018240114982,
        0.49938696967999935
    ],
    "obj_pose": [
        0.4949224159948589,
        -0.05955757492844263,
        1.2465650012814775,
        0.3003349117518162,
        0.6404913433270252,
        0.7068022803801358,
        0.0005624549862796273
    ],
    "initial_pose": [
        {
            "robot_pose": [
                0.5287723541259766,
                0.10545630007982254,
                1.2483315467834473,
                0.7142058610916138,
                -0.062481313943862915,
                0.6965829133987427,
                0.02789839170873165
            ],
            "obj_pose": [
                0.5620702997375648,
                0.09753775823444817,
                1.2315071894359886,
                0.155281725074192,
                0.6749472650974783,
                0.7143731073466982,
                -0.100024190550288
            ]
        },
        {
            "robot_pose": [
                0.49683806861630575,
                0.10592805911161675,
                1.21946690723606,
                0.7128584035235983,
                -0.07025643749671401,
                0.6970529913244731,
                0.031844258535269405
            ],
            "obj_pose": [
                0.5300412923837415,
                0.09753775823444817,
                1.2026840508133767,
                -0.1597844773206618,
                -0.6719372882951494,
                -0.7170842042039323,
                0.09359190930383475
            ]
        },
        {
            "robot_pose": [
                0.5010370981764926,
                0.10509291526352954,
                1.246751123350657,
                0.7163723498107712,
                -0.04971064890952664,
                0.69541029648773,
                0.027276864747167045
            ],
            "obj_pose": [
                0.5343946973870155,
                0.09753775823444817,
                1.2298779000592919,
                -0.15148611442756335,
                -0.6820653640921645,
                -0.7073186240077554,
                0.10742048395551866
            ]
        },
        {
            "robot_pose": [
                0.5009386630953296,
                0.10629388825713398,
                1.2774064031946588,
                0.711315831337098,
                -0.06116430826595862,
                0.69905824802218,
                0.04007844003601223
            ],
            "obj_pose": [
                0.5342082572948109,
                0.09753775823444817,
                1.2609449398365036,
                -0.15929012368028403,
                -0.681039225809975,
                -0.7088938759614153,
                0.09100385722853194
            ]
        },
        {
            "robot_pose": [
                0.5338863245410933,
                0.1052115998442789,
                1.2821708475955422,
                0.7225213991121757,
                -0.06067034516195153,
                0.68820264930731,
                0.025671979458416257
            ],
            "obj_pose": [
                0.5668304762508848,
                0.09753775823444817,
                1.264555215045625,
                -0.16139957858106246,
                -0.6734397535998001,
                -0.7129239914111518,
                0.11031072828917378
            ]
        },
        {
            "robot_pose": [
                0.5582950726936877,
                0.1063216057578998,
                1.2780874894295502,
                0.7089810824420334,
                -0.06600473235922229,
                0.7010690030336005,
                0.03861933493709654
            ],
            "obj_pose": [
                0.5916307259665528,
                0.09753775823444817,
                1.2617751097558083,
                -0.1582255221077203,
                -0.6779549313464727,
                -0.7125043642017848,
                0.08763176484670951
            ]
        },
        {
            "robot_pose": [
                0.5598402708027176,
                0.10624175262870802,
                1.2474361674563348,
                0.717424851903767,
                -0.06395447258693245,
                0.6926075616517057,
                0.038809442792494736
            ],
            "obj_pose": [
                0.5928017620748248,
                0.09753775823444817,
                1.230339499308192,
                -0.1657801733404236,
                -0.6775878473296509,
                -0.7099495508613958,
                0.09676403520983842
            ]
        },
        {
            "robot_pose": [
                0.5575574003143137,
                0.10469416838298003,
                1.2186829113900322,
                0.7159163362438663,
                -0.06544442119117175,
                0.6949224996046902,
                0.01623412385320614
            ],
            "obj_pose": [
                0.5908937419880625,
                0.09753775823444817,
                1.2015952080726962,
                -0.1512372680892718,
                -0.6681483864101818,
                -0.7205872314264881,
                0.10704701949831737
            ]
        },
        {
            "robot_pose": [
                0.5305095918062056,
                0.1053631807455451,
                1.2205027174170597,
                0.7197708914467043,
                -0.06670143143620544,
                0.6905253314509087,
                0.025603700806537618
            ],
            "obj_pose": [
                0.5635159996299615,
                0.09753775823444817,
                1.2030712719187957,
                -0.1612715311210805,
                -0.6702781325410944,
                -0.7166817271256077,
                0.10529017186490676
            ]
        }
    ]
}