{
    "file": "models/everyday_objects/mug_142/base.urdf",
    "contact_pose": [
        -0.021616843064067442,
        0.058108396548311125,
        -0.011177441219531181,
        0.35763989366599563,
        0.6717640048073756,
        0.39329912066740197,
        -0.5158901336389174
    ],
    "obj_pose": [
        0.5005903388149139,
        -0.07909715520005833,
        1.2352184969888012,
        0.7249333730133134,
        0.22297139725967707,
        -0.08756507225474472,
        0.6458232876078633
    ],
    "initial_pose": [
        {
            "robot_pose": [
                0.5340403318405151,
                0.08614368736743927,
                1.252285122871399,
                0.7134614586830139,
                -0.04468483477830887,
                0.6969603300094604,
                0.056765440851449966
            ],
            "obj_pose": [
                0.5706635079690782,
                0.046040445319060284,
                1.2548457862573847,
                0.8022184941094562,
                -0.0824170416552211,
                -0.008230437119893132,
                0.5912572865160932
            ]
        },
        {
            "robot_pose": [
                0.5055263936995406,
                0.0868553709492007,
                1.2222281368556374,
                0.7090699758125197,
                -0.059569941064042974,
                0.700496158953479,
                0.05455568544415248
            ],
            "obj_pose": [
                0.5413846918576714,
                0.046040445319060284,
                1.2243277436092102,
                0.8082459198420715,
                -0.09345098795048006,
                -0.009310501224658728,
                0.5813078018370891
            ]
        },
        {
            "robot_pose": [
                0.5027139894298613,
                0.08633167861242898,
                1.2539080868665067,
                0.7134434563192318,
                -0.054952583022958405,
                0.6968416805462512,
                0.04889090414228289
            ],
            "obj_pose": [
                0.5391852437665947,
                0.046040445319060284,
                1.255504387688907,
                0.809561856313794,
                -0.08429504509672006,
                -0.009681753751445345,
                0.5808702177063327
            ]
        },
        {
            "robot_pose": [
                0.5060550050612773,
                0.08654470197705347,
                1.2780599507489119,
                0.7133434915202774,
                -0.05007610957733275,
                0.6965384336614692,
                0.05888681335991859
            ],
            "obj_pose": [
                0.5422466225141868,
                0.046040445319060284,
                1.2804381997343262,
                0.8030975750988427,
                -0.086687859425443,
                -0.011588003924723346,
                0.5893939413190756
            ]
        },
        {
            "robot_pose": [
                0.5358202094174177,
                0.0856947258293072,
                1.27974685250932,
                0.712775054923276,
                -0.0332855194285335,
                0.6979396115762881,
                0.06102535430649614
            ],
            "obj_pose": [
                0.5728552223748966,
                0.046040445319060284,
                1.2832152674160129,
                0.7960455966771615,
                -0.07854014638303258,
                -0.003977286560375291,
                0.6001058528365228
            ]
        },
        {
            "robot_pose": [
                0.5676000091656314,
                0.08499175431670324,
                1.2840815540930688,
                0.7164400121603023,
                -0.027745132275680047,
                0.695088461354599,
                0.05287671985332718
            ],
            "obj_pose": [
                0.605418302456605,
                0.046040445319060284,
                1.2870237079705857,
                0.7980887448660416,
                -0.06810225214873858,
                -0.002110143763500359,
                0.5986751922902046
            ]
        },
        {
            "robot_pose": [
                0.5580745553575194,
                0.08479169417214204,
                1.249730061754016,
                0.7134088240121518,
                -0.028227628162085145,
                0.6985082293627841,
                0.04834567552956274
            ],
            "obj_pose": [
                0.5960900620114983,
                0.046040445319060284,
                1.2527707879302392,
                0.8002710490527308,
                -0.06859764065510453,
                0.0031574184338293483,
                0.5956934131358417
            ]
        },
        {
            "robot_pose": [
                0.562991471373699,
                0.08646292959843745,
                1.2210145804653745,
                0.7205064713643929,
                -0.05155258917293252,
                0.6893111636346823,
                0.05534324674428118
            ],
            "obj_pose": [
                0.5993286394581769,
                0.046040445319060284,
                1.2223249353008494,
                0.8056103743645983,
                -0.07972632689156509,
                -0.01910392162360478,
                0.5867458373905265
            ]
        },
        {
            "robot_pose": [
                0.5327897687091689,
                0.08612922477776805,
                1.2178865365840077,
                0.7089225066699445,
                -0.03619278495833494,
                0.7011637565590089,
                0.06699513670275874
            ],
            "obj_pose": [
                0.5692954521122282,
                0.046040445319060284,
                1.2219249632947018,
                0.794011805972444,
                -0.086439355440807,
                -0.00352534806643411,
                0.6017151001332492
            ]
        }
    ]
}