{
    "file": "models/everyday_objects/mug_129/base.urdf",
    "contact_pose": [
        0.036147664417767345,
        0.04879214587913561,
        0.002951810920570363,
        -0.3014980588550014,
        0.6438057520910792,
        0.31373532783408603,
        0.6294308684438223
    ],
    "obj_pose": [
        0.4985050367508385,
        -0.07839401140707433,
        1.2368040456270186,
        0.23701854231103206,
        0.6652039846734743,
        0.6668208964254342,
        -0.23806671641719726
    ],
    "initial_pose": [
        {
            "robot_pose": [
                0.4968823194503784,
                0.11397234350442886,
                1.250321626663208,
                0.7898371815681458,
                -0.04335670545697212,
                0.6112115383148193,
                0.026416443288326263
            ],
            "obj_pose": [
                0.5533475265532702,
                0.07664446212043817,
                1.2365508254341386,
                0.17362017666220825,
                0.7276314361059342,
                0.6615647157786578,
                -0.052351258656339376
            ]
        },
        {
            "robot_pose": [
                0.4674965435819319,
                0.11322721132734465,
                1.2246859958097924,
                0.7892778258226454,
                -0.047258343016466094,
                0.6120268924329398,
                0.0151738465424789
            ],
            "obj_pose": [
                0.5242861322114362,
                0.07664446212043817,
                1.2102648172159136,
                -0.16922211402523668,
                -0.7209005590029912,
                -0.6697529386632943,
                0.0556530439947917
            ]
        },
        {
            "robot_pose": [
                0.46977955367646473,
                0.11463764706049612,
                1.2525434007132685,
                0.7953589427293822,
                -0.053268026407921096,
                0.6032241639552511,
                0.02621597992623193
            ],
            "obj_pose": [
                0.5253924662615602,
                0.07664446212043817,
                1.2372121528777738,
                -0.18506600695423622,
                -0.7212975829773715,
                -0.6651498800068234,
                0.05528116304786742
            ]
        },
        {
            "robot_pose": [
                0.4677951585796031,
                0.11491407750374588,
                1.278452849268462,
                0.7824172781632809,
                -0.04466556102279253,
                0.6201286498694164,
                0.0356180867147173
            ],
            "obj_pose": [
                0.5240392001085128,
                0.07664446212043817,
                1.2664791431092035,
                -0.17145863064217112,
                -0.7316315195976615,
                -0.6586615152593783,
                0.03850020552864637
            ]
        },
        {
            "robot_pose": [
                0.49338621340115535,
                0.11330265276252308,
                1.275991834154069,
                0.7856547192923125,
                -0.04534431784172184,
                0.6167585173509982,
                0.017305668672001184
            ],
            "obj_pose": [
                0.5503463434321145,
                0.07664446212043817,
                1.262462386494055,
                -0.16541650346443618,
                -0.7233249333562938,
                -0.6684593075937357,
                0.05099583569289529
            ]
        },
        {
            "robot_pose": [
                0.5299944269880172,
                0.1149459792541269,
                1.275268011922183,
                0.7834765619390408,
                -0.05228128966451158,
                0.6185008213873529,
                0.029797274814414278
            ],
            "obj_pose": [
                0.5860230389352752,
                0.07664446212043817,
                1.262418352907189,
                -0.1737370915671613,
                -0.7249548987305087,
                -0.6653491137866211,
                0.03957745069833954
            ]
        },
        {
            "robot_pose": [
                0.5258337060855136,
                0.115148902891442,
                1.2472612543765016,
                0.7936680629551772,
                -0.04050853334191996,
                0.6055558895816536,
                0.04185844197334229
            ],
            "obj_pose": [
                0.5815482860353921,
                0.07664446212043817,
                1.2336737994933697,
                -0.1845218156851482,
                -0.7348755068270799,
                -0.6506424795697064,
                0.050735123743642016
            ]
        },
        {
            "robot_pose": [
                0.5290596843367547,
                0.11461795480032674,
                1.2194453272746837,
                0.791879989069111,
                -0.04256258737350058,
                0.6082280481270979,
                0.03425128522374811
            ],
            "obj_pose": [
                0.5851031881382984,
                0.07664446212043817,
                1.205717077436591,
                -0.1795979759494374,
                -0.7309694333518417,
                -0.656346146400916,
                0.05136137308153088
            ]
        },
        {
            "robot_pose": [
                0.49694085655189835,
                0.11353080402488612,
                1.216098408874162,
                0.7884862038034367,
                -0.029124286400221598,
                0.6134700664987008,
                0.03310226372021786
            ],
            "obj_pose": [
                0.5539882786669499,
                0.07664446212043817,
                1.203595820373552,
                -0.16784415925534749,
                -0.7382200179115843,
                -0.6511741792432288,
                0.05321401737693616
            ]
        }
    ]
}