{
    "file": "models/everyday_objects/daily_106/base.urdf",
    "contact_pose": [
        -0.006708133423303286,
        0.06727432590221283,
        -0.0016110113928942812,
        -0.461509327663779,
        -0.5286936716655122,
        -0.4730272602028183,
        0.5326700227393892
    ],
    "obj_pose": [
        0.49764665980031264,
        -0.05370448537783465,
        1.2333546245707971,
        0.6992086246579812,
        0.04761109708629539,
        -0.04210729991057883,
        0.712086692708391
    ],
    "initial_pose": [
        {
            "robot_pose": [
                0.5281914472579956,
                0.07579275220632553,
                1.2641444206237793,
                0.7121797204017639,
                -0.05776285380125046,
                0.6981096863746643,
                0.04589531943202019
            ],
            "obj_pose": [
                0.5428998930587629,
                0.06904027910034852,
                1.2344952024157956,
                0.6937892578019439,
                0.0418793377797802,
                -0.04525713846334789,
                0.7175335380620645
            ]
        },
        {
            "robot_pose": [
                0.4974312910399242,
                0.07561131596242263,
                1.230084334287931,
                0.7207648288051097,
                -0.05682670223321998,
                0.6894707976029291,
                0.04357529946676864
            ],
            "obj_pose": [
                0.5114521638620563,
                0.06904027910034852,
                1.2000635579633832,
                0.6944475530072644,
                0.05226660767787422,
                -0.05182600828517997,
                0.7157687215220391
            ]
        },
        {
            "robot_pose": [
                0.4990626984794166,
                0.07681609342837999,
                1.2619767131422923,
                0.6991661687911446,
                -0.045622084554808456,
                0.7112118681050984,
                0.057122434167696315
            ],
            "obj_pose": [
                0.5147880876550931,
                0.06904027910034852,
                1.2331104827324315,
                0.6815371055736451,
                0.029167500201062655,
                -0.03357710367506624,
                0.7304307008656692
            ]
        },
        {
            "robot_pose": [
                0.4991773315713897,
                0.07438628578522267,
                1.2933362843179503,
                0.7160442564999289,
                -0.05825484162373052,
                0.695202517326479,
                0.024092655805969244
            ],
            "obj_pose": [
                0.5138589892105095,
                0.06904027910034852,
                1.26338833692988,
                0.7044675070625359,
                0.055483481742595465,
                -0.036251154634583,
                0.7066349613021382
            ]
        },
        {
            "robot_pose": [
                0.5229612875793811,
                0.07623944262156016,
                1.2923001761832789,
                0.7106411315535818,
                -0.03805327839097513,
                0.7009830734592275,
                0.04651731797512681
            ],
            "obj_pose": [
                0.5379888627177731,
                0.06904027910034852,
                1.2629172824979982,
                0.6828174006384192,
                0.049120433723267166,
                -0.03454922653962819,
                0.7281167017187177
            ]
        },
        {
            "robot_pose": [
                0.5545984338953264,
                0.07649462289243232,
                1.2895682474422547,
                0.710204633916561,
                -0.03954970598537821,
                0.7010287573041266,
                0.05102822897716327
            ],
            "obj_pose": [
                0.5695777607400989,
                0.06904027910034852,
                1.2602243735130583,
                0.6814397039729952,
                0.04597734439339981,
                -0.03758163670731613,
                0.7294611944676197
            ]
        },
        {
            "robot_pose": [
                0.5552688024193908,
                0.07592737415181512,
                1.2613825710222335,
                0.707810821378776,
                -0.06049209689187663,
                0.7021360819844902,
                0.048471328929537066
            ],
            "obj_pose": [
                0.5702737346711436,
                0.06904027910034852,
                1.2319134288369231,
                0.6939384097601705,
                0.03498972699952001,
                -0.043915564583596196,
                0.7178416438542198
            ]
        },
        {
            "robot_pose": [
                0.5528538699911392,
                0.07654774304640403,
                1.2358601734502017,
                0.699389749341585,
                -0.05270456225919351,
                0.7106667841307246,
                0.05503571173588698
            ],
            "obj_pose": [
                0.5685236059333391,
                0.06904027910034852,
                1.2068928164450126,
                0.6863912603825235,
                0.0270379026016294,
                -0.035961335296540185,
                0.7258393567843269
            ]
        },
        {
            "robot_pose": [
                0.5276352317887998,
                0.07504954628649654,
                1.232200937779676,
                0.7159079470463849,
                -0.05214915357372242,
                0.6954816750765335,
                0.03258092647721879
            ],
            "obj_pose": [
                0.5422787672658907,
                0.06904027910034852,
                1.2023602610466941,
                0.6971931254766132,
                0.054272609630276115,
                -0.03814878760215252,
                0.713807326690163
            ]
        }
    ]
}