{
    "file": "models/everyday_objects/mug_112/base.urdf",
    "contact_pose": [
        -0.03070918924052235,
        0.05114484389255591,
        -0.0014042397260107253,
        -0.37942353706284376,
        -0.5940423929991226,
        -0.2529960448972522,
        0.662679723628952
    ],
    "obj_pose": [
        0.4936189752074756,
        -0.06550312751214526,
        1.2406587107883869,
        0.6863454513421472,
        0.15065592389411783,
        -0.2905072496915269,
        0.6494907635172489
    ],
    "initial_pose": [
        {
            "robot_pose": [
                0.5299886465072632,
                0.1141233816742897,
                1.2413181066513062,
                0.8017656207084656,
                -0.05109793692827225,
                0.5949607491493225,
                0.02413960173726082
            ],
            "obj_pose": [
                0.5778032148598121,
                0.08436465115406915,
                1.2350481594010458,
                0.6088273037868803,
                0.09971432436244387,
                0.0279610096856026,
                0.7865141763616856
            ]
        },
        {
            "robot_pose": [
                0.5037067894634648,
                0.11344490933284873,
                1.210112128595818,
                0.8018097460512441,
                -0.05338982966203612,
                0.5950731992574627,
                0.011770503446590093
            ],
            "obj_pose": [
                0.5518564252413294,
                0.08436465115406915,
                1.203250759479438,
                0.6170757972528782,
                0.10216496917731914,
                0.03388726859465395,
                0.7795071728630314
            ]
        },
        {
            "robot_pose": [
                0.5053414075488479,
                0.11607581870667688,
                1.238220229789567,
                0.7986720807707522,
                -0.062465296320248345,
                0.5970551154282129,
                0.04178735806370115
            ],
            "obj_pose": [
                0.5519775819580554,
                0.08436465115406915,
                1.2326888360808217,
                0.604622243620626,
                0.08562157691418612,
                0.013449974407931022,
                0.791782789832107
            ]
        },
        {
            "robot_pose": [
                0.5007614507390525,
                0.11363242674977955,
                1.2721978432139633,
                0.809168539931318,
                -0.058053398381019757,
                0.5846088070031241,
                0.010422077346567702
            ],
            "obj_pose": [
                0.5485632800767689,
                0.08436465115406915,
                1.2638605984002558,
                0.6212280182240384,
                0.11021199911600414,
                0.024463495375475916,
                0.775455093489173
            ]
        },
        {
            "robot_pose": [
                0.5249976894345206,
                0.11292665429266646,
                1.268756533784504,
                0.803730388114698,
                -0.03941467453218584,
                0.5933956357232143,
                0.01858940981207943
            ],
            "obj_pose": [
                0.573524254484447,
                0.08436465115406915,
                1.2623916544767138,
                0.6057056496692058,
                0.10942875397415261,
                0.03626105939887964,
                0.7872935598198049
            ]
        },
        {
            "robot_pose": [
                0.5589402675650724,
                0.1134933322660877,
                1.2718987935777766,
                0.8097988817261116,
                -0.0401295777838664,
                0.5847391151761646,
                0.026373382889265794
            ],
            "obj_pose": [
                0.6070255342445616,
                0.08436465115406915,
                1.2647956750743685,
                0.6023725064248394,
                0.11505968394390126,
                0.025069036409506067,
                0.7894809535686628
            ]
        },
        {
            "robot_pose": [
                0.5613382807187015,
                0.11487495070918032,
                1.2434691271000826,
                0.8065736276903116,
                -0.051575361631871146,
                0.5878339879074657,
                0.03507374869953461
            ],
            "obj_pose": [
                0.6086241930658925,
                0.08436465115406915,
                1.2368139530236313,
                0.6034089413730904,
                0.10295393942732398,
                0.016247056618955705,
                0.7905910251062946
            ]
        },
        {
            "robot_pose": [
                0.5621354051908141,
                0.11347571974691965,
                1.214947543911402,
                0.8034022446140858,
                -0.03454566260291493,
                0.5935776024593884,
                0.03189138446255171
            ],
            "obj_pose": [
                0.6104285810095902,
                0.08436465115406915,
                1.209340219936827,
                0.595389085265324,
                0.10770980848882246,
                0.031463094928692426,
                0.7955630131923743
            ]
        },
        {
            "robot_pose": [
                0.5303661928635431,
                0.1159301852193499,
                1.2123277513687414,
                0.7974349888084761,
                -0.06332514045306499,
                0.5988304504547384,
                0.0385934815584246
            ],
            "obj_pose": [
                0.5771057487032758,
                0.08436465115406915,
                1.2068361025712648,
                0.6067786098992892,
                0.0844238531457988,
                0.01610822187532398,
                0.7902106407640422
            ]
        }
    ]
}