{
    "hook_path": "models/hook_1120/Hook47#0/base.urdf",
    "obj_path": "models/geo_data/hanging_exp/daily_5/base.urdf",
    "hook_pose": [
        0.5,
        -0.1,
        1.3,
        0.0,
        0.0,
        -0.7071067811865475,
        0.7071067811865476
    ],
    "contact_info": [
        {
            "contact_point_hook": [
                -0.0032576392499708497,
                0.028791715442102905,
                -0.03138198977137119,
                1.0
            ],
            "contact_point_obj": [
                0.0029677620162066667,
                -0.004723205149441023,
                0.04047256083250472,
                1.0
            ],
            "obj_pose": [
                0.5225806888013916,
                -0.09992355952127821,
                1.228363226897259,
                0.017526324381218157,
                0.013098378156611714,
                0.7364276781720946,
                0.6761623586575999
            ]
        }
    ]
}