{
    "hook_path": "models/hook_1120/Hook145#18/base.urdf",
    "obj_path": "models/geo_data/hanging_exp/daily_5/base.urdf",
    "hook_pose": [
        0.5,
        -0.1,
        1.3,
        0.0,
        0.0,
        -0.7071067811865475,
        0.7071067811865476
    ],
    "contact_info": [
        {
            "contact_point_hook": [
                -0.031226987106638432,
                0.0049404944189634925,
                0.04116240310919639,
                1.0
            ],
            "contact_point_obj": [
                0.0023109288430070984,
                -0.004429858789672392,
                0.04030826731871806,
                1.0
            ],
            "obj_pose": [
                0.5023036564298891,
                -0.07203892489671791,
                1.300763128865012,
                -0.009472711419160033,
                -0.008975933172665531,
                0.7929502866969063,
                0.6091465695457403
            ]
        }
    ]
}