{
    "hook_path": "models/hook_1120/Hook_180#10/base.urdf",
    "obj_path": "models/geo_data/hanging_exp/daily_5/base.urdf",
    "hook_pose": [
        0.5,
        -0.1,
        1.3,
        4.329780281177466e-17,
        0.7071067811865475,
        0.7071067811865476,
        4.329780281177467e-17
    ],
    "contact_info": [
        {
            "contact_point_hook": [
                -0.0028990244957816103,
                -0.012998732797554702,
                0.03313926411973597,
                1.0
            ],
            "contact_point_obj": [
                -0.0019162046769996693,
                0.0005527739259817699,
                0.04163924599919855,
                1.0
            ],
            "obj_pose": [
                0.4929628001223995,
                -0.06937903575270178,
                1.2465941661221471,
                -0.087293644004134,
                0.07063948141642917,
                -0.7270232379319355,
                0.677367769301627
            ]
        }
    ]
}