{
    "hook_path": "models/hook_1120/Hook_90#16/base.urdf",
    "obj_path": "models/geo_data/hanging_exp/daily_5/base.urdf",
    "hook_pose": [
        0.5,
        -0.1,
        1.3,
        4.329780281177466e-17,
        0.7071067811865475,
        0.7071067811865476,
        4.329780281177467e-17
    ],
    "contact_info": [
        {
            "contact_point_hook": [
                -0.0006194188224220021,
                -0.006233980226180158,
                0.023207386567768357,
                1.0
            ],
            "contact_point_obj": [
                -0.0005758963201209777,
                -3.7939369829098624e-05,
                0.04064971383546356,
                1.0
            ],
            "obj_pose": [
                0.4984520492800244,
                -0.07776597028574829,
                1.253181695009512,
                -0.02317127645044049,
                0.010234149487105725,
                -0.8138242983305514,
                0.5805586667846054
            ]
        }
    ]
}