{
    "hook_path": "models/hook/Hook40#11/base.urdf",
    "obj_path": "models/geo_data/hanging_exp/daily_5/base.urdf",
    "hook_pose": [
        0.5,
        -0.1,
        1.3,
        0.0,
        0.0,
        -0.7071067811865475,
        0.7071067811865476
    ],
    "contact_info": [
        {
            "contact_point_hook": [
                0.003893107110756036,
                -0.0003427561486866737,
                -0.045060361778812785,
                1.0
            ],
            "contact_point_obj": [
                0.003030060930426494,
                0.0018081093018025296,
                0.04116375363420022,
                1.0
            ],
            "obj_pose": [
                0.4953488179522589,
                -0.10699175757718639,
                1.2139671965889665,
                0.055355220685517445,
                0.05450057172498792,
                0.7375355691331461,
                0.6708254404000741
            ]
        }
    ]
}