{
    "hook_path": "models/hook_all_new/Hook_my_bar_easy/base.urdf",
    "obj_path": "models/everyday_objects/mug_149/base.urdf",
    "hook_pose": [
        0.5,
        -0.1,
        1.3,
        4.329780281177466e-17,
        0.7071067811865475,
        0.7071067811865476,
        4.329780281177467e-17
    ],
    "contact_info": [
        {
            "contact_point_hook": [
                -0.0008756574594098732,
                -0.0030849690840506483,
                0.031172506722042848,
                1.0
            ],
            "obj_pose": [
                0.4895243637952712,
                -0.06820244579797945,
                1.2347187865248392,
                0.6994603536639311,
                0.14414306261728205,
                -0.12388912357640693,
                0.6889335789545379
            ],
            "contact_point_obj": [
                -0.012620286908914815,
                0.061953463657406616,
                -0.0003347652125002924,
                1.0
            ]
        }
    ],
    "initial_pose": [
        {
            "robot_pose": [
                0.49347132444381714,
                0.11308746784925461,
                1.2548823356628418,
                0.7159919738769531,
                -0.06575893610715866,
                0.6948270201683044,
                0.01570669747889042
            ],
            "obj_pose": [
                0.5405214971935167,
                0.07302861302982934,
                1.2470423421026695,
                0.6786150898525247,
                -0.0010055082215796548,
                -0.07184669122526906,
                0.7309709992452826
            ]
        },
        {
            "robot_pose": [
                0.4610713029424679,
                0.11161854056826889,
                1.2294837323768684,
                0.7174880569065054,
                -0.06805531492126021,
                0.6932231000638392,
                -0.004593021377691393
            ],
            "obj_pose": [
                0.5090935301735287,
                0.07302861302982934,
                1.2202870325018993,
                0.6903106058080027,
                0.009265651091410075,
                -0.06324043422952273,
                0.7206844404434593
            ]
        },
        {
            "robot_pose": [
                0.46083770399144064,
                0.11386023092639444,
                1.250859275120363,
                0.7068813764228788,
                -0.0825289178897715,
                0.7023847230655924,
                0.012782729853619947
            ],
            "obj_pose": [
                0.5072322324110865,
                0.07302861302982934,
                1.2430989389864393,
                0.688914915888462,
                -0.016075050133487867,
                -0.07121017898894685,
                0.7211566694123832
            ]
        },
        {
            "robot_pose": [
                0.46091389698711066,
                0.11434673489261585,
                1.2885214158395557,
                0.7224300753753942,
                -0.0662902251460424,
                0.687495811756455,
                0.032402176786790554
            ],
            "obj_pose": [
                0.5068432530192517,
                0.07302861302982934,
                1.2805713740504416,
                0.6696578237439635,
                -0.001813730836052715,
                -0.08769173466695972,
                0.7374722158495549
            ]
        },
        {
            "robot_pose": [
                0.4930630722857099,
                0.11132311622366453,
                1.289741746076088,
                0.7187863485722359,
                -0.06417706119318808,
                0.692241293970546,
                -0.005429626578505942
            ],
            "obj_pose": [
                0.5413228466074653,
                0.07302861302982934,
                1.2805536389916832,
                0.6887143971205136,
                0.012625090992239388,
                -0.0618243327622334,
                0.722281688923975
            ]
        },
        {
            "robot_pose": [
                0.5241605990907587,
                0.11235139985853743,
                1.2859338715494906,
                0.7202597456087453,
                -0.07376641764984979,
                0.6897706387374332,
                0.0009383061797454251
            ],
            "obj_pose": [
                0.5714901314591531,
                0.07302861302982934,
                1.2762627854648254,
                0.6902032381887824,
                0.0074043912407153025,
                -0.07211930702678028,
                0.7199746318711864
            ]
        },
        {
            "robot_pose": [
                0.5264302942403555,
                0.11306080121894777,
                1.2550433865913293,
                0.7086855321392186,
                -0.06373986146800985,
                0.7024498406980849,
                0.016317717359565352
            ],
            "obj_pose": [
                0.5736850397348348,
                0.07302861302982934,
                1.2483868829079454,
                0.6775325513634722,
                -0.008381738785346942,
                -0.06425721200337987,
                0.7326325129308628
            ]
        },
        {
            "robot_pose": [
                0.5214831323889151,
                0.11233380199474163,
                1.2285883480608117,
                0.7103783097044564,
                -0.060852096629276785,
                0.7011251560278613,
                0.009121130531224493
            ],
            "obj_pose": [
                0.5692846133328042,
                0.07302861302982934,
                1.221516103420851,
                0.6797930366173919,
                -0.002049354195304221,
                -0.060178465803002734,
                0.7309280263934914
            ]
        },
        {
            "robot_pose": [
                0.48942902973760133,
                0.11298253483681991,
                1.2221114377380815,
                0.7096839207194502,
                -0.06610392464044686,
                0.7012806623628222,
                0.013580736922595999
            ],
            "obj_pose": [
                0.5366890289028317,
                0.07302861302982934,
                1.2150352300399412,
                0.6801493733696007,
                -0.006982028601158894,
                -0.06496611151915245,
                0.7301557953859116
            ]
        }
    ]
}