{
    "hook_path": "models/hook_all_new/Hook_my_bar_easy/base.urdf",
    "obj_path": "models/everyday_objects/mug_126/base.urdf",
    "hook_pose": [
        0.5,
        -0.1,
        1.3,
        4.329780281177466e-17,
        0.7071067811865475,
        0.7071067811865476,
        4.329780281177467e-17
    ],
    "contact_info": [
        {
            "contact_point_hook": [
                -0.0031352017676981037,
                -0.004721636432574616,
                0.02759431092968283,
                1.0
            ],
            "obj_pose": [
                0.4992562732763368,
                -0.07316497338298528,
                1.2355732400674169,
                0.7057890758705025,
                0.051334805585910574,
                -0.04953347314703127,
                0.7048212207044501
            ],
            "contact_point_obj": [
                -0.004653635566631453,
                0.05964862785369629,
                -0.0008421652118821665,
                1.0
            ]
        }
    ],
    "initial_pose": [
        {
            "robot_pose": [
                0.5133488178253174,
                0.10946045070886612,
                1.2563022375106812,
                0.715802013874054,
                -0.050857387483119965,
                0.6954557299613953,
                0.03718152642250061
            ],
            "obj_pose": [
                0.5453639638106285,
                0.07717530768752247,
                1.2503432317943928,
                0.7021450960372879,
                0.07971926720851964,
                0.008299556053196806,
                0.7075084592539117
            ]
        },
        {
            "robot_pose": [
                0.48558286452331373,
                0.1094612600513851,
                1.2261485737052646,
                0.7247037019554177,
                -0.043290667788754886,
                0.6863651469734598,
                0.0428176070631907
            ],
            "obj_pose": [
                0.5175399733508023,
                0.07717530768752247,
                1.2198899590947772,
                0.6960224761125035,
                0.09029687830007446,
                -0.0005538176339514444,
                0.7123193664372107
            ]
        },
        {
            "robot_pose": [
                0.4847385352233766,
                0.11009141104710699,
                1.2577753393231708,
                0.7201157322681783,
                -0.05098305064921711,
                0.6902256990339236,
                0.04921935675622159
            ],
            "obj_pose": [
                0.5161163765822573,
                0.07717530768752247,
                1.25187864594686,
                0.6970787748272601,
                0.07905608991080297,
                -0.0034779195173001596,
                0.7126143560223666
            ]
        },
        {
            "robot_pose": [
                0.4863595403969028,
                0.10961464066523723,
                1.281480708260164,
                0.7048171669328751,
                -0.05576666700552538,
                0.706268443556043,
                0.03616249002399058
            ],
            "obj_pose": [
                0.5183566649901379,
                0.07717530768752247,
                1.2763151032402171,
                0.7044130137600584,
                0.06655585063436097,
                0.017419760017923107,
                0.7064482831409008
            ]
        },
        {
            "robot_pose": [
                0.5120476137064564,
                0.10936827448090902,
                1.2836393720312953,
                0.707100979281841,
                -0.05960731645849017,
                0.7040024286222398,
                0.0289094001540482
            ],
            "obj_pose": [
                0.5441744177400559,
                0.07717530768752247,
                1.2777835088905822,
                0.7099436130756818,
                0.07003086019537524,
                0.01781390908136704,
                0.7005415116298129
            ]
        },
        {
            "robot_pose": [
                0.5405109761783683,
                0.11010130079730354,
                1.2889854403966412,
                0.7117229878666917,
                -0.06636113600776497,
                0.698268410820952,
                0.038312068848470535
            ],
            "obj_pose": [
                0.5718099110603142,
                0.07717530768752247,
                1.2827352056421284,
                0.7098100740927885,
                0.06741325600527293,
                0.004359142328120261,
                0.7011462825326258
            ]
        },
        {
            "robot_pose": [
                0.5434347370094176,
                0.10971362787159408,
                1.2576717251187186,
                0.7209894313750217,
                -0.05932974849140919,
                0.6894471678542615,
                0.03628806315039202
            ],
            "obj_pose": [
                0.5750026059498767,
                0.07717530768752247,
                1.2507770060052963,
                0.70756473420103,
                0.0812023439087333,
                -0.00026292982094836817,
                0.7019674188498087
            ]
        },
        {
            "robot_pose": [
                0.5413975962380817,
                0.10916194470710781,
                1.2242379210308258,
                0.7264212415414351,
                -0.05098087454466053,
                0.6846104776398564,
                0.03196285615819557
            ],
            "obj_pose": [
                0.5734530614894632,
                0.07717530768752247,
                1.2170190581570122,
                0.7052582083357032,
                0.09277825750004592,
                0.0008339430563410221,
                0.7028530138295971
            ]
        },
        {
            "robot_pose": [
                0.5170674913936529,
                0.10927266068175992,
                1.2215801241079651,
                0.702389101808505,
                -0.04650412596151976,
                0.7093400186032139,
                0.036382055153450873
            ],
            "obj_pose": [
                0.5495084873026138,
                0.07717530768752247,
                1.217091082262063,
                0.6989794453699998,
                0.06865039265781328,
                0.02392955856980017,
                0.7114367398193813
            ]
        }
    ]
}