{
    "hook_path": "models/hook_all_new/Hook_my_bar_easy/base.urdf",
    "obj_path": "models/everyday_objects/daily_34/base.urdf",
    "hook_pose": [
        0.5,
        -0.1,
        1.3,
        4.329780281177466e-17,
        0.7071067811865475,
        0.7071067811865476,
        4.329780281177467e-17
    ],
    "contact_info": [
        {
            "contact_point_hook": [
                -0.0014039015147813139,
                -0.002466768570252187,
                0.03783128597879344,
                1.0
            ],
            "obj_pose": [
                0.4959944220440957,
                -0.07292042066925333,
                1.2582530524989928,
                0.4414633250629076,
                0.5509024190344491,
                0.5414586635122532,
                -0.456551391448891
            ],
            "contact_point_obj": [
                0.037405833649348574,
                0.013162229119304092,
                0.010740272549137111,
                1.0
            ]
        }
    ],
    "initial_pose": [
        {
            "robot_pose": [
                0.4889296889305115,
                0.07910173386335373,
                1.2437907457351685,
                0.7158007025718689,
                -0.04805360734462738,
                0.6957024931907654,
                0.036307863891124725
            ],
            "obj_pose": [
                0.5386163196504429,
                0.07852372932265472,
                1.2493268566614306,
                0.4174815523263019,
                0.5403442260106638,
                0.612577833003702,
                -0.398102586523432
            ]
        },
        {
            "robot_pose": [
                0.45652533763399383,
                0.07922841764841868,
                1.2164139285962774,
                0.7289847284031641,
                -0.04606815373514834,
                0.6817571258473357,
                0.04081926411365109
            ],
            "obj_pose": [
                0.5063876877747691,
                0.07852372932265472,
                1.2200185559748056,
                -0.4315474172781453,
                -0.5339545057349055,
                -0.6031029636285702,
                0.40611110266574907
            ]
        },
        {
            "robot_pose": [
                0.4614133671794387,
                0.07909158751858394,
                1.2471997700800053,
                0.7107525423382689,
                -0.05123377003052049,
                0.7008449449036267,
                0.03197323210405145
            ],
            "obj_pose": [
                0.5110119823870273,
                0.07852372932265472,
                1.253476615808128,
                -0.41054618288643874,
                -0.5406078162914992,
                -0.618058584991016,
                0.3964827943313737
            ]
        },
        {
            "robot_pose": [
                0.4563191626325706,
                0.07896380681109366,
                1.273582527937874,
                0.7069586634332058,
                -0.04889828222602486,
                0.7047950720254583,
                0.03289852034223013
            ],
            "obj_pose": [
                0.5058487899396612,
                0.07852372932265472,
                1.2803918036967672,
                -0.4077636193333797,
                -0.5447224424573478,
                -0.6184520589069309,
                0.393094571655756
            ]
        },
        {
            "robot_pose": [
                0.4871518273788893,
                0.0775767459303642,
                1.2749135848479982,
                0.7184893182505376,
                -0.035643700819502876,
                0.6940811637830843,
                0.027458409154335978
            ],
            "obj_pose": [
                0.5368657957558679,
                0.07852372932265472,
                1.280145071864447,
                -0.4119841093596726,
                -0.5466710623234294,
                -0.6040648898811053,
                0.40807530195567915
            ]
        },
        {
            "robot_pose": [
                0.5235595147052641,
                0.07936031535292887,
                1.276964752522416,
                0.7264488682031214,
                -0.05287256590265367,
                0.6843169066887484,
                0.03445148590723128
            ],
            "obj_pose": [
                0.5733891843465113,
                0.07852372932265472,
                1.2809707521472151,
                -0.42567130343636944,
                -0.5298834088743408,
                -0.6099644635176353,
                0.4073952229422112
            ]
        },
        {
            "robot_pose": [
                0.5212824175005945,
                0.07933828700280011,
                1.2412180968290083,
                0.7068797584693383,
                -0.043377693720178655,
                0.7044774610592788,
                0.046377684432500704
            ],
            "obj_pose": [
                0.5708186710912286,
                0.07852372932265472,
                1.2479441626721197,
                -0.4166717702305388,
                -0.5502712478659092,
                -0.6128773989288334,
                0.3846654176648479
            ]
        },
        {
            "robot_pose": [
                0.5194190107442389,
                0.08094655064249591,
                1.2128441050274925,
                0.7111646437112723,
                -0.05944592703796889,
                0.6985975000392128,
                0.05169684934865415
            ],
            "obj_pose": [
                0.5689911153208511,
                0.07852372932265472,
                1.2188839949630221,
                -0.42596057834842316,
                -0.5363742636312909,
                -0.620251690744602,
                0.38229317955664605
            ]
        },
        {
            "robot_pose": [
                0.48605866477596904,
                0.08034519868803766,
                1.210480753979157,
                0.7124103448207367,
                -0.060571266118657166,
                0.6979766485596887,
                0.0403883693477033
            ],
            "obj_pose": [
                0.5356680504191905,
                0.07852372932265472,
                1.2164250782627806,
                -0.4190488571979642,
                -0.5336203226731752,
                -0.6220228078261375,
                0.39081329692750316
            ]
        }
    ]
}