{
    "hook_path": "models/hook_all_new/Hook_my_bar_easy/base.urdf",
    "obj_path": "models/everyday_objects/mug_82/base.urdf",
    "hook_pose": [
        0.5,
        -0.1,
        1.3,
        4.329780281177466e-17,
        0.7071067811865475,
        0.7071067811865476,
        4.329780281177467e-17
    ],
    "contact_info": [
        {
            "contact_point_hook": [
                -0.001467921078564971,
                -0.003291788203624524,
                0.029350043743054516,
                1.0
            ],
            "obj_pose": [
                0.4994865941092711,
                -0.07854995693271458,
                1.2311452813625827,
                0.6927442765911482,
                0.14327445340118697,
                -0.14273415702737496,
                0.6922461691266211
            ],
            "contact_point_obj": [
                -0.02414442835667015,
                0.06098041874586202,
                -0.007954157605411892,
                1.0
            ]
        }
    ],
    "initial_pose": [
        {
            "robot_pose": [
                0.5156438946723938,
                0.1093718633055687,
                1.237017273902893,
                0.7168857455253601,
                -0.05952690541744232,
                0.6941702961921692,
                0.02567180246114731
            ],
            "obj_pose": [
                0.5690048098991184,
                0.059685961024395155,
                1.2364435068071815,
                0.6803625578619105,
                -0.04547881184676029,
                -0.053957165506490434,
                0.7294704187443867
            ]
        },
        {
            "robot_pose": [
                0.48377273125694975,
                0.1104518512766777,
                1.2069886404340413,
                0.7163961422363887,
                -0.057527118535869656,
                0.6940223833797676,
                0.04242793171540178
            ],
            "obj_pose": [
                0.5361058768391535,
                0.059685961024395155,
                1.2076753924804275,
                0.6699783760621993,
                -0.05256184418737266,
                -0.06135748961855497,
                0.7379711963297685
            ]
        },
        {
            "robot_pose": [
                0.48502852560202536,
                0.10989630352044072,
                1.2366819520966863,
                0.7145963221550007,
                -0.05609553409075624,
                0.6963425301319455,
                0.036228002250465956
            ],
            "obj_pose": [
                0.5378947798505591,
                0.059685961024395155,
                1.2373791150384215,
                0.6728282284635614,
                -0.05116213015219569,
                -0.05544895031574318,
                0.7359415909769998
            ]
        },
        {
            "robot_pose": [
                0.4816105303279367,
                0.11023943992943838,
                1.2633558658920863,
                0.707021111390712,
                -0.058094914246858226,
                0.703740889113553,
                0.03866380705722854
            ],
            "obj_pose": [
                0.5341187270498712,
                0.059685961024395155,
                1.2652638532128304,
                0.6724375741855573,
                -0.061150253095960484,
                -0.050744625323051636,
                0.7358758987564182
            ]
        },
        {
            "robot_pose": [
                0.5155242698727094,
                0.1110474619894676,
                1.2713328888676394,
                0.7172710115802866,
                -0.07379344849378425,
                0.6920432409761388,
                0.033955493299747765
            ],
            "obj_pose": [
                0.5672638629519383,
                0.059685961024395155,
                1.2701428911286445,
                0.6824286364270196,
                -0.05474347720052701,
                -0.06712036085862996,
                0.7258024283829322
            ]
        },
        {
            "robot_pose": [
                0.5439856620563226,
                0.11007182810153049,
                1.2718171404662708,
                0.7218977811867721,
                -0.06393701137920106,
                0.6883493443450476,
                0.030835567665510846
            ],
            "obj_pose": [
                0.596670949327161,
                0.059685961024395155,
                1.2704277981460983,
                0.6794828252061358,
                -0.044250133010060366,
                -0.06409759341712866,
                0.729545416335825
            ]
        },
        {
            "robot_pose": [
                0.5506442171570228,
                0.10960392499496711,
                1.2309528059373773,
                0.7096306527917433,
                -0.0584907269380732,
                0.7015198028130012,
                0.029548904240728847
            ],
            "obj_pose": [
                0.6037834641408928,
                0.059685961024395155,
                1.2318598180806737,
                0.6777560436472354,
                -0.05451909010415611,
                -0.048529148446956355,
                0.7316552028550573
            ]
        },
        {
            "robot_pose": [
                0.547205747835766,
                0.10871938773617143,
                1.211245345569339,
                0.7156944991865787,
                -0.0628031673706127,
                0.6954480608776147,
                0.013752840574096968
            ],
            "obj_pose": [
                0.6011527698443639,
                0.059685961024395155,
                1.209886210067315,
                0.6885283533333122,
                -0.04274232698620401,
                -0.04841999328402299,
                0.7223276987561098
            ]
        },
        {
            "robot_pose": [
                0.5203946853446562,
                0.10975958618212489,
                1.2064073945102696,
                0.7106007222435252,
                -0.0641320721488781,
                0.7001889776752978,
                0.025866704677884215
            ],
            "obj_pose": [
                0.5733949295894613,
                0.059685961024395155,
                1.206514826173739,
                0.6824882340475861,
                -0.054235115159440746,
                -0.05076066111814433,
                0.7271119019470788
            ]
        }
    ]
}