{
    "hook_path": "models/hook_all_new/Hook_my_bar_easy/base.urdf",
    "obj_path": "models/everyday_objects/wrench_17/base.urdf",
    "hook_pose": [
        0.5,
        -0.1,
        1.3,
        4.329780281177466e-17,
        0.7071067811865475,
        0.7071067811865476,
        4.329780281177467e-17
    ],
    "contact_info": [
        {
            "contact_point_hook": [
                -0.0031065646703806182,
                -0.004640998695715437,
                0.013500360871933613,
                1.0
            ],
            "obj_pose": [
                0.48100225799512886,
                -0.08913676929323235,
                1.2602373128605855,
                0.1878267687349146,
                0.6884325682481307,
                0.6761999991771407,
                -0.18312636357094705
            ],
            "contact_point_obj": [
                -0.0012561496941182193,
                0.041513689794327124,
                0.0020306343452776397,
                1.0
            ]
        }
    ],
    "initial_pose": [
        {
            "robot_pose": [
                0.5296875834465027,
                0.10513385385274887,
                1.2647902965545654,
                0.7129701972007751,
                -0.06573022156953812,
                0.6974471211433411,
                0.030341044068336487
            ],
            "obj_pose": [
                0.5530726343288385,
                0.09463721148493232,
                1.2478219957570185,
                -0.007831293481668647,
                0.7138896752851741,
                0.6998175318297506,
                -0.02357168868258946
            ]
        },
        {
            "robot_pose": [
                0.5029010115500664,
                0.1056215457535748,
                1.2302314909878223,
                0.7136648231857144,
                -0.07210867413209684,
                0.695731179459209,
                0.03796031072728497
            ],
            "obj_pose": [
                0.5260055320023693,
                0.09463721148493232,
                1.2131877568586138,
                -0.0006441133109101695,
                -0.7144777002326251,
                -0.6994235004712755,
                0.0181098861633456
            ]
        },
        {
            "robot_pose": [
                0.5026101478385134,
                0.10499419707742129,
                1.2635642963952525,
                0.7189483886378015,
                -0.06544556335984915,
                0.6913901916266375,
                0.028455151275336408
            ],
            "obj_pose": [
                0.5257435139395316,
                0.09463721148493232,
                1.2461705170475506,
                0.0032456061324801218,
                -0.7124440650760241,
                -0.7010476250168428,
                0.030743253520517825
            ]
        },
        {
            "robot_pose": [
                0.49691799455637425,
                0.10472634454443384,
                1.2909596939028165,
                0.7087376420777208,
                -0.07039192260223465,
                0.7016066483153349,
                0.02200097666457804
            ],
            "obj_pose": [
                0.5205746258164388,
                0.09463721148493232,
                1.2741211509356736,
                0.01433327478549786,
                -0.7078265572584908,
                -0.7059454869135866,
                0.020422820075964822
            ]
        },
        {
            "robot_pose": [
                0.5329821993061278,
                0.10547755393752846,
                1.2916136605575017,
                0.7029738747381047,
                -0.07248983054251909,
                0.7066781945722543,
                0.03433489798603524
            ],
            "obj_pose": [
                0.5566466873836341,
                0.09463721148493232,
                1.275259996831495,
                0.011599411866006545,
                -0.7135125551608728,
                -0.7004967654308828,
                0.008340796906538052
            ]
        },
        {
            "robot_pose": [
                0.562560850822181,
                0.10530307346541912,
                1.2934865956124495,
                0.7123319257628121,
                -0.05612450003805188,
                0.6987219346000053,
                0.03494175358147044
            ],
            "obj_pose": [
                0.586048476166838,
                0.09463721148493232,
                1.2767673198624196,
                0.010721289261234014,
                -0.7208940276152044,
                -0.6924874400700325,
                0.025651515560660008
            ]
        },
        {
            "robot_pose": [
                0.5553042289317316,
                0.10533887379384917,
                1.2614431130063344,
                0.7050519437860624,
                -0.06678094465773586,
                0.7052283677973614,
                0.033090954171570125
            ],
            "obj_pose": [
                0.5789912992330096,
                0.09463721148493232,
                1.2450309083375057,
                0.01332017123250757,
                -0.7155084238822308,
                -0.6983422768683277,
                0.013723437261217419
            ]
        },
        {
            "robot_pose": [
                0.5565803957671966,
                0.10559121850799963,
                1.2371906120474154,
                0.7141795482568503,
                -0.06730594503985701,
                0.6956677801355816,
                0.03825993067381559
            ],
            "obj_pose": [
                0.579735629178915,
                0.09463721148493232,
                1.2201962531742263,
                0.001191966728945663,
                -0.7169301824614147,
                -0.6968330808533075,
                0.020817063184978734
            ]
        },
        {
            "robot_pose": [
                0.5305266249007569,
                0.10493843299290018,
                1.2377014825230224,
                0.7138058593417869,
                -0.07237074873719655,
                0.6961133580201475,
                0.025881705555557865
            ],
            "obj_pose": [
                0.5538427037506082,
                0.09463721148493232,
                1.220519845807197,
                0.006141301787340769,
                -0.7083088405167067,
                -0.7054970927252313,
                0.023124078673142857
            ]
        }
    ]
}