{
    "hook_path": "models/hook_all_new/Hook_my_bar_easy/base.urdf",
    "obj_path": "models/everyday_objects/scissor_4/base.urdf",
    "hook_pose": [
        0.5,
        -0.1,
        1.3,
        4.329780281177466e-17,
        0.7071067811865475,
        0.7071067811865476,
        4.329780281177467e-17
    ],
    "contact_info": [
        {
            "contact_point_hook": [
                0.001415550431094259,
                -0.003273569675787291,
                0.032409503872439904,
                1.0
            ],
            "obj_pose": [
                0.499693603070262,
                -0.06917980300471664,
                1.240374546882808,
                0.7057677685821789,
                0.0604792053726294,
                -0.05825281337574178,
                0.703449168228834
            ],
            "contact_point_obj": [
                -0.01051654758705034,
                0.055366810362095675,
                -0.0017914860898434167,
                1.0
            ]
        }
    ],
    "initial_pose": [
        {
            "robot_pose": [
                0.5322424173355103,
                0.10876062512397766,
                1.2498857975006104,
                0.7141265869140625,
                -0.06388402730226517,
                0.6965034604072571,
                0.028721623122692108
            ],
            "obj_pose": [
                0.5621971082814792,
                0.09719939590352576,
                1.2440737275164602,
                0.7055376531527917,
                0.0549021648917739,
                -0.06922711176838067,
                0.7031429294745526
            ]
        },
        {
            "robot_pose": [
                0.4993740383788897,
                0.10944134559821098,
                1.2198551184262962,
                0.7124742426844022,
                -0.07880111086906766,
                0.696527548072387,
                0.031940776655510324
            ],
            "obj_pose": [
                0.5290355789322775,
                0.09719939590352576,
                1.2139345299479831,
                0.7119191525830352,
                0.04530266482308176,
                -0.07693678682825959,
                0.6965626458387814
            ]
        },
        {
            "robot_pose": [
                0.5008905202089776,
                0.10889587063063912,
                1.2469617654228935,
                0.721410201308739,
                -0.06419604074033762,
                0.688798997240038,
                0.031656455930314194
            ],
            "obj_pose": [
                0.5306665379582624,
                0.09719939590352576,
                1.2405347183397233,
                0.7040338570767518,
                0.06095139094501715,
                -0.07829698199283208,
                0.7032004256556686
            ]
        },
        {
            "robot_pose": [
                0.5039286624101682,
                0.10974301377637195,
                1.2810050581082448,
                0.7124225615154868,
                -0.08328245510236726,
                0.695914820429788,
                0.034938363184476066
            ],
            "obj_pose": [
                0.533452856464896,
                0.09719939590352576,
                1.2750296665448584,
                0.7128300636543456,
                0.041948970172841285,
                -0.08093515113303132,
                0.6953870041660637
            ]
        },
        {
            "robot_pose": [
                0.5330881750020706,
                0.1094055030799253,
                1.2801663110348678,
                0.7186437751189052,
                -0.07619058471442676,
                0.6903799986759028,
                0.033489949417438304
            ],
            "obj_pose": [
                0.5626665194188003,
                0.09719939590352576,
                1.2737742708738107,
                0.7095962732993372,
                0.052077950452134425,
                -0.08261295714566917,
                0.6978080791364092
            ]
        },
        {
            "robot_pose": [
                0.5608926622975349,
                0.10987705848142336,
                1.2799838285008944,
                0.7148166908672545,
                -0.06881689370943221,
                0.6942749371771539,
                0.047787500514586766
            ],
            "obj_pose": [
                0.5904030950001902,
                0.09719939590352576,
                1.274227360701972,
                0.6990607887918494,
                0.04454308656047245,
                -0.08381313265703735,
                0.7087349898287776
            ]
        },
        {
            "robot_pose": [
                0.5657633862584467,
                0.10783966323600197,
                1.2530310420031798,
                0.7165454275411793,
                -0.041922860168535386,
                0.695797758779246,
                0.025896002450113566
            ],
            "obj_pose": [
                0.5960827056314224,
                0.09719939590352576,
                1.247352197744887,
                0.6949474099301205,
                0.06838104859561865,
                -0.059288850926336185,
                0.7133421071128603
            ]
        },
        {
            "robot_pose": [
                0.5652494292462528,
                0.10897804228410815,
                1.2176873073019934,
                0.7209096750838343,
                -0.06188422963224718,
                0.6893808110360043,
                0.03483790850043284
            ],
            "obj_pose": [
                0.5950190346697894,
                0.09719939590352576,
                1.2113817723821685,
                0.7013279901114841,
                0.05992155117475661,
                -0.07857148359099023,
                0.7059567833495956
            ]
        },
        {
            "robot_pose": [
                0.5313853596678725,
                0.10894505223828524,
                1.2152779384347097,
                0.7016751086137543,
                -0.05966648688766258,
                0.7091436697768949,
                0.03474489760696691
            ],
            "obj_pose": [
                0.5614811519835414,
                0.09719939590352576,
                1.2106944320896884,
                0.7007772283818603,
                0.04108092456023286,
                -0.05868135813965041,
                0.7097747051181807
            ]
        }
    ]
}