{
    "hook_path": "models/hook_all_new/Hook_my_bar_easy/base.urdf",
    "obj_path": "models/everyday_objects/mug_123/base.urdf",
    "hook_pose": [
        0.5,
        -0.1,
        1.3,
        4.329780281177466e-17,
        0.7071067811865475,
        0.7071067811865476,
        4.329780281177467e-17
    ],
    "contact_info": [
        {
            "contact_point_hook": [
                -0.0024300296656846188,
                -0.0037634437457252368,
                0.040666730218117154,
                1.0
            ],
            "obj_pose": [
                0.5001214608599301,
                -0.06427198286905529,
                1.2291319696150937,
                0.6571781946001262,
                0.26405775073306714,
                -0.264366725843003,
                0.6545995410072962
            ],
            "contact_point_obj": [
                -0.044846637171739256,
                0.04994909308734252,
                -0.005158794339959705,
                1.0
            ]
        }
    ],
    "initial_pose": [
        {
            "robot_pose": [
                0.5201326608657837,
                0.08742015808820724,
                1.2637442350387573,
                0.778632402420044,
                -0.04936005920171738,
                0.6241270303726196,
                0.04195891320705414
            ],
            "obj_pose": [
                0.5728332410920427,
                0.04987370619815006,
                1.2506875369736767,
                0.7328865510686585,
                -0.024509575507807673,
                -0.1002231514057289,
                0.6724818985619003
            ]
        },
        {
            "robot_pose": [
                0.49120821420227734,
                0.08889065465333593,
                1.2308805733717472,
                0.7782381122381865,
                -0.05797905815700818,
                0.6230749246030957,
                0.05255005048538918
            ],
            "obj_pose": [
                0.542864835585035,
                0.04987370619815006,
                1.2179640811759838,
                0.7305117379334445,
                -0.03410690237687506,
                -0.10968353241975534,
                0.6731707381249109
            ]
        },
        {
            "robot_pose": [
                0.4881901591280461,
                0.08678258330085355,
                1.2603065232159851,
                0.7782375347516529,
                -0.053328204882351515,
                0.6249025304207372,
                0.0316112249281083
            ],
            "obj_pose": [
                0.5411833695584765,
                0.04987370619815006,
                1.246631033850954,
                0.7401240634952894,
                -0.022006757706935533,
                -0.0970802171611363,
                0.6650620307057047
            ]
        },
        {
            "robot_pose": [
                0.48980355304514467,
                0.08711370254404244,
                1.2904083616394855,
                0.7683987541526859,
                -0.057239933877221545,
                0.636604440598766,
                0.03196452402686175
            ],
            "obj_pose": [
                0.5429396805874074,
                0.04987370619815006,
                1.2782716737861322,
                0.7422687269134025,
                -0.03463058107099374,
                -0.08800139622827183,
                0.6633955186485033
            ]
        },
        {
            "robot_pose": [
                0.5187645163769555,
                0.08787253398136652,
                1.2972231826551992,
                0.7781708741515244,
                -0.04733741610664468,
                0.6243637699362397,
                0.04877645384409402
            ],
            "obj_pose": [
                0.5712629569214356,
                0.04987370619815006,
                1.2846705973605848,
                0.7283674420000121,
                -0.027178540887441278,
                -0.10183238637004373,
                0.6770320239366605
            ]
        },
        {
            "robot_pose": [
                0.5497417335270964,
                0.0870012922067738,
                1.3011523575705766,
                0.7905419482508355,
                -0.06144026241293651,
                0.6086312616387906,
                0.028922475108067922
            ],
            "obj_pose": [
                0.6018022314730243,
                0.04987370619815006,
                1.284756886217983,
                0.7435060026839422,
                -0.011238653900612572,
                -0.1149956514346655,
                0.6586717822880868
            ]
        },
        {
            "robot_pose": [
                0.5501873112438164,
                0.08649469328507708,
                1.2612079287456046,
                0.7731463493732637,
                -0.04587212569283444,
                0.6316632216536383,
                0.033794155491192066
            ],
            "obj_pose": [
                0.6037128936862264,
                0.04987370619815006,
                1.2489002116924985,
                0.7363816989102228,
                -0.024811817516444627,
                -0.08802077659373392,
                0.6703571511585901
            ]
        },
        {
            "robot_pose": [
                0.5478965256502685,
                0.08929070361728193,
                1.2379645895471987,
                0.7817157724440507,
                -0.05458033869940557,
                0.61834196696958,
                0.059955396953487415
            ],
            "obj_pose": [
                0.5992276265054912,
                0.04987370619815006,
                1.2249652445817583,
                0.7247004081298244,
                -0.03204480748375953,
                -0.11549979005408118,
                0.6785589489994645
            ]
        },
        {
            "robot_pose": [
                0.5211974003829204,
                0.08854306000284393,
                1.238185052030543,
                0.7783349995063161,
                -0.07147986127199946,
                0.6225797423864461,
                0.03846715931889214
            ],
            "obj_pose": [
                0.5727472667708895,
                0.04987370619815006,
                1.2238722283472385,
                0.7434946595041158,
                -0.033979371119296733,
                -0.11071514613173208,
                0.6586374192560163
            ]
        }
    ]
}