{
    "hook_path": "models/hook_all_new/Hook_my_bar_easy/base.urdf",
    "obj_path": "models/everyday_objects/mug_184/base.urdf",
    "hook_pose": [
        0.5,
        -0.1,
        1.3,
        4.329780281177466e-17,
        0.7071067811865475,
        0.7071067811865476,
        4.329780281177467e-17
    ],
    "contact_info": [
        {
            "contact_point_hook": [
                -0.0008550371519784328,
                -0.0031009658104663718,
                0.029977823956563263,
                1.0
            ],
            "obj_pose": [
                0.5014793912042148,
                -0.07062029381030098,
                1.240879531059136,
                0.6869532867421797,
                0.09067466972886638,
                -0.2355172269820969,
                0.6814726127280105
            ],
            "contact_point_obj": [
                -0.025712169391551437,
                0.049746338970144466,
                0.001765898657863793,
                1.0
            ]
        }
    ],
    "initial_pose": [
        {
            "robot_pose": [
                0.48117122054100037,
                0.0917205885052681,
                1.2436845302581787,
                0.7153299450874329,
                -0.05818482115864754,
                0.6959514617919922,
                0.02385677956044674
            ],
            "obj_pose": [
                0.5285696655177187,
                0.04950720546044554,
                1.2394029456417675,
                0.7233228716705453,
                -0.018521614893181052,
                -0.058256163346482974,
                0.687798802363142
            ]
        },
        {
            "robot_pose": [
                0.4502397394088602,
                0.09320089146267473,
                1.2142548562216917,
                0.7179962227688202,
                -0.06219771021734742,
                0.6920268194362212,
                0.04137330195202246
            ],
            "obj_pose": [
                0.49630315362837624,
                0.04950720546044554,
                1.2102626218714454,
                0.7160981701468108,
                -0.026075907694383286,
                -0.07242874636340925,
                0.6937416914461233
            ]
        },
        {
            "robot_pose": [
                0.4499734917776276,
                0.09213306543843472,
                1.2380668415156466,
                0.7102660559828803,
                -0.053347785428017915,
                0.7010997522984804,
                0.033693928762603416
            ],
            "obj_pose": [
                0.49711588302730975,
                0.04950720546044554,
                1.2353199761155693,
                0.7161300388938331,
                -0.02620796467194378,
                -0.055782338622747486,
                0.6952404193366841
            ]
        },
        {
            "robot_pose": [
                0.44617203773578523,
                0.0911514190521123,
                1.2783116404640336,
                0.724830283445347,
                -0.04578372341571238,
                0.6868694441773547,
                0.027116001294874178
            ],
            "obj_pose": [
                0.4940300495805391,
                0.04950720546044554,
                1.2735910009176974,
                0.7155172334153534,
                -0.004744300465428108,
                -0.06311762793920586,
                0.6957217441923607
            ]
        },
        {
            "robot_pose": [
                0.48119717361022396,
                0.09154314197180924,
                1.2723833722548963,
                0.7250939212951646,
                -0.0470783807710152,
                0.6863203973100412,
                0.03141247524420686
            ],
            "obj_pose": [
                0.5287225612115027,
                0.04950720546044554,
                1.2677755706002878,
                0.7139191956724973,
                -0.007152396428932439,
                -0.06634451462523216,
                0.6970413407071351
            ]
        },
        {
            "robot_pose": [
                0.5065408419369645,
                0.09122387754707495,
                1.2786711398376467,
                0.7127937804527219,
                -0.06762900651826206,
                0.6980478674412676,
                0.008973226062473787
            ],
            "obj_pose": [
                0.5542752383861952,
                0.04950720546044554,
                1.2733738833050918,
                0.7352431967679871,
                -0.017986944064846563,
                -0.05300085830695192,
                0.6754885790805981
            ]
        },
        {
            "robot_pose": [
                0.5098360874203413,
                0.09224493267109465,
                1.2392357246438241,
                0.707260377064365,
                -0.05928116136196127,
                0.7038306807296639,
                0.029847542712377384
            ],
            "obj_pose": [
                0.5568682136762974,
                0.04950720546044554,
                1.2363408958338014,
                0.7209328064405225,
                -0.03006740797319216,
                -0.05386894954693414,
                0.6902535591000423
            ]
        },
        {
            "robot_pose": [
                0.5084420640560635,
                0.09159468437906484,
                1.2177927684958492,
                0.7122232835654775,
                -0.06994797200232376,
                0.6983553918137747,
                0.01204251986092669
            ],
            "obj_pose": [
                0.5558599044875118,
                0.04950720546044554,
                1.2125863505122556,
                0.7347896390113315,
                -0.021126176038633593,
                -0.05526109242127455,
                0.675710058199513
            ]
        },
        {
            "robot_pose": [
                0.478385266657001,
                0.09096593477614376,
                1.2170974067771716,
                0.7065162063827589,
                -0.05810631421736132,
                0.7051877286588407,
                0.012991293837542398
            ],
            "obj_pose": [
                0.5265019751166037,
                0.04950720546044554,
                1.2135098739663586,
                0.728929884059049,
                -0.02201096429868979,
                -0.04366685461524715,
                0.6828396205437366
            ]
        }
    ]
}