{
    "hook_path": "models/hook_all_new/Hook_my_bar_easy/base.urdf",
    "obj_path": "models/everyday_objects/mug_73/base.urdf",
    "hook_pose": [
        0.5,
        -0.1,
        1.3,
        4.329780281177466e-17,
        0.7071067811865475,
        0.7071067811865476,
        4.329780281177467e-17
    ],
    "contact_info": [
        {
            "contact_point_hook": [
                0.0017228550103018936,
                -0.003384537705749535,
                0.03124076567334458,
                1.0
            ],
            "obj_pose": [
                0.49955719002537063,
                -0.07553374776077323,
                1.2381761466561505,
                0.6918142463326645,
                -0.14796182865981286,
                0.1484350214233822,
                0.6909901520614109
            ],
            "contact_point_obj": [
                0.02278708119932693,
                0.05382128540516873,
                -0.006834056450052967,
                1.0
            ]
        }
    ],
    "initial_pose": [
        {
            "robot_pose": [
                0.48598790168762207,
                0.10317383706569672,
                1.2426023483276367,
                0.7165403366088867,
                -0.058017946779727936,
                0.6947023272514343,
                0.024343440309166908
            ],
            "obj_pose": [
                0.5389218505343755,
                0.057559865500275774,
                1.23983135825222,
                0.7105920522042241,
                -0.023926713669312236,
                -0.05137165921619002,
                0.7013183302513573
            ]
        },
        {
            "robot_pose": [
                0.4515876782225491,
                0.10383767842302921,
                1.212112439277703,
                0.7079225612248664,
                -0.062381522958788856,
                0.7029544155138869,
                0.028447892921918
            ],
            "obj_pose": [
                0.5039947424552261,
                0.057559865500275774,
                1.2106361675959016,
                0.7105635511724241,
                -0.03666880331326593,
                -0.047392920407210645,
                0.7010768500700068
            ]
        },
        {
            "robot_pose": [
                0.455970797350817,
                0.10388346015320303,
                1.2423946820435852,
                0.7234635258051226,
                -0.06146128506733924,
                0.6869368614491944,
                0.030672229293326865
            ],
            "obj_pose": [
                0.5082236722839228,
                0.057559865500275774,
                1.2386427001491342,
                0.7087599578620127,
                -0.021255341117172387,
                -0.06356866807875794,
                0.7022581840349911
            ]
        },
        {
            "robot_pose": [
                0.45133398745274833,
                0.10313464730011387,
                1.2700137464351708,
                0.7040000974765067,
                -0.056633956824174214,
                0.7075127396523126,
                0.02453937483281451
            ],
            "obj_pose": [
                0.5043697102784599,
                0.057559865500275774,
                1.2693303016815611,
                0.7098963854091136,
                -0.036236375595418154,
                -0.038322302214798404,
                0.7023285899205163
            ]
        },
        {
            "robot_pose": [
                0.4826650406195068,
                0.10362390148597395,
                1.2748301642664424,
                0.7133683984915038,
                -0.06192110148173883,
                0.6975501084924063,
                0.02636572333897515
            ],
            "obj_pose": [
                0.5352251790344004,
                0.057559865500275774,
                1.2724110390122783,
                0.7114077106351171,
                -0.029901851538816915,
                -0.05142227204169888,
                0.7002575943619044
            ]
        },
        {
            "robot_pose": [
                0.5133731931731749,
                0.10417669983421407,
                1.2724951273961231,
                0.7197110610632703,
                -0.054448461331308,
                0.6909222407128036,
                0.04096109044243388
            ],
            "obj_pose": [
                0.5654576163016967,
                0.057559865500275774,
                1.270397664039815,
                0.7000797594747716,
                -0.026785842967718503,
                -0.061501262133842625,
                0.7109067757070536
            ]
        },
        {
            "robot_pose": [
                0.5159539841502309,
                0.10301592128173964,
                1.2455639052199832,
                0.7172614752555284,
                -0.054590425215193625,
                0.6941925846581047,
                0.025544412202819108
            ],
            "obj_pose": [
                0.5690328341758302,
                0.057559865500275774,
                1.242975778246249,
                0.708333850660044,
                -0.02220253338618441,
                -0.050861277933501425,
                0.7036926416606337
            ]
        },
        {
            "robot_pose": [
                0.5186702598766348,
                0.10399226929379601,
                1.214599639335898,
                0.7161605688638091,
                -0.07649210851580038,
                0.6934945200762087,
                0.01812036323425636
            ],
            "obj_pose": [
                0.5707802771668467,
                0.057559865500275774,
                1.2102529504294879,
                0.7224233357284009,
                -0.02954831005305007,
                -0.057916285833550615,
                0.6883873366087623
            ]
        },
        {
            "robot_pose": [
                0.48700813159346007,
                0.10397291040681232,
                1.2059253661381624,
                0.7106930708677212,
                -0.05131528419740097,
                0.7004210360010286,
                0.04113967617269579
            ],
            "obj_pose": [
                0.539314353525732,
                0.057559865500275774,
                1.2054735496316713,
                0.6986051738789688,
                -0.03474941145272023,
                -0.05091623933176033,
                0.7128469863901622
            ]
        }
    ]
}