{
    "hook_path": "models/hook_all_new/Hook_my_bar_easy/base.urdf",
    "obj_path": "models/everyday_objects/daily_7/base.urdf",
    "hook_pose": [
        0.5,
        -0.1,
        1.3,
        4.329780281177466e-17,
        0.7071067811865475,
        0.7071067811865476,
        4.329780281177467e-17
    ],
    "contact_info": [
        {
            "contact_point_hook": [
                -0.00206830243421241,
                -0.0035408564933205877,
                0.02194178308657634,
                1.0
            ],
            "obj_pose": [
                0.4995990369816474,
                -0.08041071013085893,
                1.215632046153238,
                0.0012326840869138205,
                0.7112723096721596,
                0.7028955813077058,
                -0.005289968022209734
            ],
            "contact_point_obj": [
                -0.0017341827526713427,
                0.08086860998085799,
                0.0013826397724081042,
                1.0
            ]
        }
    ],
    "initial_pose": [
        {
            "robot_pose": [
                0.5511229038238525,
                0.10842584818601608,
                1.2122011184692383,
                0.7160164713859558,
                -0.04324013739824295,
                0.695097029209137,
                0.04786152020096779
            ],
            "obj_pose": [
                0.5774220155857741,
                0.10164604961667771,
                1.2141350895721885,
                -0.005241988574962444,
                0.7177590141392071,
                0.6961264515916934,
                -0.014229637101886692
            ]
        },
        {
            "robot_pose": [
                0.5221064456260028,
                0.108408626117273,
                1.1777145368757598,
                0.7080281681711983,
                -0.04095456587763521,
                0.7031983625485618,
                0.05030804626432054
            ],
            "obj_pose": [
                0.5483550438276411,
                0.10164604961667771,
                1.1802889967912449,
                0.012921622453528715,
                -0.7207025224790253,
                -0.6930959269029487,
                0.0062403426253160475
            ]
        },
        {
            "robot_pose": [
                0.518683250639454,
                0.10817524844149137,
                1.215759216471562,
                0.7287972396896817,
                -0.037955391450028055,
                0.6820944628218156,
                0.04648779913477122
            ],
            "obj_pose": [
                0.5450981920284667,
                0.10164604961667771,
                1.2167439125947224,
                -0.004229202592937852,
                -0.7183981279372943,
                -0.6949422935024088,
                0.030683095072543017
            ]
        },
        {
            "robot_pose": [
                0.5230800239878918,
                0.1091272715009466,
                1.2462238963717114,
                0.7154622485935287,
                -0.04651758196447471,
                0.6940923020586213,
                0.06469746230443393
            ],
            "obj_pose": [
                0.5491813060318422,
                0.10164604961667771,
                1.2482496276259432,
                -0.0056635994677463955,
                -0.7245081261568252,
                -0.6892241340743431,
                0.005098213732910826
            ]
        },
        {
            "robot_pose": [
                0.5517803499613,
                0.10882023513258575,
                1.241624662687791,
                0.7162699271538361,
                -0.04402613392194974,
                0.6939675785263023,
                0.05854990129168065
            ],
            "obj_pose": [
                0.5779728163198131,
                0.10164604961667771,
                1.2435829682245703,
                -0.0016071581613349604,
                -0.7226441076393578,
                -0.6911505882027256,
                0.009683757730719078
            ]
        },
        {
            "robot_pose": [
                0.5824442957178262,
                0.10800625779768425,
                1.2412022519994166,
                0.711221292566132,
                -0.03408025952031007,
                0.700592447648719,
                0.0466157828333475
            ],
            "obj_pose": [
                0.6088120445993642,
                0.10164604961667771,
                1.2435768599982857,
                0.015317762887362599,
                -0.7219044896975975,
                -0.691670628861143,
                0.014526357609833927
            ]
        },
        {
            "robot_pose": [
                0.5813834557724195,
                0.1079884597387876,
                1.210543797193762,
                0.731117765384358,
                -0.03670042244191676,
                0.6799350847463622,
                0.04252261354767617
            ],
            "obj_pose": [
                0.6078502757137987,
                0.10164604961667771,
                1.2113378175760314,
                -0.0036992830176935123,
                -0.7167642294796254,
                -0.6964066221165508,
                0.03540015982802737
            ]
        },
        {
            "robot_pose": [
                0.5796958408745916,
                0.10848133660134388,
                1.1868717744536004,
                0.7198570743057578,
                -0.0367458272158901,
                0.6907937509466631,
                0.05709229726691737
            ],
            "obj_pose": [
                0.6059941019860805,
                0.10164604961667771,
                1.188612322264806,
                -0.0007053492044348104,
                -0.725104809176739,
                -0.6884115568555363,
                0.017664840191790442
            ]
        },
        {
            "robot_pose": [
                0.5491054331584515,
                0.10857034259170506,
                1.1854269814968905,
                0.7247446752742076,
                -0.051021384956783405,
                0.6857872746147924,
                0.04286942867814181
            ],
            "obj_pose": [
                0.575412395275889,
                0.10164604961667771,
                1.1865876292822166,
                -0.004630654275232383,
                -0.710684021008632,
                -0.7031710647811634,
                0.021383006769640254
            ]
        }
    ]
}