{
    "hook_path": "models/hook_all_new/Hook_my_bar_easy/base.urdf",
    "obj_path": "models/everyday_objects/cooking_169/base.urdf",
    "hook_pose": [
        0.5,
        -0.1,
        1.3,
        4.329780281177466e-17,
        0.7071067811865475,
        0.7071067811865476,
        4.329780281177467e-17
    ],
    "contact_info": [
        {
            "contact_point_hook": [
                -0.0024012652673168766,
                -0.003197630367694826,
                0.036635161158706464,
                1.0
            ],
            "obj_pose": [
                0.49939158176481774,
                -0.06601059176181989,
                1.2305346350087005,
                0.7016221761483077,
                -0.08023008980550941,
                0.08340791923547138,
                0.7030878847167842
            ],
            "contact_point_obj": [
                0.018173761725714832,
                0.06380535447746905,
                -0.0024621088902849943,
                1.0
            ]
        }
    ],
    "initial_pose": [
        {
            "robot_pose": [
                0.5151256918907166,
                0.05157705768942833,
                1.2367950677871704,
                0.7139155864715576,
                -0.05211642012000084,
                0.6967245936393738,
                0.04672520235180855
            ],
            "obj_pose": [
                0.5402417262441424,
                0.0478847137734837,
                1.2100825774676882,
                0.7057975786295574,
                -0.08288264294240663,
                0.05481388866190503,
                0.7014097825873943
            ]
        },
        {
            "robot_pose": [
                0.4873227390411356,
                0.051323482520888225,
                1.2028275251445009,
                0.7177940599497544,
                -0.04824511436785307,
                0.693220888611305,
                0.04346143156217547
            ],
            "obj_pose": [
                0.5121950289396096,
                0.0478847137734837,
                1.1758543942729713,
                0.7064830823867391,
                -0.07564011658733807,
                0.05469289152419315,
                0.7015475142003632
            ]
        },
        {
            "robot_pose": [
                0.4894579565733063,
                0.05138380337481821,
                1.2413052756229868,
                0.7106350457545301,
                -0.04013928794814635,
                0.7010553315622629,
                0.04368170551384946
            ],
            "obj_pose": [
                0.5149153654357076,
                0.0478847137734837,
                1.214891596775108,
                0.7017526472608278,
                -0.0784526852537831,
                0.06637103893261795,
                0.7049704131592304
            ]
        },
        {
            "robot_pose": [
                0.48460471271654987,
                0.05105120541288859,
                1.2656138975551288,
                0.7174360083624981,
                -0.06949924133742898,
                0.691979278231143,
                0.04025056343845777
            ],
            "obj_pose": [
                0.5094139897489058,
                0.0478847137734837,
                1.2385495514862892,
                0.7172889115296105,
                -0.08611848277330961,
                0.044504513532306784,
                0.689999690287425
            ]
        },
        {
            "robot_pose": [
                0.5155696041826104,
                0.05155634292699398,
                1.2640708634861673,
                0.7126788026055844,
                -0.057915861055250796,
                0.6975506473970967,
                0.04645182096312574
            ],
            "obj_pose": [
                0.5407490448490363,
                0.0478847137734837,
                1.237415270613572,
                0.7082604834761539,
                -0.08713195444290195,
                0.05290732400561749,
                0.6985527361106315
            ]
        },
        {
            "robot_pose": [
                0.5408668803211292,
                0.053052613567199584,
                1.265612545474945,
                0.7111110954293487,
                -0.06025950906823804,
                0.6972914926543705,
                0.06689077511859459
            ],
            "obj_pose": [
                0.5658957559625073,
                0.0478847137734837,
                1.2390634603653774,
                0.6976479494444346,
                -0.09766383566687273,
                0.04271225889641386,
                0.7084664965817195
            ]
        },
        {
            "robot_pose": [
                0.5429249670911745,
                0.051799944159691226,
                1.2368676411800252,
                0.7250767078856877,
                -0.043155787461758466,
                0.685469538804027,
                0.0503274980701738
            ],
            "obj_pose": [
                0.5671813818948309,
                0.0478847137734837,
                1.209403063335092,
                0.7014971493638507,
                -0.06814727642785467,
                0.04662128570640384,
                0.707872978626066
            ]
        },
        {
            "robot_pose": [
                0.5438012880069593,
                0.051110549536711056,
                1.208560910013532,
                0.7076197387378081,
                -0.06489837707403957,
                0.7024681466669406,
                0.040012609513819256
            ],
            "obj_pose": [
                0.5693865515254298,
                0.0478847137734837,
                1.1822361308383211,
                0.7139990599101163,
                -0.09338820743194338,
                0.05721647294747672,
                0.6915274834622043
            ]
        },
        {
            "robot_pose": [
                0.5160876732150622,
                0.050465646313537824,
                1.2060156638434227,
                0.7132380885510499,
                -0.04295691301178232,
                0.6989014447772541,
                0.03135128630231754
            ],
            "obj_pose": [
                0.5414403425445529,
                0.0478847137734837,
                1.1793963725418553,
                0.7101069941821584,
                -0.07257373074635809,
                0.06827594807475297,
                0.697007536066597
            ]
        }
    ]
}