{
    "hook_path": "models/hook_all_new/Hook_my_bar_easy/base.urdf",
    "obj_path": "models/everyday_objects/wrench_1/base.urdf",
    "hook_pose": [
        0.5,
        -0.1,
        1.3,
        4.329780281177466e-17,
        0.7071067811865475,
        0.7071067811865476,
        4.329780281177467e-17
    ],
    "contact_info": [
        {
            "contact_point_hook": [
                0.0032675858803428715,
                -0.0039850268356333984,
                0.04377505603049872,
                1.0
            ],
            "obj_pose": [
                0.49792787241202024,
                -0.058844057437008025,
                1.2093077784569426,
                0.018346843956785003,
                0.7090210738949628,
                0.704948489865512,
                -0.0003697647811189578
            ],
            "contact_point_obj": [
                0.00354976126228973,
                0.08665785801591253,
                0.0020594487102814987,
                1.0
            ]
        }
    ],
    "initial_pose": [
        {
            "robot_pose": [
                0.5147920250892639,
                0.09352090209722519,
                1.246050477027893,
                0.7150121331214905,
                -0.06345203518867493,
                0.6956731677055359,
                0.027756163850426674
            ],
            "obj_pose": [
                0.5393643518804276,
                0.08507716443626452,
                1.2115885247790281,
                -0.026491045678814266,
                0.7033893768007934,
                0.7068893623760163,
                -0.06963503760509973
            ]
        },
        {
            "robot_pose": [
                0.487614618199995,
                0.09335024227279758,
                1.2123947450536332,
                0.718603095646161,
                -0.07429430233713159,
                0.6908793341022421,
                0.027851270679013492
            ],
            "obj_pose": [
                0.5116674033454466,
                0.08507716443626452,
                1.1775272557221754,
                0.017624442409288947,
                -0.6975786728193629,
                -0.7130638076190509,
                0.06792187071304256
            ]
        },
        {
            "robot_pose": [
                0.4799271704829698,
                0.09410645512118684,
                1.2415599450500334,
                0.7078695927776282,
                -0.056601384606752944,
                0.7032934478181571,
                0.03309454845563323
            ],
            "obj_pose": [
                0.5051911206018048,
                0.08507716443626452,
                1.2077527440931055,
                0.03349677359830201,
                -0.7105371433787608,
                -0.6999799161611635,
                0.06358499043536171
            ]
        },
        {
            "robot_pose": [
                0.4842440369742027,
                0.09358377324197355,
                1.273374114981865,
                0.7243625786357294,
                -0.06388918319769264,
                0.6858179430411268,
                0.029508912981782633
            ],
            "obj_pose": [
                0.5078459151644752,
                0.08507716443626452,
                1.238255586326181,
                0.015982051309100125,
                -0.7024503001853151,
                -0.7072238049050215,
                0.0783749933408495
            ]
        },
        {
            "robot_pose": [
                0.5144927303874116,
                0.0938643180939408,
                1.2771344040470705,
                0.708981338911967,
                -0.076141077415937,
                0.7003171463243236,
                0.03322486973173619
            ],
            "obj_pose": [
                0.5393550025946304,
                0.08507716443626452,
                1.2429675274893215,
                0.022878396012548194,
                -0.7010241316890448,
                -0.7106502628246399,
                0.054935869273034225
            ]
        },
        {
            "robot_pose": [
                0.5407256227907636,
                0.09231238738005607,
                1.2746050943412,
                0.7164706195285755,
                -0.058806216952147904,
                0.6950178918832053,
                0.012720462347775121
            ],
            "obj_pose": [
                0.5654697642686562,
                0.08507716443626452,
                1.2399914971011328,
                0.03629807250465616,
                -0.6975155679247177,
                -0.7111998091626947,
                0.07968258204935345
            ]
        },
        {
            "robot_pose": [
                0.5410237234878394,
                0.0938403761893898,
                1.2456385522878084,
                0.7164973852429499,
                -0.051468637741405525,
                0.695047208200409,
                0.029863935472024778
            ],
            "obj_pose": [
                0.5655855090860081,
                0.08507716443626452,
                1.2112489185238178,
                0.029482297243373368,
                -0.7099117558779765,
                -0.6995208477427521,
                0.07633267052031728
            ]
        },
        {
            "robot_pose": [
                0.5482942778502196,
                0.09364975967177235,
                1.2171067435470886,
                0.7192621188683127,
                -0.05363985578134285,
                0.6920930535742807,
                0.02814205797467281
            ],
            "obj_pose": [
                0.5725826445034052,
                0.08507716443626452,
                1.1824757175924554,
                0.026775329731997716,
                -0.7075328928960458,
                -0.7017639498974685,
                0.07878861473714831
            ]
        },
        {
            "robot_pose": [
                0.5104277924752512,
                0.09307202494620355,
                1.2146552966860142,
                0.715150551898624,
                -0.06356721073617397,
                0.695713114375273,
                0.02240893403476913
            ],
            "obj_pose": [
                0.5350790308750427,
                0.08507716443626452,
                1.1801426793815388,
                0.02952238563008326,
                -0.7005415790385279,
                -0.70936454528113,
                0.07191569149365462
            ]
        }
    ]
}