{
    "hook_path": "models/hook_all_new/Hook_my_bar_easy/base.urdf",
    "obj_path": "models/everyday_objects/cooking_117/base.urdf",
    "hook_pose": [
        0.5,
        -0.1,
        1.3,
        4.329780281177466e-17,
        0.7071067811865475,
        0.7071067811865476,
        4.329780281177467e-17
    ],
    "contact_info": [
        {
            "contact_point_hook": [
                0.0008820963288262429,
                -0.003105157990504148,
                0.022617489023250146,
                1.0
            ],
            "obj_pose": [
                0.4993069601303854,
                -0.0812009755273746,
                1.2302869350657128,
                0.7072143384404945,
                -0.15622763065709744,
                0.014307839318360119,
                0.6893736959425442
            ],
            "contact_point_obj": [
                0.01474701027461045,
                0.06469237289889773,
                -0.006975117057891833,
                1.0
            ]
        }
    ],
    "initial_pose": [
        {
            "robot_pose": [
                0.5140169262886047,
                0.048889294266700745,
                1.2385258674621582,
                0.7126390337944031,
                -0.06761467456817627,
                0.6975355744361877,
                0.031906139105558395
            ],
            "obj_pose": [
                0.5421859253311839,
                0.03933274808265783,
                1.225990123493582,
                0.71274684517546,
                -0.203564059307648,
                -0.015286243159013018,
                0.6710588194940177
            ]
        },
        {
            "robot_pose": [
                0.47960457436847354,
                0.049089094340787495,
                1.2088301148421428,
                0.7164787405260862,
                -0.06796938778449012,
                0.6933784739024664,
                0.035562179728492134
            ],
            "obj_pose": [
                0.5075728319057276,
                0.03933274808265783,
                1.196002206326115,
                0.710784518557588,
                -0.2015529946181004,
                -0.020872430206860373,
                0.6735919389337983
            ]
        },
        {
            "robot_pose": [
                0.48760003189249773,
                0.04931116585188228,
                1.2365986403903118,
                0.7098995976938411,
                -0.09061220453936189,
                0.6978025952135561,
                0.030058737429658453
            ],
            "obj_pose": [
                0.51554524770129,
                0.03933274808265783,
                1.2238919078796653,
                0.7210673951453559,
                -0.21612023744349101,
                -0.02693631510232707,
                0.6577448514084837
            ]
        },
        {
            "robot_pose": [
                0.48467714612403595,
                0.049440521175913674,
                1.2712397402978695,
                0.7153618134850108,
                -0.07711106639295204,
                0.6934417954778868,
                0.03807670589195828
            ],
            "obj_pose": [
                0.5125042171012462,
                0.03933274808265783,
                1.2583769255670718,
                0.7121125203750331,
                -0.20805324908605355,
                -0.026720693904552544,
                0.669996722668935
            ]
        },
        {
            "robot_pose": [
                0.5104975580514357,
                0.049773776288946,
                1.2723893372838746,
                0.707292694042738,
                -0.07268178959043678,
                0.7017318107968051,
                0.04502075223198928
            ],
            "obj_pose": [
                0.5385543656316975,
                0.03933274808265783,
                1.2603160014865928,
                0.7059032615399089,
                -0.2169138598267997,
                -0.018450989456014946,
                0.6740241269794816
            ]
        },
        {
            "robot_pose": [
                0.5410275743392463,
                0.04812899015129783,
                1.2679874011563208,
                0.7156709196060276,
                -0.07157244110858196,
                0.6945432362137093,
                0.0173842898563339
            ],
            "obj_pose": [
                0.5692527005204275,
                0.03933274808265783,
                1.2550284916188423,
                0.7231197585667681,
                -0.19594007585820475,
                -0.015272989721792828,
                0.6621722111565675
            ]
        },
        {
            "robot_pose": [
                0.5411733157051707,
                0.047673111018090325,
                1.2353751170277598,
                0.7159879075962546,
                -0.061937172870847115,
                0.6952329018746022,
                0.013278363744218735
            ],
            "obj_pose": [
                0.5695764100815099,
                0.03933274808265783,
                1.222503926918516,
                0.7224881213811947,
                -0.18917836390325837,
                -0.007761546244804675,
                0.6649527949364891
            ]
        },
        {
            "robot_pose": [
                0.5463558655831413,
                0.049196820755078544,
                1.2041622463541,
                0.708789567071432,
                -0.06830849677974071,
                0.7011438393414163,
                0.03672349972377834
            ],
            "obj_pose": [
                0.5745696611389687,
                0.03933274808265783,
                1.1919701682079658,
                0.7097648210340383,
                -0.20978411997770882,
                -0.013764817956872627,
                0.6723355201194654
            ]
        },
        {
            "robot_pose": [
                0.5163896164747166,
                0.049208747270415874,
                1.2065171502824428,
                0.7207168808340879,
                -0.07339271826423809,
                0.6883972074081611,
                0.03591617211249754
            ],
            "obj_pose": [
                0.544113576310124,
                0.03933274808265783,
                1.1932577517303824,
                0.7125079528663731,
                -0.20005005237561016,
                -0.02889061676483389,
                0.6719209223633635
            ]
        }
    ]
}