{
    "hook_path": "models/hook_all_new/Hook_my_bar_easy/base.urdf",
    "obj_path": "models/everyday_objects/scissor_98/base.urdf",
    "hook_pose": [
        0.5,
        -0.1,
        1.3,
        4.329780281177466e-17,
        0.7071067811865475,
        0.7071067811865476,
        4.329780281177467e-17
    ],
    "contact_info": [
        {
            "contact_point_hook": [
                -0.0007546497924313389,
                -0.003086363405217174,
                0.03250226693014448,
                1.0
            ],
            "obj_pose": [
                0.5008331907930972,
                -0.06803336626584909,
                1.2513979160093434,
                0.06264498174410536,
                0.7038965474756722,
                0.6729341167342273,
                -0.21855189600924319
            ],
            "contact_point_obj": [
                0.017801711901733623,
                0.041889368924430403,
                0.0005947407013750794,
                1.0
            ]
        }
    ],
    "initial_pose": [
        {
            "robot_pose": [
                0.5377039313316345,
                0.09789759665727615,
                1.2501766681671143,
                0.6780010461807251,
                -0.07821618765592575,
                0.7285887002944946,
                0.05792514979839325
            ],
            "obj_pose": [
                0.5639956980199082,
                0.08652848599093747,
                1.2503499231179858,
                0.15628450033134425,
                0.6861644922538862,
                0.6974020104366219,
                -0.1355871688807858
            ]
        },
        {
            "robot_pose": [
                0.5059272693324717,
                0.09804938395986983,
                1.218772723198085,
                0.6735054617963077,
                -0.07506807562111187,
                0.732499391495673,
                0.06480600598365903
            ],
            "obj_pose": [
                0.5321461469579638,
                0.08652848599093747,
                1.2193916385889034,
                -0.15572789451486718,
                -0.6916171877384931,
                -0.6934271164701826,
                0.12873741739879807
            ]
        },
        {
            "robot_pose": [
                0.5094635792325883,
                0.09752780873990591,
                1.2496076550442166,
                0.6830174048918222,
                -0.07713729299713917,
                0.7246259352158433,
                0.049541060308379785
            ],
            "obj_pose": [
                0.5359115396920726,
                0.08652848599093747,
                1.2493547186694918,
                -0.1547339383862617,
                -0.6826060650032862,
                -0.6992881014355451,
                0.14526706275985815
            ]
        },
        {
            "robot_pose": [
                0.5039555833618635,
                0.09752831544277449,
                1.284649082474823,
                0.6809333424297426,
                -0.07793522820430727,
                0.7265550018295187,
                0.048720762398689964
            ],
            "obj_pose": [
                0.5304042819089901,
                0.08652848599093747,
                1.2845316626902987,
                -0.15256591462227173,
                -0.6824062647483122,
                -0.7003456579751174,
                0.1433920879376749
            ]
        },
        {
            "robot_pose": [
                0.532776563736055,
                0.09740748298052013,
                1.2794666378803452,
                0.6785392123218817,
                -0.06943111529420912,
                0.7293150423679045,
                0.053510994631985505
            ],
            "obj_pose": [
                0.5592743079165019,
                0.08652848599093747,
                1.2797129467521242,
                -0.15043502253857494,
                -0.6899636866380398,
                -0.693747088330956,
                0.1415429000232227
            ]
        },
        {
            "robot_pose": [
                0.5629956373723322,
                0.09767904275365139,
                1.2794223537403377,
                0.6691552776821319,
                -0.07796976485630108,
                0.7371801234368308,
                0.0521286459450181
            ],
            "obj_pose": [
                0.5893697302639945,
                0.08652848599093747,
                1.2802072092910806,
                -0.14417952644278334,
                -0.6866901312754923,
                -0.7005153098759416,
                0.13018152093517515
            ]
        },
        {
            "robot_pose": [
                0.5696149895406002,
                0.09708298792088785,
                1.2494690733356169,
                0.6847591292466904,
                -0.06931153442500407,
                0.7240402736187309,
                0.04545908365859526
            ],
            "obj_pose": [
                0.5962432553864065,
                0.08652848599093747,
                1.2491833509742039,
                -0.1506009280664182,
                -0.6855512521776638,
                -0.6958917664101547,
                0.15189960679911346
            ]
        },
        {
            "robot_pose": [
                0.5638551603708277,
                0.09730774403277985,
                1.2235619928649832,
                0.6831728970989474,
                -0.06553874645943131,
                0.7252487823548962,
                0.05471443205131254
            ],
            "obj_pose": [
                0.5903947638674892,
                0.08652848599093747,
                1.2235349277685177,
                -0.154045741899113,
                -0.6914836281515941,
                -0.6903402715236275,
                0.14680126332475454
            ]
        },
        {
            "robot_pose": [
                0.5406165307160489,
                0.09743423790053202,
                1.2197714182497092,
                0.6774505663102147,
                -0.0805330436057807,
                0.7298396646255332,
                0.04369465679974734
            ],
            "obj_pose": [
                0.5671043618551439,
                0.08652848599093747,
                1.2198267991601452,
                -0.1469509815446775,
                -0.6799950096955313,
                -0.704211806457393,
                0.14176715930794861
            ]
        }
    ]
}