{
    "hook_path": "models/hook_all_new/Hook_my_bar_easy/base.urdf",
    "obj_path": "models/everyday_objects/mug_43/base.urdf",
    "hook_pose": [
        0.5,
        -0.1,
        1.3,
        4.329780281177466e-17,
        0.7071067811865475,
        0.7071067811865476,
        4.329780281177467e-17
    ],
    "contact_info": [
        {
            "contact_point_hook": [
                -0.0018379970595495676,
                -0.003444506261441438,
                0.034528637752776384,
                1.0
            ],
            "obj_pose": [
                0.5000599901730476,
                -0.06865288902951992,
                1.238849860566068,
                0.691631082860031,
                0.15342789867600798,
                -0.15024450608700957,
                0.6895889453293144
            ],
            "contact_point_obj": [
                -0.02257359514864618,
                0.053123833818970345,
                -0.003393317467082162,
                1.0
            ]
        }
    ],
    "initial_pose": [
        {
            "robot_pose": [
                0.4854309558868408,
                0.12410261482000351,
                1.2476962804794312,
                0.7175424695014954,
                -0.05830487236380577,
                0.6936467885971069,
                0.024239432066679
            ],
            "obj_pose": [
                0.5525493235352161,
                0.07243371712841694,
                1.2389343066953797,
                0.6828049157468619,
                -0.011680808385117602,
                -0.07086151132261546,
                0.7270623439296426
            ]
        },
        {
            "robot_pose": [
                0.460810503265941,
                0.1261860311058623,
                1.2158606070580487,
                0.7218238975261245,
                -0.057853569288950385,
                0.6881977593253062,
                0.04480032969020739
            ],
            "obj_pose": [
                0.5263335593100306,
                0.07243371712841694,
                1.2075696289642561,
                0.6712617177108706,
                -0.01627107278667119,
                -0.08624573076764547,
                0.7360058644131696
            ]
        },
        {
            "robot_pose": [
                0.45366081826667654,
                0.12413446670537776,
                1.2448657104226277,
                0.7217034076253693,
                -0.0688345466106821,
                0.6885701850958698,
                0.016646225153811943
            ],
            "obj_pose": [
                0.520440287338298,
                0.07243371712841694,
                1.2339635339091393,
                0.6918544129023323,
                -0.00798930138805486,
                -0.07656595636455397,
                0.7179215115434842
            ]
        },
        {
            "robot_pose": [
                0.45579635970100735,
                0.12291650146556178,
                1.2811793600752872,
                0.7269896969521695,
                -0.06286920378602337,
                0.6836857993513713,
                0.010352367167984627
            ],
            "obj_pose": [
                0.5233316956944458,
                0.07243371712841694,
                1.2692718277171027,
                0.6919753861255733,
                0.0031535933470469837,
                -0.07488913226571604,
                0.7180193156969062
            ]
        },
        {
            "robot_pose": [
                0.4842148408922314,
                0.12483224277477248,
                1.2809855016896161,
                0.7182705153700581,
                -0.06291360247164472,
                0.6923662647269606,
                0.027537262792574325
            ],
            "obj_pose": [
                0.5507253714072431,
                0.07243371712841694,
                1.2719264570524356,
                0.683292328336816,
                -0.014333575846818911,
                -0.07595753671553365,
                0.7260417310703323
            ]
        },
        {
            "robot_pose": [
                0.5167486967363248,
                0.12500283041954086,
                1.2740346829006022,
                0.7122140482002471,
                -0.05485926918368608,
                0.6989180371252901,
                0.035428625598229464
            ],
            "obj_pose": [
                0.5834010841510266,
                0.07243371712841694,
                1.2673063823169486,
                0.6752603631906716,
                -0.02108733258667889,
                -0.07010246538744033,
                0.7339376067858793
            ]
        },
        {
            "robot_pose": [
                0.5194554317223768,
                0.12300071180180874,
                1.2495025377967057,
                0.7203099818421956,
                -0.0476055707825077,
                0.6916480253610665,
                0.022588685289427965
            ],
            "obj_pose": [
                0.5874262216434412,
                0.07243371712841694,
                1.2408843467889463,
                0.6782148521628444,
                -0.003450990072250376,
                -0.06669123239790267,
                0.7318230554543231
            ]
        },
        {
            "robot_pose": [
                0.5165896906985836,
                0.1250274061005516,
                1.2136476028812493,
                0.7109068265914149,
                -0.053616286020823876,
                0.700280315537063,
                0.03666411665878253
            ],
            "obj_pose": [
                0.5832649796190797,
                0.07243371712841694,
                1.2073521937039806,
                0.6740100519755319,
                -0.022520054638812657,
                -0.06886744168637585,
                0.7351602359013844
            ]
        },
        {
            "robot_pose": [
                0.4861602290497283,
                0.1234541435257982,
                1.2183973245638111,
                0.713084835411361,
                -0.06400550790296533,
                0.6980223088755269,
                0.013347987732772808
            ],
            "obj_pose": [
                0.5537429444321428,
                0.07243371712841694,
                1.2094076014975834,
                0.691568018724517,
                -0.013703960979328378,
                -0.06379810350675351,
                0.7193578239790436
            ]
        }
    ]
}