{
    "hook_path": "models/hook_all_new/Hook_my_bar_easy/base.urdf",
    "obj_path": "models/everyday_objects/scissor_79/base.urdf",
    "hook_pose": [
        0.5,
        -0.1,
        1.3,
        4.329780281177466e-17,
        0.7071067811865475,
        0.7071067811865476,
        4.329780281177467e-17
    ],
    "contact_info": [
        {
            "contact_point_hook": [
                0.0026985138312782264,
                -0.0030534741552343814,
                0.03445938169322264,
                1.0
            ],
            "obj_pose": [
                0.5012902045802317,
                -0.0688722923809156,
                1.2466278806334146,
                0.23293636111920965,
                0.6707412609545382,
                0.6915981408086666,
                -0.13243422575623373
            ],
            "contact_point_obj": [
                0.02899875200830032,
                0.041385369098985825,
                0.002302083645360678,
                1.0
            ]
        }
    ],
    "initial_pose": [
        {
            "robot_pose": [
                0.5345073938369751,
                0.10288763046264648,
                1.2285692691802979,
                0.7151827812194824,
                -0.06307658553123474,
                0.6955223083496094,
                0.027994584292173386
            ],
            "obj_pose": [
                0.5610566042811277,
                0.09232202657887016,
                1.241194127070574,
                0.22881166066976966,
                0.6591371417428747,
                0.7013103038477503,
                -0.14610718679637869
            ]
        },
        {
            "robot_pose": [
                0.5090969778129865,
                0.10268987867950412,
                1.1962118618591633,
                0.711095140856467,
                -0.06320272234494892,
                0.7000374865672626,
                0.017223064161131393
            ],
            "obj_pose": [
                0.5356264335032804,
                0.09232202657887016,
                1.2090405492815983,
                -0.21818457036075442,
                -0.6565529994494788,
                -0.7066124532709012,
                0.14843346338634156
            ]
        },
        {
            "robot_pose": [
                0.5074242281860495,
                0.10280852990961369,
                1.2273744329029603,
                0.724904858695374,
                -0.06083181635247221,
                0.685498778256758,
                0.030064280593272683
            ],
            "obj_pose": [
                0.5343305671862274,
                0.09232202657887016,
                1.2392892038570429,
                -0.23867721334310676,
                -0.6586190212443366,
                -0.6965254624461891,
                0.15526252880216632
            ]
        },
        {
            "robot_pose": [
                0.5059825637065858,
                0.1025204479256423,
                1.2555536665276883,
                0.7100712347147634,
                -0.05524527843355222,
                0.7012273779971796,
                0.032046297581023196
            ],
            "obj_pose": [
                0.5324013343639027,
                0.09232202657887016,
                1.2687415532566615,
                -0.22333999170825442,
                -0.6669427431863448,
                -0.6966863517179889,
                0.14119048390280753
            ]
        },
        {
            "robot_pose": [
                0.537082055274982,
                0.10225970064555209,
                1.2544379097534566,
                0.7250354424250283,
                -0.05524700223314205,
                0.6862526164809583,
                0.01813070171928348
            ],
            "obj_pose": [
                0.5642146614215527,
                0.09232202657887016,
                1.266309890010596,
                -0.22913289501135475,
                -0.658315650648,
                -0.6979520683123653,
                0.1642605578771338
            ]
        },
        {
            "robot_pose": [
                0.566668226268005,
                0.10261023253338014,
                1.2615296661297155,
                0.7100855259687504,
                -0.05856263206287112,
                0.701162631439679,
                0.02683147793426516
            ],
            "obj_pose": [
                0.5931047385061897,
                0.09232202657887016,
                1.274611838590906,
                -0.22138115905338082,
                -0.6630648983895006,
                -0.7005888495771823,
                0.1432151765282688
            ]
        },
        {
            "robot_pose": [
                0.5673551729082025,
                0.1020649471539902,
                1.2339255954134094,
                0.7223885266799117,
                -0.053706779808709734,
                0.6892822056670018,
                0.012666462593722555
            ],
            "obj_pose": [
                0.5944791988864059,
                0.09232202657887016,
                1.245977247200077,
                -0.22254985577683173,
                -0.6582209777636135,
                -0.6999035586454013,
                0.16538353824104543
            ]
        },
        {
            "robot_pose": [
                0.5601755074310585,
                0.10264372193962332,
                1.1958168389566934,
                0.7164087478963765,
                -0.064627923365622,
                0.694595856675523,
                0.010878113264241492
            ],
            "obj_pose": [
                0.586961097873139,
                0.09232202657887016,
                1.208140570004366,
                -0.2199433644526126,
                -0.652056803384612,
                -0.708372474330091,
                0.1570199961933861
            ]
        },
        {
            "robot_pose": [
                0.531128605767468,
                0.10245537706367468,
                1.2041161686595936,
                0.7235892265686589,
                -0.05746163503816876,
                0.6874912632537192,
                0.02173832197562384
            ],
            "obj_pose": [
                0.5581368258942911,
                0.09232202657887016,
                1.2161057829536237,
                -0.2308422447482945,
                -0.6584755218281875,
                -0.6982373874972858,
                0.15995748151815195
            ]
        }
    ]
}