{
    "hook_path": "models/hook_all_new/Hook_my_bar_easy/base.urdf",
    "obj_path": "models/everyday_objects/scissor_12/base.urdf",
    "hook_pose": [
        0.5,
        -0.1,
        1.3,
        4.329780281177466e-17,
        0.7071067811865475,
        0.7071067811865476,
        4.329780281177467e-17
    ],
    "contact_info": [
        {
            "contact_point_hook": [
                -0.0035988846445178524,
                -0.008454523412577908,
                0.017860519403572653,
                1.0
            ],
            "obj_pose": [
                0.49941687274333624,
                -0.08324569248072151,
                1.237171713319918,
                0.6743427050268028,
                0.22416744374997358,
                -0.17376162754518806,
                0.6817754543341848
            ],
            "contact_point_obj": [
                -0.025781046071453456,
                0.04804935522257425,
                -0.0013476595644320369,
                1.0
            ]
        }
    ],
    "initial_pose": [
        {
            "robot_pose": [
                0.5127899646759033,
                0.10903032124042511,
                1.2436189651489258,
                0.7166632413864136,
                -0.059444162994623184,
                0.6944429874420166,
                0.024681061506271362
            ],
            "obj_pose": [
                0.5529542403884614,
                0.10155615884890185,
                1.2315919007437095,
                0.6839022552573549,
                0.22707045260623207,
                -0.19820036156916404,
                0.664404493874746
            ]
        },
        {
            "robot_pose": [
                0.48586674777936273,
                0.10749649993505149,
                1.2110085943551583,
                0.7173977818519501,
                -0.06037711829380317,
                0.6940347371396326,
                0.003287829673056093
            ],
            "obj_pose": [
                0.5262337646577275,
                0.10155615884890185,
                1.198806187981886,
                0.6912585964967014,
                0.2395929749508718,
                -0.18473147373732285,
                0.6562248408392035
            ]
        },
        {
            "robot_pose": [
                0.481738010341232,
                0.10927899776448348,
                1.2392821763707724,
                0.720195668079007,
                -0.047358468097560016,
                0.6912653756741264,
                0.03503648917620339
            ],
            "obj_pose": [
                0.521789621924995,
                0.10155615884890185,
                1.2270384598678548,
                0.6720019563239376,
                0.22880489622232225,
                -0.2044971911792625,
                0.6739752139072218
            ]
        },
        {
            "robot_pose": [
                0.48710950001680725,
                0.10751488622930765,
                1.273115000627986,
                0.7182059315535394,
                -0.05362594212404186,
                0.6937220825171707,
                0.007360057109926576
            ],
            "obj_pose": [
                0.5274753869777287,
                0.10155615884890185,
                1.2609178221411157,
                0.6855698347146515,
                0.2403026342403151,
                -0.18591618539197274,
                0.6615767663059128
            ]
        },
        {
            "robot_pose": [
                0.516169106574121,
                0.10922004596204538,
                1.2716924099005147,
                0.7037784222429677,
                -0.0618322322044693,
                0.7072793007389994,
                0.025073854748798297
            ],
            "obj_pose": [
                0.5567073737580417,
                0.10155615884890185,
                1.2611285018538445,
                0.688140034215152,
                0.21334605326920336,
                -0.1872813672554698,
                0.6677368076897855
            ]
        },
        {
            "robot_pose": [
                0.5424229064017906,
                0.10821839154941663,
                1.2699398626564853,
                0.7183695663160117,
                -0.06571056895285518,
                0.6924755942853827,
                0.010239074076469503
            ],
            "obj_pose": [
                0.5826276443112821,
                0.10155615884890185,
                1.2575755539313787,
                0.6921056688070293,
                0.23486164672438126,
                -0.19216769301565614,
                0.6549055869849693
            ]
        },
        {
            "robot_pose": [
                0.5410230768768706,
                0.1092784158967534,
                1.2394643003735213,
                0.7165742745603659,
                -0.04704356346176358,
                0.6950387435549986,
                0.035062189500844755
            ],
            "obj_pose": [
                0.5812026380402578,
                0.10155615884890185,
                1.2276468541188947,
                0.6726539109686602,
                0.22529451703422745,
                -0.20100372384852158,
                0.6755565110720991
            ]
        },
        {
            "robot_pose": [
                0.5429709843768249,
                0.10786140575111604,
                1.2114676727516613,
                0.7187000320449697,
                -0.061207069395308664,
                0.6925760378997213,
                0.00789875444111811
            ],
            "obj_pose": [
                0.5832377741191701,
                0.10155615884890185,
                1.1991181006730691,
                0.689998079987217,
                0.2379903373329718,
                -0.18934248180853253,
                0.6568201226612032
            ]
        },
        {
            "robot_pose": [
                0.5142553154740619,
                0.10931471036051052,
                1.2150127016421535,
                0.7088816753375141,
                -0.06896589688090754,
                0.7015825006972142,
                0.022637803637604037
            ],
            "obj_pose": [
                0.5545862617500736,
                0.10155615884890185,
                1.2037476194809074,
                0.6922364017352683,
                0.2174066403297652,
                -0.19282848930299684,
                0.6605757265948065
            ]
        }
    ]
}