{
    "hook_path": "models/hook_all_new/Hook_my_bar_easy/base.urdf",
    "obj_path": "models/everyday_objects/wrench_25/base.urdf",
    "hook_pose": [
        0.5,
        -0.1,
        1.3,
        4.329780281177466e-17,
        0.7071067811865475,
        0.7071067811865476,
        4.329780281177467e-17
    ],
    "contact_info": [
        {
            "contact_point_hook": [
                0.0032547000626009237,
                -0.008741534647918492,
                0.03823224089925429,
                1.0
            ],
            "obj_pose": [
                0.5020828212157347,
                -0.06092362435361997,
                1.261715679962057,
                -0.002270838723839764,
                0.691985330213441,
                0.721883053150204,
                -0.0060003029444528075
            ],
            "contact_point_obj": [
                0.005495520264408915,
                0.02952215921167478,
                0.00046822854786574,
                1.0
            ]
        }
    ],
    "initial_pose": [
        {
            "robot_pose": [
                0.514705240726471,
                0.11377423256635666,
                1.2607864141464233,
                0.7151728272438049,
                -0.06080520525574684,
                0.6957805752754211,
                0.026833537966012955
            ],
            "obj_pose": [
                0.5470633458533466,
                0.10711389464968064,
                1.2658009247925415,
                0.0589737928202304,
                0.6853216909216087,
                0.7258483112811667,
                -0.0007076178504348297
            ]
        },
        {
            "robot_pose": [
                0.4821997965575948,
                0.11348373698768319,
                1.2320600049909112,
                0.7118916826049996,
                -0.0535160948958466,
                0.6996293327566033,
                0.02941184406784477
            ],
            "obj_pose": [
                0.5145523701624732,
                0.10711389464968064,
                1.2374718877793864,
                -0.053299976188390955,
                -0.6907451320642117,
                -0.7211310615637813,
                -0.0005168324732732312
            ]
        },
        {
            "robot_pose": [
                0.4818163786565478,
                0.11347577117268845,
                1.263517230736252,
                0.7123634848569558,
                -0.06333619246704697,
                0.6987803289340992,
                0.015259228715216499
            ],
            "obj_pose": [
                0.5142048338543613,
                0.10711389464968064,
                1.2687198149586851,
                -0.05120948564537671,
                -0.678534683421579,
                -0.7327772212105848,
                0.002411648566324477
            ]
        },
        {
            "robot_pose": [
                0.4845480460583362,
                0.11344905923391968,
                1.2911209321536095,
                0.7070915600598325,
                -0.05316761580510056,
                0.7045274320322671,
                0.02891068722415234
            ],
            "obj_pose": [
                0.5168294520413882,
                0.10711389464968064,
                1.2969800193721326,
                -0.048014690130542485,
                -0.690960487082558,
                -0.7212793994500369,
                -0.004921661436562431
            ]
        },
        {
            "robot_pose": [
                0.5176200645306903,
                0.11351239655699365,
                1.2915417970716225,
                0.7187212805457638,
                -0.060846020663623525,
                0.6923404949582685,
                0.020052972373166812
            ],
            "obj_pose": [
                0.5500846747859813,
                0.10711389464968064,
                1.2961958963293145,
                -0.05894803879101215,
                -0.6818167612951872,
                -0.7291044236581484,
                0.0076007987576526045
            ]
        },
        {
            "robot_pose": [
                0.5423018215575135,
                0.11344485813296017,
                1.2925382555412133,
                0.7178226311793254,
                -0.058037905049301446,
                0.693448684630199,
                0.02216288629500493
            ],
            "obj_pose": [
                0.5747614744584735,
                0.10711389464968064,
                1.2973176091072158,
                -0.05771691713630336,
                -0.6844376385278942,
                -0.7267501686410424,
                0.006933168313053492
            ]
        },
        {
            "robot_pose": [
                0.542852644162925,
                0.1141425426208037,
                1.2607764965705828,
                0.7173945406552759,
                -0.07286976310491322,
                0.6925642011667686,
                0.01974583311170492
            ],
            "obj_pose": [
                0.5751906147545712,
                0.10711389464968064,
                1.265403174784824,
                -0.063701771489745,
                -0.6750745606562906,
                -0.7349935014171108,
                0.0009872884077785455
            ]
        },
        {
            "robot_pose": [
                0.5478595816463177,
                0.11401342858682657,
                1.2310501783108363,
                0.7160558605256941,
                -0.06261022992190592,
                0.694554693397626,
                0.030622566764780423
            ],
            "obj_pose": [
                0.5801813445834715,
                0.10711389464968064,
                1.235974856744083,
                -0.06286572927415014,
                -0.6860673254103353,
                -0.7248161138404535,
                -0.0010612277610834717
            ]
        },
        {
            "robot_pose": [
                0.514679209852825,
                0.11384831083796249,
                1.2292844530170397,
                0.7138785315755001,
                -0.06849905016445712,
                0.6966814080401736,
                0.017897987968930214
            ],
            "obj_pose": [
                0.5470231627059642,
                0.10711389464968064,
                1.2342913221009282,
                -0.056843390389309814,
                -0.6768545854418075,
                -0.7339186659280142,
                0.000301559100731921
            ]
        }
    ]
}