{
    "hook_path": "models/hook_all_new/Hook_my_bar_easy/base.urdf",
    "obj_path": "models/everyday_objects/mug_11/base.urdf",
    "hook_pose": [
        0.5,
        -0.1,
        1.3,
        4.329780281177466e-17,
        0.7071067811865475,
        0.7071067811865476,
        4.329780281177467e-17
    ],
    "contact_info": [
        {
            "contact_point_hook": [
                -0.001469615795416268,
                -0.003297570222791313,
                0.04117350577795745,
                1.0
            ],
            "obj_pose": [
                0.4998842500695951,
                -0.06075330125485205,
                1.2361161142497137,
                0.2034549953423218,
                0.6590612389122239,
                0.6782341846100147,
                -0.2534615139624334
            ],
            "contact_point_obj": [
                0.03556595851203448,
                0.04888012729525659,
                0.004766901482436515,
                1.0
            ]
        }
    ],
    "initial_pose": [
        {
            "robot_pose": [
                0.5228959321975708,
                0.09622814506292343,
                1.2603065967559814,
                0.7933143973350525,
                -0.0677119791507721,
                0.6046823263168335,
                0.020656883716583252
            ],
            "obj_pose": [
                0.5916925936833958,
                0.05321941160114528,
                1.2491375990248759,
                0.05528083801983313,
                0.6684602173461296,
                0.7415524822807859,
                -0.014313727557663613
            ]
        },
        {
            "robot_pose": [
                0.49567340187383496,
                0.09728510442987585,
                1.2287228362139835,
                0.7914171752360448,
                -0.08109716277412565,
                0.605593719406462,
                0.01839434551251562
            ],
            "obj_pose": [
                0.5637075715414284,
                0.05321941160114528,
                1.2170162240198432,
                -0.059686907593710155,
                -0.6606544699226398,
                -0.7482863784245661,
                0.006374974304481349
            ]
        },
        {
            "robot_pose": [
                0.4956065827023308,
                0.09665577164889619,
                1.26057028202311,
                0.7842698604780423,
                -0.06866472505399207,
                0.6161673282858687,
                0.023318769951823203
            ],
            "obj_pose": [
                0.5644567057242139,
                0.05321941160114528,
                1.251602479529041,
                -0.04644949425583501,
                -0.6702949764667365,
                -0.7406354203704656,
                0.0025026185282197503
            ]
        },
        {
            "robot_pose": [
                0.4922927565418951,
                0.0946972494849582,
                1.2969856486544689,
                0.8027518125411355,
                -0.05851522047744008,
                0.5932449302666466,
                0.0150316049482345
            ],
            "obj_pose": [
                0.5616721847321131,
                0.05321941160114528,
                1.283811347747725,
                -0.058671991388826485,
                -0.6688484234373361,
                -0.7403761742796733,
                0.03228783750662976
            ]
        },
        {
            "robot_pose": [
                0.5230584987325735,
                0.09683343465550555,
                1.285651992740718,
                0.7979033571637244,
                -0.06289130357324249,
                0.5986633196469756,
                0.031577622946942475
            ],
            "obj_pose": [
                0.5914415212899232,
                0.05321941160114528,
                1.2742916443819026,
                -0.06338787901938574,
                -0.6763436164887858,
                -0.7336477734297905,
                0.017384871866218454
            ]
        },
        {
            "robot_pose": [
                0.5573605410567616,
                0.09514683169970384,
                1.2932100968761167,
                0.7961317032860037,
                -0.06652847291842744,
                0.6013470659716239,
                0.011400857923340415
            ],
            "obj_pose": [
                0.6266348654482259,
                0.05321941160114528,
                1.2809366409698093,
                -0.05350729584606139,
                -0.6636140399014635,
                -0.7458306321757259,
                0.02213692492777086
            ]
        },
        {
            "robot_pose": [
                0.5488875698304924,
                0.09587746994618954,
                1.2548089747120956,
                0.793175795372956,
                -0.06025672400163003,
                0.6055166325393595,
                0.024308281824605347
            ],
            "obj_pose": [
                0.6180098899246379,
                0.05321941160114528,
                1.244326932023182,
                -0.052647494148683034,
                -0.6741822425931735,
                -0.7365030715926881,
                0.01642469684466968
            ]
        },
        {
            "robot_pose": [
                0.5485766206584599,
                0.0952675088240072,
                1.2298823999459305,
                0.7932986651789802,
                -0.0608319214530724,
                0.605526830448223,
                0.01771899446652089
            ],
            "obj_pose": [
                0.6180062940753622,
                0.05321941160114528,
                1.2189756926032922,
                -0.049913342262522066,
                -0.6702520233257274,
                -0.74020693839817,
                0.01909376440518263
            ]
        },
        {
            "robot_pose": [
                0.5264119890190458,
                0.0934529792927943,
                1.2296047830281525,
                0.7996677323907887,
                -0.050918145697347886,
                0.5981981017906393,
                0.00989399948422147
            ],
            "obj_pose": [
                0.5966826944586595,
                0.05321941160114528,
                1.2173260907639305,
                -0.048208578602286584,
                -0.6700650592455079,
                -0.7399112799181221,
                0.03492917372895597
            ]
        }
    ]
}