{
    "hook_path": "models/hook_all_new/Hook_my_bar_easy/base.urdf",
    "obj_path": "models/everyday_objects/mug_173/base.urdf",
    "hook_pose": [
        0.5,
        -0.1,
        1.3,
        4.329780281177466e-17,
        0.7071067811865475,
        0.7071067811865476,
        4.329780281177467e-17
    ],
    "contact_info": [
        {
            "contact_point_hook": [
                -0.0006898192200746056,
                -0.003083138255414175,
                0.04415984184071653,
                1.0
            ],
            "obj_pose": [
                0.5030361129207831,
                -0.058741701398707956,
                1.2410055852448396,
                0.6880568072964698,
                0.1241021525385889,
                -0.03660890655305632,
                0.7140282022646354
            ],
            "contact_point_obj": [
                -0.014649470314642088,
                0.05405258058228801,
                -0.0019252114239792645,
                1.0
            ]
        }
    ],
    "initial_pose": [
        {
            "robot_pose": [
                0.5031543970108032,
                0.11950059980154037,
                1.2539199590682983,
                0.7160581946372986,
                -0.06698590517044067,
                0.6946039199829102,
                0.01729162223637104
            ],
            "obj_pose": [
                0.5484456628850086,
                0.07497837696412249,
                1.247433372842684,
                0.7488288989239116,
                0.028371469120640574,
                -0.11749046457643546,
                0.6516489320254826
            ]
        },
        {
            "robot_pose": [
                0.4723839374633248,
                0.1199347499690403,
                1.2238110401585676,
                0.7211194978462445,
                -0.07975042898112508,
                0.6880597069352378,
                0.014155514667488383
            ],
            "obj_pose": [
                0.5169580640015448,
                0.07497837696412249,
                1.2155845791131092,
                0.7556004609903547,
                0.029755194936598853,
                -0.12735459581060027,
                0.6418437338257398
            ]
        },
        {
            "robot_pose": [
                0.47718459002823904,
                0.12040869426043434,
                1.2573413693201139,
                0.7203410355463109,
                -0.06199377330291492,
                0.6899923995964555,
                0.03429363029573365
            ],
            "obj_pose": [
                0.521661504420266,
                0.07497837696412249,
                1.2515540341599802,
                0.738099308094664,
                0.025450982566174916,
                -0.12875182920626285,
                0.6618040687035975
            ]
        },
        {
            "robot_pose": [
                0.47158479259892017,
                0.1187548228542384,
                1.2816130944996806,
                0.7120501617999541,
                -0.06862022500443563,
                0.6987458451686624,
                0.005484128055728736
            ],
            "obj_pose": [
                0.5175662319770125,
                0.07497837696412249,
                1.2749098930493612,
                0.7553645475615247,
                0.030292065403832214,
                -0.1078451943148396,
                0.6456595117582777
            ]
        },
        {
            "robot_pose": [
                0.5061514902159334,
                0.11949664857917072,
                1.2842602763001216,
                0.713835104546226,
                -0.06933203429220464,
                0.6967065576659075,
                0.015247460237846634
            ],
            "obj_pose": [
                0.5514513380093208,
                0.07497837696412249,
                1.2778065816962751,
                0.7511104723646606,
                0.02633148112918391,
                -0.11523282140435008,
                0.6495083588968453
            ]
        },
        {
            "robot_pose": [
                0.5339967230695921,
                0.12047826294142468,
                1.2799828264067308,
                0.7150049796473384,
                -0.07272148833813218,
                0.6948235536931097,
                0.026451719162928215
            ],
            "obj_pose": [
                0.5783441809660447,
                0.07497837696412249,
                1.273764607537163,
                0.7474280722667823,
                0.019929413475732603,
                -0.12414319211255022,
                0.652336234711963
            ]
        },
        {
            "robot_pose": [
                0.5356142826428266,
                0.12004082397125926,
                1.2554056843417498,
                0.7061812012494395,
                -0.06930331159609138,
                0.7042783720195721,
                0.02229656272107563
            ],
            "obj_pose": [
                0.5805563714304627,
                0.07497837696412249,
                1.2503869776489636,
                0.7486709121755344,
                0.015031513023724876,
                -0.11112173294134502,
                0.6533895310965606
            ]
        },
        {
            "robot_pose": [
                0.5291930338615504,
                0.11822755508211322,
                1.226006726711568,
                0.7195789121305857,
                -0.0676740655647683,
                0.6911051912825301,
                -0.0001570007515730142
            ],
            "obj_pose": [
                0.575465777130639,
                0.07497837696412249,
                1.218010182820216,
                0.7565734371737189,
                0.0412203901331881,
                -0.11222677659873598,
                0.6428861984944692
            ]
        },
        {
            "robot_pose": [
                0.5059913992805268,
                0.11992239929448,
                1.2299133073247064,
                0.7203657527275278,
                -0.07835859358249013,
                0.6889923152121984,
                0.014923226447761125
            ],
            "obj_pose": [
                0.5506220487006459,
                0.07497837696412249,
                1.2219293934448017,
                0.7547030129654763,
                0.02916305517656869,
                -0.1262879078984534,
                0.6431362551996523
            ]
        }
    ]
}