{
    "hook_path": "models/hook_all_new/Hook_my_bar_easy/base.urdf",
    "obj_path": "models/everyday_objects/scissor_92/base.urdf",
    "hook_pose": [
        0.5,
        -0.1,
        1.3,
        4.329780281177466e-17,
        0.7071067811865475,
        0.7071067811865476,
        4.329780281177467e-17
    ],
    "contact_info": [
        {
            "contact_point_hook": [
                0.001997946694041186,
                -0.003310717044110678,
                0.03386171370281199,
                1.0
            ],
            "obj_pose": [
                0.505196031686934,
                -0.07038029313587739,
                1.2404603044159659,
                0.1377310162964076,
                0.6894906590054245,
                0.7036634617407316,
                -0.10242329278671983
            ],
            "contact_point_obj": [
                0.025805103461422868,
                0.05045169782510173,
                0.004490968327487119,
                1.0
            ]
        }
    ],
    "initial_pose": [
        {
            "robot_pose": [
                0.5450564622879028,
                0.1261233389377594,
                1.2536396980285645,
                0.7131266593933105,
                -0.06568778306245804,
                0.6973055005073547,
                0.03000914677977562
            ],
            "obj_pose": [
                0.5669688215355658,
                0.11495489820332516,
                1.250643426217385,
                0.1728474146675541,
                0.6633952683716712,
                0.7118470048833262,
                -0.15265756051849752
            ]
        },
        {
            "robot_pose": [
                0.5192405284774869,
                0.12633694243497942,
                1.2188196206296886,
                0.7034429025340109,
                -0.06871262746922784,
                0.7066425920646665,
                0.0332100102518909
            ],
            "obj_pose": [
                0.5411174730850474,
                0.11495489820332516,
                1.216429732609282,
                -0.1666807870026654,
                -0.6653045975966079,
                -0.7140827826349426,
                0.14026078284868085
            ]
        },
        {
            "robot_pose": [
                0.5134725221261083,
                0.12634568590114129,
                1.2559606291494478,
                0.7176288315389144,
                -0.07106682831015142,
                0.6920266921263815,
                0.032518047952577456
            ],
            "obj_pose": [
                0.5352181141466945,
                0.11495489820332516,
                1.252607662656746,
                -0.1809983129876416,
                -0.6596320662786224,
                -0.7130761562450926,
                0.15377757712796392
            ]
        },
        {
            "robot_pose": [
                0.5146820319421164,
                0.12581591980389134,
                1.2867581092358202,
                0.7209426253740264,
                -0.05622699551428136,
                0.690100788026813,
                0.029002728475350886
            ],
            "obj_pose": [
                0.5366963831659123,
                0.11495489820332516,
                1.283401064256813,
                -0.17617289130751881,
                -0.6666983534923296,
                -0.7052935946526048,
                0.16443042042448539
            ]
        },
        {
            "robot_pose": [
                0.5430520230342475,
                0.1259962577176443,
                1.2865797672058672,
                0.7145038642589852,
                -0.07219101756481953,
                0.695565582172875,
                0.021475703444656286
            ],
            "obj_pose": [
                0.5649852905745147,
                0.11495489820332516,
                1.2832807740130434,
                -0.1713246768523325,
                -0.6556976111000627,
                -0.7184968049138728,
                0.15643158002037516
            ]
        },
        {
            "robot_pose": [
                0.5703926722442041,
                0.12593180601376083,
                1.2819659842244078,
                0.7135291910920906,
                -0.06267620260144403,
                0.6972978312422671,
                0.026898357417513737
            ],
            "obj_pose": [
                0.5924001764215382,
                0.11495489820332516,
                1.278959249149696,
                -0.1700672201994634,
                -0.6640201532179956,
                -0.7112344078327186,
                0.15588455295127546
            ]
        },
        {
            "robot_pose": [
                0.5704750864892801,
                0.12608427515316448,
                1.250102655029551,
                0.7253279798461494,
                -0.06184953116350335,
                0.6848466239558649,
                0.03254318367051229
            ],
            "obj_pose": [
                0.5923003187949236,
                0.11495489820332516,
                1.2464067918669373,
                -0.18497715116491567,
                -0.6631792120459704,
                -0.7062743555777887,
                0.16478264747896598
            ]
        },
        {
            "robot_pose": [
                0.5739514102503069,
                0.12620756917287823,
                1.2262804128930236,
                0.7158993275600747,
                -0.07687979237949015,
                0.69354133802003,
                0.024042936178965985
            ],
            "obj_pose": [
                0.5957545853374077,
                0.11495489820332516,
                1.2228362652225693,
                -0.17619831982642292,
                -0.6532729881574837,
                -0.719901412210818,
                0.15469489885257195
            ]
        },
        {
            "robot_pose": [
                0.5415889572365721,
                0.1270973213402506,
                1.2255891547449056,
                0.7061951057243677,
                -0.07984940953624352,
                0.7019418200140738,
                0.04679984789496647
            ],
            "obj_pose": [
                0.5630273145551489,
                0.11495489820332516,
                1.2229773360589002,
                -0.18256336371511483,
                -0.6623862406453552,
                -0.714585141666313,
                0.13146543934613172
            ]
        }
    ]
}