{
    "hook_path": "models/hook_all_new/Hook_my_bar_easy/base.urdf",
    "obj_path": "models/everyday_objects/mug_113/base.urdf",
    "hook_pose": [
        0.5,
        -0.1,
        1.3,
        4.329780281177466e-17,
        0.7071067811865475,
        0.7071067811865476,
        4.329780281177467e-17
    ],
    "contact_info": [
        {
            "contact_point_hook": [
                -0.000775936348274997,
                -0.0030659901203464734,
                0.03200059188552154,
                1.0
            ],
            "obj_pose": [
                0.4997382475096001,
                -0.07028601749417747,
                1.2421870439648195,
                0.7076418595227408,
                0.06810451711719505,
                -0.03828128134156289,
                0.7022387890869312
            ],
            "contact_point_obj": [
                -0.0070802643607535964,
                0.054271392605019786,
                -0.0028322179921192944,
                1.0
            ]
        }
    ],
    "initial_pose": [
        {
            "robot_pose": [
                0.49556681513786316,
                0.0772201418876648,
                1.2538392543792725,
                0.7707822322845459,
                -0.04592769593000412,
                0.6345345973968506,
                0.03393065184354782
            ],
            "obj_pose": [
                0.5385293891642405,
                0.04423606011461864,
                1.2403700676677838,
                0.6175613195642993,
                0.08743530116051011,
                -0.05071656297384159,
                0.7800005864927876
            ]
        },
        {
            "robot_pose": [
                0.46919070487492665,
                0.07677026842666801,
                1.224326051138898,
                0.7743816618103657,
                -0.05594489137457167,
                0.6298613687299788,
                0.021860172975098676
            ],
            "obj_pose": [
                0.5120078027112789,
                0.04423606011461864,
                1.2093803885429364,
                0.6297037225191696,
                0.09209380223565201,
                -0.05243652096337267,
                0.7695728456127717
            ]
        },
        {
            "robot_pose": [
                0.46781696543168244,
                0.07774317185509369,
                1.2525454398620328,
                0.7700223216806303,
                -0.03747489690697001,
                0.6352107917587196,
                0.046567222900282465
            ],
            "obj_pose": [
                0.5106823223031953,
                0.04423606011461864,
                1.2400961004763038,
                0.6058038245163007,
                0.08561439487305576,
                -0.05313384355422752,
                0.7892076382430029
            ]
        },
        {
            "robot_pose": [
                0.46054501129194414,
                0.07731795901901567,
                1.2845683885657893,
                0.7699098511096737,
                -0.038399198270452024,
                0.635725944390047,
                0.04021002817518654
            ],
            "obj_pose": [
                0.5036520764770305,
                0.04423606011461864,
                1.2718200434159324,
                0.6098518856556281,
                0.08733831810723319,
                -0.04957064086871257,
                0.7861268646448483
            ]
        },
        {
            "robot_pose": [
                0.4976354012836557,
                0.07763324132507787,
                1.2837990747146364,
                0.7671202482552404,
                -0.044045960910557624,
                0.63870148258912,
                0.04058194404835969
            ],
            "obj_pose": [
                0.5405469118528479,
                0.04423606011461864,
                1.2712140854052345,
                0.6128672561144826,
                0.08133850341648188,
                -0.05028600442377758,
                0.7843781562510292
            ]
        },
        {
            "robot_pose": [
                0.5262501882202759,
                0.07737235798963507,
                1.2836639453667644,
                0.758258128151291,
                -0.040667619058629666,
                0.6495051576168578,
                0.03916383640175162
            ],
            "obj_pose": [
                0.569728451431443,
                0.04423606011461864,
                1.2724043805736405,
                0.6117180144103648,
                0.07252514670449267,
                -0.03915226798693799,
                0.7867707886372064
            ]
        },
        {
            "robot_pose": [
                0.52839751611519,
                0.07661665795911168,
                1.249108926588861,
                0.7610909520242052,
                -0.04020910414115324,
                0.646729902363314,
                0.029397688347784716
            ],
            "obj_pose": [
                0.5722314838813283,
                0.04423606011461864,
                1.2370577207918354,
                0.6168266819645238,
                0.07970994029504247,
                -0.035529934772957725,
                0.7822459930033686
            ]
        },
        {
            "robot_pose": [
                0.5273632194434521,
                0.07687630638245743,
                1.222476097023042,
                0.7779217246884417,
                -0.030737138871436524,
                0.6263609436942041,
                0.039559913628125956
            ],
            "obj_pose": [
                0.5705490877018667,
                0.04423606011461864,
                1.2088839480246831,
                0.6057185487036909,
                0.10084858139626705,
                -0.05265542849707686,
                0.7875036566495702
            ]
        },
        {
            "robot_pose": [
                0.49475566293561224,
                0.0770127171455125,
                1.2238012977552508,
                0.7570293187785084,
                -0.04520493838715978,
                0.6510710828405953,
                0.031137905259269048
            ],
            "obj_pose": [
                0.5384084953175553,
                0.04423606011461864,
                1.2121706319546595,
                0.6186776369329415,
                0.07200363024470637,
                -0.03557718324957852,
                0.7815290927551455
            ]
        }
    ]
}