{
    "hook_path": "models/hook_all_new/Hook_my_bar_easy/base.urdf",
    "obj_path": "models/everyday_objects/scissor_19/base.urdf",
    "hook_pose": [
        0.5,
        -0.1,
        1.3,
        4.329780281177466e-17,
        0.7071067811865475,
        0.7071067811865476,
        4.329780281177467e-17
    ],
    "contact_info": [
        {
            "contact_point_hook": [
                -0.0027982662161313288,
                -0.003972016612417528,
                0.031092375619460908,
                1.0
            ],
            "obj_pose": [
                0.5030862511248491,
                -0.06972406044951716,
                1.2297039522478574,
                0.6987227789175015,
                0.11896391030841943,
                -0.030023016241806633,
                0.7047926537370257
            ],
            "contact_point_obj": [
                -0.01408265918006707,
                0.06480709633113468,
                -0.0011599936770097796,
                1.0
            ]
        }
    ],
    "initial_pose": [
        {
            "robot_pose": [
                0.5323030948638916,
                0.09752129018306732,
                1.2493925094604492,
                0.7132061123847961,
                -0.06590662896633148,
                0.6971862316131592,
                0.0304096732288599
            ],
            "obj_pose": [
                0.5550024242919045,
                0.08730826830940351,
                1.2312863794903164,
                0.7260703366222183,
                0.12399896685536348,
                -0.044562916329192924,
                0.6748779659941037
            ]
        },
        {
            "robot_pose": [
                0.4996179855756387,
                0.09727646840387241,
                1.2159779060852454,
                0.7061286502512663,
                -0.07649884435419463,
                0.7035244822544908,
                0.024156965358842524
            ],
            "obj_pose": [
                0.5226138728974664,
                0.08730826830940351,
                1.198111136149771,
                0.7344330593276098,
                0.1150886522914247,
                -0.038110469553808805,
                0.667765135051853
            ]
        },
        {
            "robot_pose": [
                0.4970787584993862,
                0.097741101246221,
                1.2439372484593294,
                0.7009389166139348,
                -0.07102014138571262,
                0.7089337852067986,
                0.03246017384422417
            ],
            "obj_pose": [
                0.5202650313024864,
                0.08730826830940351,
                1.2265893360436693,
                0.7280401792942455,
                0.10856812425145657,
                -0.0358601120991818,
                0.6759323280402834
            ]
        },
        {
            "robot_pose": [
                0.5004382030200221,
                0.09828412702614886,
                1.2822550853319075,
                0.7084511580214636,
                -0.06445926271481668,
                0.7014605085349748,
                0.04353291989016814
            ],
            "obj_pose": [
                0.5231565810058817,
                0.08730826830940351,
                1.264625475526515,
                0.7199792551190933,
                0.11379664414505722,
                -0.04753806906833728,
                0.6829497257988563
            ]
        },
        {
            "robot_pose": [
                0.5308731245131283,
                0.09778269563388325,
                1.275560261863925,
                0.7146074747487153,
                -0.05029593622696129,
                0.6967298184378325,
                0.03706799066448872
            ],
            "obj_pose": [
                0.5536286205831275,
                0.08730826830940351,
                1.2576753216738885,
                0.714550709614061,
                0.12955347658246544,
                -0.04366087867409212,
                0.6860954071911899
            ]
        },
        {
            "robot_pose": [
                0.5610437481273253,
                0.09831189410454722,
                1.2795478677994763,
                0.7122422524514406,
                -0.0696529970501468,
                0.6971008132024701,
                0.04370228892501526
            ],
            "obj_pose": [
                0.5834828867438333,
                0.08730826830940351,
                1.26158115991299,
                0.722831337479288,
                0.11506508287072643,
                -0.05362519244005374,
                0.679263735965364
            ]
        },
        {
            "robot_pose": [
                0.5577780658923209,
                0.09766458118016574,
                1.243941851582099,
                0.7017351645335625,
                -0.054299182813574584,
                0.7095717676833464,
                0.03357475405066842
            ],
            "obj_pose": [
                0.5811677242598893,
                0.08730826830940351,
                1.2268226232133885,
                0.7181622360138352,
                0.11661256371521266,
                -0.030326844814806467,
                0.6853647169434335
            ]
        },
        {
            "robot_pose": [
                0.5608009681462289,
                0.09787222597847285,
                1.2199986684940103,
                0.7106957940349463,
                -0.08538100348503479,
                0.6974702490352825,
                0.03401211983376727
            ],
            "obj_pose": [
                0.5832400711381172,
                0.08730826830940351,
                1.201769933758591,
                0.7354464754388149,
                0.11088127649382455,
                -0.05269981026048986,
                0.6663681822282882
            ]
        },
        {
            "robot_pose": [
                0.528222698499938,
                0.09778701851094228,
                1.2204297372336215,
                0.7145367300092864,
                -0.057149521162193705,
                0.6963169679766078,
                0.03624739723665615
            ],
            "obj_pose": [
                0.5508889351886374,
                0.08730826830940351,
                1.202434326058704,
                0.718789614646254,
                0.12664669249589283,
                -0.04590836737372659,
                0.68205170402369
            ]
        }
    ]
}