{
    "hook_path": "models/hook_1120/Hook12#16/base.urdf",
    "obj_path": "models/geo_data/hanging_exp/daily_5/base.urdf",
    "hook_pose": [
        0.5,
        -0.1,
        1.3,
        0.5,
        -0.4999999999999999,
        -0.5,
        0.5000000000000001
    ],
    "contact_info": [
        {
            "contact_point_hook": [
                0.0026297434668189628,
                0.02733389872947245,
                -0.0013824161296811521,
                1.0
            ],
            "contact_point_obj": [
                0.0029407716325424715,
                0.001618840119057885,
                0.04111057059046863,
                1.0
            ],
            "obj_pose": [
                0.49982095453811437,
                -0.08487038043383431,
                1.2901382718660832,
                0.2087219210970617,
                -0.1524230630035169,
                0.680927498384851,
                0.6852299697630911
            ]
        }
    ]
}