{
    "hook_path": "models/hook_1120/Hook_180#23/base.urdf",
    "obj_path": "models/geo_data/hanging_exp/daily_5/base.urdf",
    "hook_pose": [
        0.5,
        -0.1,
        1.3,
        4.329780281177466e-17,
        0.7071067811865475,
        0.7071067811865476,
        4.329780281177467e-17
    ],
    "contact_info": [
        {
            "contact_point_hook": [
                -2.501085016348714e-05,
                -0.01731457899058131,
                0.03825702426280554,
                1.0
            ],
            "contact_point_obj": [
                -0.0017870021494259328,
                -0.0011806892090981402,
                0.040858685606183,
                1.0
            ],
            "obj_pose": [
                0.4988196246269855,
                -0.0641681379355968,
                1.2418603646650626,
                -0.025292948486902733,
                0.014241889560699085,
                -0.7235421213950604,
                0.6896696556364615
            ]
        }
    ]
}