{
    "hook_path": "models/hook_1120/Hook_skew#25/base.urdf",
    "obj_path": "models/geo_data/hanging_exp/daily_5/base.urdf",
    "hook_pose": [
        0.5,
        -0.1,
        1.3,
        4.329780281177466e-17,
        0.7071067811865475,
        0.7071067811865476,
        4.329780281177467e-17
    ],
    "contact_info": [
        {
            "contact_point_hook": [
                0.0016359440505618328,
                0.003061394664812367,
                0.017321710562764246,
                1.0
            ],
            "contact_point_obj": [
                0.00306412078652582,
                0.0031637664057774795,
                0.04116250202115257,
                1.0
            ],
            "obj_pose": [
                0.4972299154254606,
                -0.07904283767984654,
                1.2618394703708438,
                0.09401871185764271,
                -0.02055461486849654,
                0.7017393557727892,
                0.7059035813677589
            ]
        }
    ]
}