{
    "hook_path": "models/hook/Hook47#18/base.urdf",
    "obj_path": "models/geo_data/hanging_exp/daily_5/base.urdf",
    "hook_pose": [
        0.5,
        -0.1,
        1.3,
        0.0,
        0.0,
        -0.7071067811865475,
        0.7071067811865476
    ],
    "contact_info": [
        {
            "contact_point_hook": [
                -0.006970134866792993,
                0.04068433352296941,
                -0.032250517309788895,
                1.0
            ],
            "contact_point_obj": [
                0.004715415921829932,
                -0.009335755007459201,
                0.040772721340704976,
                1.0
            ],
            "obj_pose": [
                0.5379736875283415,
                -0.09807865674673785,
                1.2260485429413652,
                -0.053060800221313785,
                -0.054424763011413184,
                0.7288164491716789,
                0.6804770973866874
            ]
        }
    ]
}