{
    "hook_path": "models/hook_1120/Hook209#26/base.urdf",
    "obj_path": "models/geo_data/hanging_exp/daily_5/base.urdf",
    "hook_pose": [
        0.5,
        -0.1,
        1.3,
        0.0,
        0.0,
        -0.7071067811865475,
        0.7071067811865476
    ],
    "contact_info": [
        {
            "contact_point_hook": [
                -0.006236548491225957,
                0.0001958277118956353,
                -0.04903585066188709,
                1.0
            ],
            "contact_point_obj": [
                0.0019264624183228385,
                0.002372807319631326,
                0.040597000900882696,
                1.0
            ],
            "obj_pose": [
                0.4951027013308817,
                -0.09333902006131722,
                1.2105743254243475,
                0.0751969946119599,
                0.04572804973327857,
                0.5319670925657145,
                0.8421789417315658
            ]
        }
    ]
}