{
    "hook_path": "models/hook_1120/Hook_60#24/base.urdf",
    "obj_path": "models/geo_data/hanging_exp/daily_5/base.urdf",
    "hook_pose": [
        0.5,
        -0.1,
        1.3,
        4.329780281177466e-17,
        0.7071067811865475,
        0.7071067811865476,
        4.329780281177467e-17
    ],
    "contact_info": [
        {
            "contact_point_hook": [
                -0.0008104231044769872,
                0.005152263942802993,
                0.021960949553825885,
                1.0
            ],
            "contact_point_obj": [
                0.004976159395586821,
                0.001853239756642533,
                0.043078167981397186,
                1.0
            ],
            "obj_pose": [
                0.49917023392723175,
                -0.08230402228354833,
                1.2619892588197974,
                0.03347958487195094,
                0.02178205813921199,
                0.6972701877387733,
                0.715694728659334
            ]
        }
    ]
}