{
    "hook_path": "models/hook/Hook122#12/base.urdf",
    "obj_path": "models/geo_data/hanging_exp/daily_5/base.urdf",
    "hook_pose": [
        0.5,
        -0.1,
        1.3,
        0.7071067811865476,
        -0.7071067811865475,
        -4.329780281177466e-17,
        4.329780281177467e-17
    ],
    "contact_info": [
        {
            "contact_point_hook": [
                -0.009394744435514663,
                0.00024480738049514894,
                0.04002911335303283,
                1.0
            ],
            "contact_point_obj": [
                -0.004902185676232306,
                -0.004194924073228912,
                0.04481809392794012,
                1.0
            ],
            "obj_pose": [
                0.49989891968705275,
                -0.09472433925782879,
                1.2148787271535988,
                -0.026870312465469854,
                0.03839540689212058,
                -0.698221395064714,
                0.7143463183298988
            ]
        }
    ]
}