{
    "hook_path": "models/hook_1120/Hook2#10/base.urdf",
    "obj_path": "models/geo_data/hanging_exp/daily_5/base.urdf",
    "hook_pose": [
        0.5,
        -0.1,
        1.3,
        0.0,
        0.0,
        -0.7071067811865475,
        0.7071067811865476
    ],
    "contact_info": [
        {
            "contact_point_hook": [
                -0.0074863649743923235,
                0.010628244960433797,
                -0.014321852248655453,
                1.0
            ],
            "contact_point_obj": [
                -0.001141239519988374,
                0.010499407334768396,
                0.0362431860947412,
                1.0
            ],
            "obj_pose": [
                0.5015174570198166,
                -0.09413214134481089,
                1.2490792065000291,
                0.020644370610208622,
                -0.0023664451029764347,
                -0.6539970393168717,
                0.7562116651205859
            ]
        }
    ]
}