{
    "hook_path": "models/hook_1120/Hook_bar#23/base.urdf",
    "obj_path": "models/geo_data/hanging_exp/daily_5/base.urdf",
    "hook_pose": [
        0.5,
        -0.1,
        1.3,
        4.329780281177466e-17,
        0.7071067811865475,
        0.7071067811865476,
        4.329780281177467e-17
    ],
    "contact_info": [
        {
            "contact_point_hook": [
                -0.0013711166914411876,
                -0.0026628834137907287,
                0.024644128361409574,
                1.0
            ],
            "contact_point_obj": [
                -0.0011112323290459539,
                0.0008037390982374437,
                0.0406835319009311,
                1.0
            ],
            "obj_pose": [
                0.49823617049657376,
                -0.07607004500297626,
                1.2567576553955762,
                -0.01695354687354815,
                0.023371881744024107,
                -0.7118343496126173,
                0.7017536541434837
            ]
        }
    ]
}