{
    "hook_path": "models/hook_1120/Hook122#26/base.urdf",
    "obj_path": "models/geo_data/hanging_exp/daily_5/base.urdf",
    "hook_pose": [
        0.5,
        -0.1,
        1.3,
        0.7071067811865476,
        -0.7071067811865475,
        -4.329780281177466e-17,
        4.329780281177467e-17
    ],
    "contact_info": [
        {
            "contact_point_hook": [
                -0.00431593437962957,
                -0.003826066030364228,
                0.04943223763172355,
                1.0
            ],
            "contact_point_obj": [
                -0.0028732933943476507,
                0.004020953343284339,
                0.04098116585462708,
                1.0
            ],
            "obj_pose": [
                0.5080705911008819,
                -0.09982207147718272,
                1.2097175389909425,
                0.0566562058291264,
                -0.07859037621706476,
                -0.6635584338695777,
                0.7418246638847088
            ]
        }
    ]
}