{
    "hook_path": "models/hook/Hook_60#17/base.urdf",
    "obj_path": "models/geo_data/hanging_exp/daily_5/base.urdf",
    "hook_pose": [
        0.5,
        -0.1,
        1.3,
        4.329780281177466e-17,
        0.7071067811865475,
        0.7071067811865476,
        4.329780281177467e-17
    ],
    "contact_info": [
        {
            "contact_point_hook": [
                0.002861536683720245,
                0.002408573421526672,
                0.01719810019462802,
                1.0
            ],
            "contact_point_obj": [
                0.0035393975168717395,
                0.0020516347716105776,
                0.0410976240164902,
                1.0
            ],
            "obj_pose": [
                0.4963882439548039,
                -0.0853905786577023,
                1.2611958672190888,
                0.033159940923494974,
                0.017355234451553014,
                0.722687497124918,
                0.6901608476684283
            ]
        }
    ]
}