{
    "-1": {
        "angle": [
            0.40532720135892936,
            0.40532720135892936,
            0.40532720135892936,
            0.40532720135892936,
            0.40532720135892936,
            0.40532720135892936,
            0.40532720135892936,
            0.40532720135892936
        ],
        "distance": [
            0.06633305655500281,
            0.06686524530021401,
            0.06633000597723691,
            0.06635162442827908,
            0.06452753827919323,
            0.0712545821266622,
            0.07341681646199551,
            0.06630567132537735
        ],
        "pos_diff": [
            [
                0.0394607991493709,
                0.05331896467826479,
                8.790938608317124e-05
            ],
            [
                0.03990214798322906,
                0.053634984301474994,
                0.0014380800961049187
            ],
            [
                0.03942244283086022,
                0.05334356936245868,
                6.558856913987075e-05
            ],
            [
                0.039428331483061525,
                0.053366102221402104,
                6.224490405539428e-05
            ],
            [
                0.038907437214959546,
                0.05145798604948014,
                0.0014457515236843913
            ],
            [
                0.04222535707715986,
                0.05739533931594841,
                9.858275073094426e-05
            ],
            [
                0.042842835059420055,
                0.059619768108484,
                6.061498376490858e-05
            ],
            [
                0.03941641571205951,
                0.053317765099602496,
                6.439803323570435e-05
            ]
        ]
    },
    "0": {
        "angle": [
            0.05210274465495653,
            0.05210274465495653,
            0.05210274465495653,
            0.05210274465495653,
            0.05210274465495653,
            0.05210274465495653,
            0.05210274465495653,
            0.05210274465495653,
            0.05210274465495653,
            0.05210274465495653,
            0.05210274465495653,
            0.05210274465495653,
            0.05210274465495653,
            0.05210274465495653,
            0.05210274465495653,
            0.44336279507093657,
            0.44336279507093657,
            0.44336279507093657,
            0.44336279507093657,
            0.44336279507093657,
            0.44336279507093657
        ],
        "angle_max": 0.44336279507093657,
        "angle_mean": 0.1638913304880937,
        "angle_min": 0.05210274465495653,
        "distance": [
            0.0013553037881191016,
            0.0016268240690971033,
            0.0016518329370689927,
            0.001142466578323429,
            0.0019386798971943,
            0.0013448595251727093,
            0.0012241691479018156,
            0.0011229446619307453,
            0.001626152573140518,
            0.001758922238981692,
            0.0016272193243458,
            0.0013440484325432408,
            0.0011151453580479152,
            0.0009258944241362005,
            0.001629990066655486,
            0.015623455148132915,
            0.015622769327689951,
            0.01562267948796583,
            0.015623483166984472,
            0.009571769053247914,
            0.015091495104095666
        ],
        "distance_max": 0.015623483166984472,
        "distance_mean": 0.005170957348132181,
        "distance_min": 0.0009258944241362005,
        "pos_diff": [
            [
                0.0001832100377058693,
                0.0002863962357801536,
                0.0013119678488075688
            ],
            [
                6.629919630567194e-05,
                6.420394571422794e-05,
                0.0016242040579057802
            ],
            [
                0.00040146730296580085,
                0.0001398797139487845,
                0.0015961859923771249
            ],
            [
                0.0005389264520722012,
                9.39862811761144e-05,
                0.0010029729511774471
            ],
            [
                0.001052906823562634,
                0.00034324937222073026,
                0.0015912406584645267
            ],
            [
                0.00037335836619634827,
                0.0002252441603704386,
                0.0012722090005411746
            ],
            [
                0.0009243119177751377,
                0.00028143069849105584,
                0.0007516876633817671
            ],
            [
                0.0007612581531966575,
                0.00031683756096644033,
                0.0007623022352789
            ],
            [
                7.475779312530323e-05,
                5.520601761584143e-05,
                0.001623494921186254
            ],
            [
                0.0004096859453543017,
                0.0005663147450773592,
                0.0016140794523416394
            ],
            [
                5.4871792605840075e-05,
                7.605872839573646e-05,
                0.0016245143538102234
            ],
            [
                0.0004002870957234908,
                0.00024665959760948597,
                0.0012591248837690097
            ],
            [
                0.0007368158233564889,
                0.0003169036235600581,
                0.0007747410570002194
            ],
            [
                0.00016674884872640988,
                0.00043244998490953035,
                0.00080153747051942
            ],
            [
                0.00013960145220669878,
                0.00017544268098095006,
                0.0016144964904351924
            ],
            [
                4.609187140729165e-05,
                0.01556304147415874,
                0.0013718477972158737
            ],
            [
                4.564015633536089e-05,
                0.015562180137679599,
                0.0013738223337645282
            ],
            [
                4.68026739190025e-05,
                0.015561888635684279,
                0.0013760617660493492
            ],
            [
                4.5267801661488805e-05,
                0.015563158740531685,
                0.0013708636373440262
            ],
            [
                0.0027561938324793395,
                0.008951833392306291,
                0.001971506348685535
            ],
            [
                0.00013218398789749397,
                0.015088846057975308,
                0.00024995301360449126
            ]
        ],
        "pos_diff_max": [
            0.0027561938324793395,
            0.015563158740531685,
            0.001971506348685535
        ],
        "pos_diff_mean": [
            0.00044555653926565866,
            0.004281486275483467,
            0.0012828006635076212
        ],
        "pos_diff_min": [
            4.5267801661488805e-05,
            5.520601761584143e-05,
            0.00024995301360449126
        ]
    }
}