{
    "hook_path": "models/hook/Hook_bar#17/base.urdf",
    "obj_path": "models/geo_data/hanging_exp/daily_5/base.urdf",
    "hook_pose": [
        0.5,
        -0.1,
        1.3,
        4.329780281177466e-17,
        0.7071067811865475,
        0.7071067811865476,
        4.329780281177467e-17
    ],
    "contact_info": [
        {
            "contact_point_hook": [
                0.0014179267224256886,
                -0.002281476694360185,
                0.02468691664010338,
                1.0
            ],
            "contact_point_obj": [
                -0.0019023995752474876,
                -0.0017816480549381342,
                0.04064501337339199,
                1.0
            ],
            "obj_pose": [
                0.49954049452160726,
                -0.07733527709846405,
                1.2570515506218827,
                -0.01194326388376829,
                0.006772115003825926,
                -0.6596687933598406,
                0.7514310214340033
            ]
        }
    ]
}