{
    "hook_path": "models/hook_1120/Hook209#19/base.urdf",
    "obj_path": "models/geo_data/hanging_exp/daily_5/base.urdf",
    "hook_pose": [
        0.5,
        -0.1,
        1.3,
        0.0,
        0.0,
        -0.7071067811865475,
        0.7071067811865476
    ],
    "contact_info": [
        {
            "contact_point_hook": [
                -0.006877395964789936,
                0.0021222180758185827,
                -0.041884556284373264,
                1.0
            ],
            "contact_point_obj": [
                0.002425998083391126,
                0.0006979953664650318,
                0.04069882412897763,
                1.0
            ],
            "obj_pose": [
                0.4988473784235793,
                -0.095521304009706,
                1.2175409614219714,
                0.03939943234450377,
                0.03562555109273452,
                0.7562411687615482,
                0.6521332682132058
            ]
        }
    ]
}