{
    "hook_path": "models/hook_1120/Hook_bar#1/base.urdf",
    "obj_path": "models/geo_data/hanging_exp/daily_5/base.urdf",
    "hook_pose": [
        0.5,
        -0.1,
        1.3,
        4.329780281177466e-17,
        0.7071067811865475,
        0.7071067811865476,
        4.329780281177467e-17
    ],
    "contact_info": [
        {
            "contact_point_hook": [
                -6.710900944051357e-05,
                -0.001870530068961207,
                0.024620524980750517,
                1.0
            ],
            "contact_point_obj": [
                -0.0012731898685404558,
                -0.0007578619637220729,
                0.04063370810411193,
                1.0
            ],
            "obj_pose": [
                0.49660482450038235,
                -0.07599718076917719,
                1.2576211420579653,
                -0.03141376461082007,
                0.03978579083022039,
                -0.7499669390588865,
                0.6595300270341257
            ]
        }
    ]
}