{
    "hook_path": "models/hook/Hook1#9/base.urdf",
    "obj_path": "models/geo_data/hanging_exp/daily_5/base.urdf",
    "hook_pose": [
        0.5,
        -0.1,
        1.3,
        0.0,
        0.0,
        -0.7071067811865475,
        0.7071067811865476
    ],
    "contact_info": [
        {
            "contact_point_hook": [
                -0.007538878348202077,
                -0.0017457152836679035,
                -0.008026769794337252,
                1.0
            ],
            "contact_point_obj": [
                0.002448225685125316,
                0.0031256881562539696,
                0.04083055989559492,
                1.0
            ],
            "obj_pose": [
                0.4988435600966141,
                -0.09529211982278121,
                1.251052128549851,
                0.020055392400609745,
                0.034073513046760324,
                0.78372011623966,
                0.6198544638426049
            ]
        }
    ]
}