{
    "hook_path": "models/hook_1120/Hook35#7/base.urdf",
    "obj_path": "models/geo_data/hanging_exp/daily_5/base.urdf",
    "hook_pose": [
        0.5,
        -0.1,
        1.3,
        0.0,
        0.0,
        -0.7071067811865475,
        0.7071067811865476
    ],
    "contact_info": [
        {
            "contact_point_hook": [
                0.0038839992929359667,
                0.0011091410588807138,
                0.026515953202997933,
                1.0
            ],
            "contact_point_obj": [
                0.0025751046915285514,
                -0.00025747455603819525,
                0.04047806168505619,
                1.0
            ],
            "obj_pose": [
                0.49112464230584246,
                -0.1017131257500866,
                1.2872633351016525,
                -0.07621010589309525,
                0.09163267348431692,
                -0.6038634340018727,
                0.7881271635880505
            ]
        }
    ]
}