{
    "hook_path": "models/hook_1120/Hook_bar#11/base.urdf",
    "obj_path": "models/geo_data/hanging_exp/daily_5/base.urdf",
    "hook_pose": [
        0.5,
        -0.1,
        1.3,
        4.329780281177466e-17,
        0.7071067811865475,
        0.7071067811865476,
        4.329780281177467e-17
    ],
    "contact_info": [
        {
            "contact_point_hook": [
                -0.0005336833344559144,
                -0.002032357872622681,
                0.02476695416071054,
                1.0
            ],
            "contact_point_obj": [
                -0.001387030442382281,
                -0.0004055028639777247,
                0.0406209609905841,
                1.0
            ],
            "obj_pose": [
                0.5001136705053048,
                -0.07632530243182006,
                1.2573378338263432,
                -0.0040410524361495365,
                0.009162861869361053,
                -0.7258032184203269,
                0.687829484674993
            ]
        }
    ]
}