{
    "hook_path": "models/hook/Hook12#17/base.urdf",
    "obj_path": "models/geo_data/hanging_exp/daily_5/base.urdf",
    "hook_pose": [
        0.5,
        -0.1,
        1.3,
        0.5,
        -0.4999999999999999,
        -0.5,
        0.5000000000000001
    ],
    "contact_info": [
        {
            "contact_point_hook": [
                -0.0006422035781689364,
                0.03294021212248577,
                -0.0037727949520545145,
                1.0
            ],
            "contact_point_obj": [
                0.004828040616673024,
                -0.002875485168207348,
                0.04223143768421167,
                1.0
            ],
            "obj_pose": [
                0.4987866395155543,
                -0.08523628361887393,
                1.2930554550072262,
                0.1696760214123772,
                -0.1677846503614037,
                0.8155089932245989,
                0.5272603160020379
            ]
        }
    ]
}