{
    "hook_path": "models/hook/Hook209#11/base.urdf",
    "obj_path": "models/geo_data/hanging_exp/daily_5/base.urdf",
    "hook_pose": [
        0.5,
        -0.1,
        1.3,
        0.0,
        0.0,
        -0.7071067811865475,
        0.7071067811865476
    ],
    "contact_info": [
        {
            "contact_point_hook": [
                -0.009086736043423277,
                -0.0010710663728754621,
                -0.040045769866600356,
                1.0
            ],
            "contact_point_obj": [
                0.0016794639637177922,
                0.0031401491195198195,
                0.04060586713257908,
                1.0
            ],
            "obj_pose": [
                0.5021964819543691,
                -0.09185417033357952,
                1.2193345870477479,
                0.009113862501322588,
                -0.016616963331851788,
                0.6200408608221987,
                0.7843405796915022
            ]
        }
    ]
}