{
    "hook_path": "models/hook_1120/Hook42#10/base.urdf",
    "obj_path": "models/geo_data/hanging_exp/daily_5/base.urdf",
    "hook_pose": [
        0.5,
        -0.1,
        1.3,
        0.0,
        0.0,
        -0.7071067811865475,
        0.7071067811865476
    ],
    "contact_info": [
        {
            "contact_point_hook": [
                -0.005930112836800908,
                -0.0019307062550870668,
                -0.01199677425391088,
                1.0
            ],
            "contact_point_obj": [
                -0.00451157900843932,
                -0.0009480680511547712,
                0.04290313356731956,
                1.0
            ],
            "obj_pose": [
                0.49781424184615825,
                -0.09706563759461086,
                1.2449579881935342,
                0.0038103162875397947,
                0.02133076287717038,
                -0.7198040793505234,
                0.6938390068273851
            ]
        }
    ]
}