{
    "hook_path": "models/hook/Hook12#1/base.urdf",
    "obj_path": "models/geo_data/hanging_exp/daily_5/base.urdf",
    "hook_pose": [
        0.5,
        -0.1,
        1.3,
        0.5,
        -0.4999999999999999,
        -0.5,
        0.5000000000000001
    ],
    "contact_info": [
        {
            "contact_point_hook": [
                -2.44410867168146e-05,
                0.008291240147578094,
                0.0012016435327717456,
                1.0
            ],
            "contact_point_obj": [
                -0.000612533399109827,
                0.012448463842013147,
                0.022826075082517994,
                1.0
            ],
            "obj_pose": [
                0.5140387450233971,
                -0.08678871981346382,
                1.2918532663041826,
                0.17417321782805645,
                -0.2648234677749023,
                0.663898247872969,
                0.6773266107117728
            ]
        }
    ]
}