{
    "hook_path": "models/hook_1120/Hook_bar#7/base.urdf",
    "obj_path": "models/geo_data/hanging_exp/daily_5/base.urdf",
    "hook_pose": [
        0.5,
        -0.1,
        1.3,
        4.329780281177466e-17,
        0.7071067811865475,
        0.7071067811865476,
        4.329780281177467e-17
    ],
    "contact_info": [
        {
            "contact_point_hook": [
                -0.0026758137819452577,
                -0.004468292372193927,
                0.028747659320364456,
                1.0
            ],
            "contact_point_obj": [
                -0.0058719576418759245,
                0.003916171476497421,
                0.04026786699676954,
                1.0
            ],
            "obj_pose": [
                0.4957651753493905,
                -0.07930854290164492,
                1.2560518636531472,
                -0.04928302303655436,
                0.03842850441798359,
                -0.5975330336765902,
                0.7994052209948509
            ]
        }
    ]
}