{
    "hook_path": "models/hook_1120/Hook_skew#4/base.urdf",
    "obj_path": "models/geo_data/hanging_exp/daily_5/base.urdf",
    "hook_pose": [
        0.5,
        -0.1,
        1.3,
        4.329780281177466e-17,
        0.7071067811865475,
        0.7071067811865476,
        4.329780281177467e-17
    ],
    "contact_info": [
        {
            "contact_point_hook": [
                0.00012287750932860053,
                0.002503723484176934,
                0.017260197549367726,
                1.0
            ],
            "contact_point_obj": [
                0.0031167852181425426,
                0.0010046116705841879,
                0.04122551682107001,
                1.0
            ],
            "obj_pose": [
                0.501156757476011,
                -0.07982227227569194,
                1.2612712437642808,
                0.04925115609624873,
                -0.05395446885164605,
                0.705409886460485,
                0.7050249151611065
            ]
        }
    ]
}