{
    "hook_path": "models/hook_1120/Hook2#24/base.urdf",
    "obj_path": "models/geo_data/hanging_exp/daily_5/base.urdf",
    "hook_pose": [
        0.5,
        -0.1,
        1.3,
        0.0,
        0.0,
        -0.7071067811865475,
        0.7071067811865476
    ],
    "contact_info": [
        {
            "contact_point_hook": [
                -0.0036855516609871092,
                -0.007459487456660252,
                -0.01071675357978119,
                1.0
            ],
            "contact_point_obj": [
                0.003126212430095518,
                -0.005432211246730434,
                0.038390427690209616,
                1.0
            ],
            "obj_pose": [
                0.5006220397454597,
                -0.09518482564326305,
                1.2512501038722903,
                0.014043392596075987,
                -0.027356660878714047,
                -0.7699708471030742,
                0.63733765842082
            ]
        }
    ]
}