{
    "hook_path": "models/hook/Hook44#10/base.urdf",
    "obj_path": "models/geo_data/hanging_exp/daily_5/base.urdf",
    "hook_pose": [
        0.5,
        -0.1,
        1.3,
        0.0,
        0.0,
        -0.7071067811865475,
        0.7071067811865476
    ],
    "contact_info": [
        {
            "contact_point_hook": [
                0.004303168130703819,
                0.0010766650768335717,
                -0.04209582038079018,
                1.0
            ],
            "contact_point_obj": [
                -0.002099736957098322,
                0.001231862981881049,
                0.04100001442207257,
                1.0
            ],
            "obj_pose": [
                0.5013853224243526,
                -0.10648634427116253,
                1.2168911812298353,
                0.010614326125408946,
                -0.010994957975956026,
                -0.6586164839423546,
                0.7523235833465681
            ]
        }
    ]
}