{
    "hook_path": "models/hook_1120/Hook35#11/base.urdf",
    "obj_path": "models/geo_data/hanging_exp/daily_5/base.urdf",
    "hook_pose": [
        0.5,
        -0.1,
        1.3,
        0.0,
        0.0,
        -0.7071067811865475,
        0.7071067811865476
    ],
    "contact_info": [
        {
            "contact_point_hook": [
                -0.003847890187910958,
                -0.003700724905285502,
                0.029624988170886102,
                1.0
            ],
            "contact_point_obj": [
                -0.004716066888414069,
                -0.007316273101647397,
                0.041651961922470004,
                1.0
            ],
            "obj_pose": [
                0.5027107524900384,
                -0.10471243789750417,
                1.2884392040741366,
                -0.03075902726969433,
                -0.024887149461047982,
                -0.7357153209305145,
                0.6761342163958542
            ]
        }
    ]
}