{
    "hook_path": "models/hook/Hook2#4/base.urdf",
    "obj_path": "models/geo_data/hanging_exp/daily_5/base.urdf",
    "hook_pose": [
        0.5,
        -0.1,
        1.3,
        0.0,
        0.0,
        -0.7071067811865475,
        0.7071067811865476
    ],
    "contact_info": [
        {
            "contact_point_hook": [
                -0.0027388598621469877,
                0.005546073551487618,
                -0.012605294683479595,
                1.0
            ],
            "contact_point_obj": [
                -0.004282968431620751,
                0.004580781129287503,
                0.039624897055619,
                1.0
            ],
            "obj_pose": [
                0.4985750944282076,
                -0.10084104085753037,
                1.248049443824072,
                -0.017907426584074796,
                0.012528748086267942,
                -0.7655285891027188,
                0.6430305854397033
            ]
        }
    ]
}