{
    "hook_path": "models/hook_1120/Hook209#21/base.urdf",
    "obj_path": "models/geo_data/hanging_exp/daily_5/base.urdf",
    "hook_pose": [
        0.5,
        -0.1,
        1.3,
        0.0,
        0.0,
        -0.7071067811865475,
        0.7071067811865476
    ],
    "contact_info": [
        {
            "contact_point_hook": [
                -0.0071874653592202695,
                -0.0026079462481309323,
                -0.03267457032615506,
                1.0
            ],
            "contact_point_obj": [
                0.0021306800488811164,
                0.004639281679816865,
                0.04065004598257094,
                1.0
            ],
            "obj_pose": [
                0.5000048559255349,
                -0.09522213697861283,
                1.2265105297997143,
                0.015306133964637723,
                0.019384781300387594,
                0.7025992512257893,
                0.7111569761268977
            ]
        }
    ]
}