{
    "hook_path": "models/hook_1120/Hook136#24/base.urdf",
    "obj_path": "models/geo_data/hanging_exp/daily_5/base.urdf",
    "hook_pose": [
        0.5,
        -0.1,
        1.3,
        0.0,
        0.0,
        -0.7071067811865475,
        0.7071067811865476
    ],
    "contact_info": [
        {
            "contact_point_hook": [
                -0.007034825611180641,
                -0.05346372481416861,
                -0.011021923587628546,
                1.0
            ],
            "contact_point_obj": [
                -0.0034569750784894694,
                -0.0001670780825184237,
                0.04198831750712917,
                1.0
            ],
            "obj_pose": [
                0.44736375390978494,
                -0.09748740590587122,
                1.2470989396026662,
                -0.0010368042356046487,
                -0.016388466450431013,
                -0.7288547141016989,
                0.6844714376335296
            ]
        }
    ]
}