{
    "hook_path": "models/hook_1120/Hook42#23/base.urdf",
    "obj_path": "models/geo_data/hanging_exp/daily_5/base.urdf",
    "hook_pose": [
        0.5,
        -0.1,
        1.3,
        0.0,
        0.0,
        -0.7071067811865475,
        0.7071067811865476
    ],
    "contact_info": [
        {
            "contact_point_hook": [
                -0.0042348782166394825,
                -0.005036340802499317,
                -0.017446917150743646,
                1.0
            ],
            "contact_point_obj": [
                -0.0014438845881191709,
                -0.005663828723103448,
                0.04040737989427612,
                1.0
            ],
            "obj_pose": [
                0.4996981889268921,
                -0.0916535138719067,
                1.242209570148293,
                0.0388065355422904,
                0.05393508804104367,
                -0.6886066102981859,
                0.7220844793587883
            ]
        }
    ]
}