{
    "hook_path": "models/hook_1120/Hook122#14/base.urdf",
    "obj_path": "models/geo_data/hanging_exp/daily_5/base.urdf",
    "hook_pose": [
        0.5,
        -0.1,
        1.3,
        0.7071067811865476,
        -0.7071067811865475,
        -4.329780281177466e-17,
        4.329780281177467e-17
    ],
    "contact_info": [
        {
            "contact_point_hook": [
                -0.003492853635467058,
                0.00032399564935348124,
                0.0492893617456045,
                1.0
            ],
            "contact_point_obj": [
                -0.002353645999063486,
                -0.0014527338140203072,
                0.041101406837067866,
                1.0
            ],
            "obj_pose": [
                0.49088337306934904,
                -0.09519158988802426,
                1.2104870795441354,
                -0.06454789743149436,
                0.10722341197542128,
                -0.8028269571239324,
                0.5829284568252351
            ]
        }
    ]
}