{
    "hook_path": "models/hook/Hook124#3/base.urdf",
    "obj_path": "models/geo_data/hanging_exp/daily_5/base.urdf",
    "hook_pose": [
        0.5,
        -0.1,
        1.3,
        0.0,
        0.0,
        -0.7071067811865475,
        0.7071067811865476
    ],
    "contact_info": [
        {
            "contact_point_hook": [
                -0.006623413153044682,
                0.005508926718554963,
                -0.00337248215601349,
                1.0
            ],
            "contact_point_obj": [
                -0.005134841815685687,
                0.004266546984403707,
                0.03849443623271309,
                1.0
            ],
            "obj_pose": [
                0.500812402555848,
                -0.09623262953365386,
                1.2579470663797454,
                0.016165419934522224,
                0.01224854550096261,
                -0.7615050248159579,
                0.6478416083515312
            ]
        }
    ]
}