{
    "hook_path": "models/hook_1120/Hook_180#1/base.urdf",
    "obj_path": "models/geo_data/hanging_exp/daily_5/base.urdf",
    "hook_pose": [
        0.5,
        -0.1,
        1.3,
        4.329780281177466e-17,
        0.7071067811865475,
        0.7071067811865476,
        4.329780281177467e-17
    ],
    "contact_info": [
        {
            "contact_point_hook": [
                0.00024734619543337333,
                -0.013432785349690057,
                0.03270072402084201,
                1.0
            ],
            "contact_point_obj": [
                -0.0013048550707830953,
                -5.075991733977103e-05,
                0.04067184908303845,
                1.0
            ],
            "obj_pose": [
                0.49299385684415775,
                -0.06911402916075868,
                1.2464806849215313,
                -0.06576951288669065,
                0.04928780477045279,
                -0.7489850071954742,
                0.6574698034677734
            ]
        }
    ]
}