{
    "hook_path": "models/hook_1120/Hook35#14/base.urdf",
    "obj_path": "models/geo_data/hanging_exp/daily_5/base.urdf",
    "hook_pose": [
        0.5,
        -0.1,
        1.3,
        0.0,
        0.0,
        -0.7071067811865475,
        0.7071067811865476
    ],
    "contact_info": [
        {
            "contact_point_hook": [
                -0.0003057630915899019,
                0.0043111567087458225,
                0.0318746091966966,
                1.0
            ],
            "contact_point_obj": [
                -0.009765323688857533,
                0.0015042625368000828,
                0.04306132149188158,
                1.0
            ],
            "obj_pose": [
                0.491927195916578,
                -0.10834380187158808,
                1.2903568503193104,
                -0.08135574152599923,
                0.10251160068655989,
                -0.6928744348062612,
                0.7090822467368212
            ]
        }
    ]
}