{
    "file": "models/everyday_objects/mug_166/base.urdf",
    "contact_pose": [
        -0.01790841297180655,
        0.05245965795694829,
        -0.0014418969175874902,
        -0.41253248014118316,
        -0.5887442171089156,
        -0.3418676431809447,
        0.6052468208882065
    ],
    "obj_pose": [
        0.4952064733368476,
        -0.06616917234689015,
        1.2427554529242455,
        0.7079509360153436,
        0.12468919241132188,
        -0.18606725177028732,
        0.6698037438753709
    ],
    "initial_pose": [
        {
            "robot_pose": [
                0.48926958441734314,
                0.10908261686563492,
                1.2525078058242798,
                0.7169574499130249,
                -0.048541489988565445,
                0.6945925354957581,
                0.0340135283768177
            ],
            "obj_pose": [
                0.5336786054541419,
                0.07092314343264915,
                1.256941763687229,
                0.640907815309728,
                0.013560705003416364,
                0.061130378498668446,
                0.7650597077217774
            ]
        },
        {
            "robot_pose": [
                0.45629046543414303,
                0.10845652158626709,
                1.2251416755562106,
                0.7229813196073079,
                -0.04779727790627598,
                0.6887954668338054,
                0.023963234189608752
            ],
            "obj_pose": [
                0.5013355668368757,
                0.07092314343264915,
                1.2283277245914634,
                0.6467205589482111,
                0.024025041148197854,
                0.06199530616931952,
                0.759823596662089
            ]
        },
        {
            "robot_pose": [
                0.458553682098225,
                0.10833493998286536,
                1.255449586119821,
                0.7141819900124058,
                -0.033008783335405786,
                0.6980013746800351,
                0.040602786966134556
            ],
            "obj_pose": [
                0.5034205021921779,
                0.07092314343264915,
                1.26139033337939,
                0.6284390163229383,
                0.016019025261967506,
                0.06816951347859841,
                0.7747004008162157
            ]
        },
        {
            "robot_pose": [
                0.4622436959999866,
                0.10969466860800395,
                1.2824888853812886,
                0.7096314341461182,
                -0.04671849786939007,
                0.701399601216009,
                0.04774106243659652
            ],
            "obj_pose": [
                0.5059122952794594,
                0.07092314343264915,
                1.2886361463165061,
                0.6314207493816298,
                0.0018506554075233097,
                0.06049547473408268,
                0.7730748410481366
            ]
        },
        {
            "robot_pose": [
                0.4884469510724863,
                0.10851837351605104,
                1.2838743422700478,
                0.7121207167316775,
                -0.0450378049946472,
                0.7000405726230108,
                0.028264422946051408
            ],
            "obj_pose": [
                0.5332749896268831,
                0.07092314343264915,
                1.2888755600019184,
                0.6412982241306051,
                0.011939708002471747,
                0.0708425623760978,
                0.7639210446477677
            ]
        },
        {
            "robot_pose": [
                0.5194183611863886,
                0.10846340471563382,
                1.2818698707462166,
                0.7261734605613396,
                -0.03744076347116992,
                0.6854980920052882,
                0.03691422847864806
            ],
            "obj_pose": [
                0.5644001011850959,
                0.07092314343264915,
                1.2857862969173497,
                0.6346385368685449,
                0.02829144846430003,
                0.05703792327657373,
                0.7701819244655383
            ]
        },
        {
            "robot_pose": [
                0.5159094647117816,
                0.11018122315643974,
                1.2558545962407224,
                0.7109319067693648,
                -0.05950442463393356,
                0.6995903381529889,
                0.04010493921259991
            ],
            "obj_pose": [
                0.5592995556003069,
                0.07092314343264915,
                1.2607606877141873,
                0.6426659049134236,
                -0.00044210494419595755,
                0.056845985951715305,
                0.7640346020215355
            ]
        },
        {
            "robot_pose": [
                0.5190438485713754,
                0.1082019154050054,
                1.2206425085233508,
                0.7112973874798586,
                -0.03816534325508642,
                0.7011505781757827,
                0.03142132814371139
            ],
            "obj_pose": [
                0.5640614796298898,
                0.07092314343264915,
                1.2262703499010488,
                0.6357257349501205,
                0.013375112394750387,
                0.07346215178158765,
                0.7682950009899686
            ]
        },
        {
            "robot_pose": [
                0.49100205729005053,
                0.1091031980840432,
                1.2258613248056693,
                0.717780730327973,
                -0.04985486549324497,
                0.693709852738346,
                0.032740735639789804
            ],
            "obj_pose": [
                0.5354169158968956,
                0.07092314343264915,
                1.230053019714715,
                0.6424243420963589,
                0.014254484545456612,
                0.06041563728915974,
                0.7638309532372648
            ]
        }
    ]
}