{
    "hook_path": "models/hook_1120/Hook12#24/base.urdf",
    "obj_path": "models/geo_data/hanging_exp/daily_5/base.urdf",
    "hook_pose": [
        0.5,
        -0.1,
        1.3,
        0.5,
        -0.4999999999999999,
        -0.5,
        0.5000000000000001
    ],
    "contact_info": [
        {
            "contact_point_hook": [
                0.007005567569708173,
                0.022770107541302265,
                0.0039584049140089506,
                1.0
            ],
            "contact_point_obj": [
                0.004290346226353714,
                0.007818670241190984,
                0.04045006765969261,
                1.0
            ],
            "obj_pose": [
                0.5102161896718996,
                -0.08541777685111632,
                1.2903850058899011,
                0.14545712436754057,
                -0.29074964467016323,
                0.7271029880183867,
                0.604671906003275
            ]
        }
    ]
}