{
    "hook_path": "models/hook_1120/Hook35#23/base.urdf",
    "obj_path": "models/geo_data/hanging_exp/daily_5/base.urdf",
    "hook_pose": [
        0.5,
        -0.1,
        1.3,
        0.0,
        0.0,
        -0.7071067811865475,
        0.7071067811865476
    ],
    "contact_info": [
        {
            "contact_point_hook": [
                0.0017018441360538443,
                0.006696531620714485,
                0.03341775037093808,
                1.0
            ],
            "contact_point_obj": [
                -0.004429587371714061,
                0.009250167892478234,
                0.04763010318223726,
                1.0
            ],
            "obj_pose": [
                0.4790402521164197,
                -0.12885109301756714,
                1.3038904398157383,
                -0.33944732896248403,
                0.06988564845730381,
                -0.5325461725943853,
                0.77219562356634
            ]
        }
    ]
}