{
    "hook_path": "models/hook/Hook_180#11/base.urdf",
    "obj_path": "models/geo_data/hanging_exp/daily_5/base.urdf",
    "hook_pose": [
        0.5,
        -0.1,
        1.3,
        4.329780281177466e-17,
        0.7071067811865475,
        0.7071067811865476,
        4.329780281177467e-17
    ],
    "contact_info": [
        {
            "contact_point_hook": [
                -0.0031842319762500626,
                -0.015203095637752906,
                0.033653764108602394,
                1.0
            ],
            "contact_point_obj": [
                -0.0029371192747466926,
                -0.00028459764949034794,
                0.04193147143082676,
                1.0
            ],
            "obj_pose": [
                0.4968409059895422,
                -0.06930023117995218,
                1.2433482362404369,
                -0.056184351890949134,
                0.05029756896570969,
                -0.7425849076127689,
                0.6654931465796393
            ]
        }
    ]
}