{
    "hook_path": "models/hook/Hook44#1/base.urdf",
    "obj_path": "models/geo_data/hanging_exp/daily_5/base.urdf",
    "hook_pose": [
        0.5,
        -0.1,
        1.3,
        0.0,
        0.0,
        -0.7071067811865475,
        0.7071067811865476
    ],
    "contact_info": [
        {
            "contact_point_hook": [
                0.006079303209554701,
                0.0007948941079796157,
                -0.038453545785002374,
                1.0
            ],
            "contact_point_obj": [
                -0.004319670103069925,
                0.0016710083487728733,
                0.040849040553935234,
                1.0
            ],
            "obj_pose": [
                0.49607572287740315,
                -0.10779533494596479,
                1.2207435059041927,
                -0.003982651256682913,
                0.04390743235932022,
                -0.738121843035821,
                0.6732253862607844
            ]
        }
    ]
}