{
    "hook_path": "models/hook/Hook209#2/base.urdf",
    "obj_path": "models/geo_data/hanging_exp/daily_5/base.urdf",
    "hook_pose": [
        0.5,
        -0.1,
        1.3,
        0.0,
        0.0,
        -0.7071067811865475,
        0.7071067811865476
    ],
    "contact_info": [
        {
            "contact_point_hook": [
                -0.006980373660523301,
                0.0004499331130577433,
                -0.03972177249430331,
                1.0
            ],
            "contact_point_obj": [
                0.001718726661297451,
                0.000732506959723378,
                0.040632911611843125,
                1.0
            ],
            "obj_pose": [
                0.4997150753208801,
                -0.09454405912105097,
                1.2196376051856845,
                0.011599869025950548,
                0.008239890867325267,
                0.6338416091141146,
                0.7733319867900884
            ]
        }
    ]
}