{
    "hook_path": "models/hook/Hook136#14/base.urdf",
    "obj_path": "models/geo_data/hanging_exp/daily_5/base.urdf",
    "hook_pose": [
        0.5,
        -0.1,
        1.3,
        0.0,
        0.0,
        -0.7071067811865475,
        0.7071067811865476
    ],
    "contact_info": [
        {
            "contact_point_hook": [
                -0.006573302126823314,
                -0.04009888960974001,
                -0.013920107565433382,
                1.0
            ],
            "contact_point_obj": [
                -0.004282844069519343,
                0.0028311152203700507,
                0.042970989098630064,
                1.0
            ],
            "obj_pose": [
                0.4596623517134685,
                -0.09839562837958477,
                1.2430901658159181,
                0.01403241978975599,
                -0.023686473791145357,
                -0.6837469474578133,
                0.7291996667554831
            ]
        }
    ]
}