{
    "hook_path": "models/hook_1120/Hook186#3/base.urdf",
    "obj_path": "models/geo_data/hanging_exp/daily_5/base.urdf",
    "hook_pose": [
        0.5,
        -0.1,
        1.3,
        -0.5,
        0.5,
        0.4999999999999999,
        0.5000000000000001
    ],
    "contact_info": [
        {
            "contact_point_hook": [
                -0.012463464659732137,
                -0.0002534447406289386,
                0.0065448366728094315,
                1.0
            ],
            "contact_point_obj": [
                0.00016521561791532635,
                0.0004242042734292073,
                0.04060033526662332,
                1.0
            ],
            "obj_pose": [
                0.49755343101121874,
                -0.09384004473423337,
                1.2719522777925012,
                0.01925691082484338,
                0.031727653187818,
                0.5335458544327126,
                0.8449564181816387
            ]
        }
    ]
}