{
    "hook_path": "models/hook_1120/Hook122#8/base.urdf",
    "obj_path": "models/geo_data/hanging_exp/daily_5/base.urdf",
    "hook_pose": [
        0.5,
        -0.1,
        1.3,
        0.7071067811865476,
        -0.7071067811865475,
        -4.329780281177466e-17,
        4.329780281177467e-17
    ],
    "contact_info": [
        {
            "contact_point_hook": [
                -0.006400239354948475,
                0.0014459904713206573,
                0.04529882964820975,
                1.0
            ],
            "contact_point_obj": [
                -0.0049670754636032995,
                -0.004288985713449711,
                0.04506871103743881,
                1.0
            ],
            "obj_pose": [
                0.5016856746187511,
                -0.09949241744295946,
                1.2096486984849417,
                -0.016840122809456216,
                0.0019120133719146587,
                -0.70453718079352,
                0.7094646681464462
            ]
        }
    ]
}