{
    "hook_path": "models/hook/Hook40#19/base.urdf",
    "obj_path": "models/geo_data/hanging_exp/daily_5/base.urdf",
    "hook_pose": [
        0.5,
        -0.1,
        1.3,
        0.0,
        0.0,
        -0.7071067811865475,
        0.7071067811865476
    ],
    "contact_info": [
        {
            "contact_point_hook": [
                0.0011536560410244372,
                0.001466732192006992,
                -0.03906423317396701,
                1.0
            ],
            "contact_point_obj": [
                0.00486450237259984,
                0.0008863300693252307,
                0.0431042847980736,
                1.0
            ],
            "obj_pose": [
                0.49415234208369035,
                -0.10536570587692838,
                1.218377728034267,
                0.07907302603721766,
                0.06301244679875946,
                0.7382786728271269,
                0.6668744179756539
            ]
        }
    ]
}