{
    "hook_path": "models/hook_all_new_2/Hook_omni_57_devil/base.urdf",
    "obj_path": "models/geo_data/hanging_exp/daily_5/base.urdf",
    "hook_pose": [
        0.5,
        -0.1,
        1.3,
        4.329780281177466e-17,
        0.7071067811865475,
        0.7071067811865476,
        4.329780281177467e-17
    ],
    "contact_info": [
        {
            "contact_point_hook": [
                -0.00021528874959553246,
                0.007336528514537921,
                0.03699797622499441,
                1.0
            ],
            "obj_pose": [
                0.5023544206189005,
                -0.0703656699105879,
                1.261183879891742,
                0.02543991362929269,
                -0.062272632973147606,
                -0.6973787523634384,
                0.7135389307733251
            ],
            "contact_point_obj": [
                -0.004929719077697181,
                0.003753728324492167,
                0.046373198487321465,
                1.0
            ]
        }
    ]
}