{
    "hook_path": "models/hook/Hook_bar#2/base.urdf",
    "obj_path": "models/geo_data/hanging_exp/daily_5/base.urdf",
    "hook_pose": [
        0.5,
        -0.1,
        1.3,
        4.329780281177466e-17,
        0.7071067811865475,
        0.7071067811865476,
        4.329780281177467e-17
    ],
    "contact_info": [
        {
            "contact_point_hook": [
                -0.0012605430058389988,
                -0.002790812248333774,
                0.024419119186523067,
                1.0
            ],
            "contact_point_obj": [
                -0.0008549886134636281,
                0.0010715193081635155,
                0.04063676207703448,
                1.0
            ],
            "obj_pose": [
                0.4990526755777339,
                -0.0767157110582957,
                1.2566251629020067,
                -0.010999437951487936,
                0.012522229962927844,
                -0.6237889724792697,
                0.7814150778777973
            ]
        }
    ]
}