{
    "hook_path": "models/hook_1120/Hook124#13/base.urdf",
    "obj_path": "models/geo_data/hanging_exp/daily_5/base.urdf",
    "hook_pose": [
        0.5,
        -0.1,
        1.3,
        0.0,
        0.0,
        -0.7071067811865475,
        0.7071067811865476
    ],
    "contact_info": [
        {
            "contact_point_hook": [
                -0.0019292371969642644,
                0.0009020059681230652,
                -0.0021308679833274002,
                1.0
            ],
            "contact_point_obj": [
                -0.0008655152302263682,
                -0.0002580815831607075,
                0.04064323466101283,
                1.0
            ],
            "obj_pose": [
                0.4938937405256805,
                -0.09886621366875344,
                1.2578324023820489,
                -0.06310516709440452,
                0.06356087131349515,
                -0.7088363424873121,
                0.6996633426820836
            ]
        }
    ]
}