{
    "hook_path": "models/hook_1120/Hook122#21/base.urdf",
    "obj_path": "models/geo_data/hanging_exp/daily_5/base.urdf",
    "hook_pose": [
        0.5,
        -0.1,
        1.3,
        0.7071067811865476,
        -0.7071067811865475,
        -4.329780281177466e-17,
        4.329780281177467e-17
    ],
    "contact_info": [
        {
            "contact_point_hook": [
                -0.0036759128181954033,
                -0.0013310795277580723,
                0.032912873902443796,
                1.0
            ],
            "contact_point_obj": [
                -0.001862159670477176,
                -0.0007800726419127102,
                0.040895980174875834,
                1.0
            ],
            "obj_pose": [
                0.5025283595448681,
                -0.09809151658827399,
                1.2261970287599044,
                0.006654305380928216,
                -0.003443055017378133,
                -0.738908334317803,
                0.6737643052787337
            ]
        }
    ]
}