{
    "hook_path": "models/hook/Hook15#6/base.urdf",
    "obj_path": "models/geo_data/hanging_exp/daily_5/base.urdf",
    "hook_pose": [
        0.5,
        -0.1,
        1.3,
        0.0,
        0.0,
        -0.7071067811865475,
        0.7071067811865476
    ],
    "contact_info": [
        {
            "contact_point_hook": [
                -0.008838475068131402,
                -0.0005362867027016716,
                0.011091509233126962,
                1.0
            ],
            "contact_point_obj": [
                -0.004454414433266947,
                -0.001441540416992737,
                0.04335633574142106,
                1.0
            ],
            "obj_pose": [
                0.5019858321519176,
                -0.09616222927754978,
                1.2678442715390243,
                0.0040447526504238905,
                -0.0131520380860428,
                -0.7049896190224791,
                0.7090841282532843
            ]
        }
    ]
}