{
    "hook_path": "models/hook/Hook_180/base.urdf",
    "obj_path": "models/geo_data/hanging_exp/scissor_4/base.urdf",
    "hook_pose": [
        0.5,
        -0.1,
        1.3,
        4.329780281177466e-17,
        0.7071067811865475,
        0.7071067811865476,
        4.329780281177467e-17
    ],
    "contact_info": [
        {
            "contact_pose": [
                [
                    0.06816150248050706,
                    -0.0010241438112605675,
                    0.016311267089768544
                ],
                [
                    0.044708335095291436,
                    -0.9976128589798413,
                    -0.05262839890282145
                ],
                [
                    0.9989063783450083,
                    0.045363597572358985,
                    -0.011322160436605791
                ],
                [
                    0.013682546351695923,
                    -0.052064648403311264,
                    0.9985499788753557
                ]
            ],
            "object_pose": [
                0.49197207949044136,
                -0.06669891831242196,
                1.2242428962126264,
                0.68815211455006,
                -0.020355417918221503,
                0.7251895313728579,
                -0.011509465186115623
            ]
        }
    ],
    "initial_pose": [
        {
            "robot_pose": [
                0.47831490635871887,
                0.07057324051856995,
                1.2175170183181763,
                0.7263100147247314,
                -0.08810997009277344,
                0.6802939772605896,
                0.04370944947004318
            ],
            "object_pose": [
                0.4978112687480059,
                0.059888257733932915,
                1.2235675272950306,
                0.6275282917265718,
                0.0014432604475576795,
                0.7771372701046646,
                0.04757965422615564
            ]
        }
    ]
}