{
    "hook_path": "models/hook/Hook_180/base.urdf",
    "obj_path": "models/geo_data/hanging_exp/daily_5/base.urdf",
    "hook_pose": [
        0.5,
        -0.1,
        1.3,
        4.329780281177466e-17,
        0.7071067811865475,
        0.7071067811865476,
        4.329780281177467e-17
    ],
    "contact_info": [
        {
            "contact_pose": [
                [
                    -0.0010098155858991164,
                    0.00019089697721902241,
                    0.04163900017738318
                ],
                [
                    -0.9987512674452202,
                    -0.033153294498493656,
                    -0.03737331722582876
                ],
                [
                    0.03316072255202279,
                    0.11959753030351492,
                    -0.9922685106487698
                ],
                [
                    0.037366726594579264,
                    -0.9922687588598142,
                    -0.1183487977734036
                ]
            ],
            "object_pose": [
                0.5028548703602715,
                -0.06852083294165888,
                1.240992858542569,
                -0.02965908994886727,
                -0.054643928789005744,
                0.7181230393598415,
                0.693133233780123
            ]
        }
    ],
    "initial_pose": [
        {
            "robot_pose": [
                0.5063311457633972,
                0.08790799975395203,
                1.2414079904556274,
                0.7424630522727966,
                -0.022481556981801987,
                0.6691621541976929,
                0.021567773073911667
            ],
            "object_pose": [
                0.5376434554953228,
                0.09445076967192056,
                1.2375346332510908,
                0.002692734695712866,
                0.007442646707012203,
                0.7327313127938927,
                0.6804720269351207
            ]
        }
    ]
}