{
    "hook_path": "models/hook_all_new_1/Hook_hcu_38_normal/base.urdf",
    "obj_path": "models/geo_data/hanging_exp/daily_5/base.urdf",
    "hook_pose": [
        0.5,
        -0.1,
        1.3,
        4.329780281177466e-17,
        0.7071067811865475,
        0.7071067811865476,
        4.329780281177467e-17
    ],
    "contact_info": [
        {
            "contact_point_hook": [
                -0.003937275585569333,
                0.0077008403341474185,
                0.038602232074341665,
                1.0
            ],
            "obj_pose": [
                0.4985282045043622,
                -0.06377043934053761,
                1.267212804040011,
                0.0037315321137267854,
                0.0004584945397509934,
                0.7146235034064166,
                0.6994991878694218
            ],
            "contact_point_obj": [
                0.0024464538996249903,
                -0.00522062126419065,
                0.04050837789263739,
                1.0
            ]
        }
    ],
    "initial_pose": [
        {
            "robot_pose": [
                0.49343791604042053,
                0.09260500967502594,
                1.3181910514831543,
                0.7122836709022522,
                -0.06025303900241852,
                0.6983142495155334,
                0.037131715565919876
            ],
            "obj_pose": [
                0.5197714943313271,
                0.08497203274585033,
                1.3246500048469387,
                -0.012114064189029269,
                0.03918862409843929,
                -0.7050869723140515,
                0.7079335157082898
            ]
        },
        {
            "robot_pose": [
                0.4650143902506943,
                0.09211575243323805,
                1.287549443854039,
                0.6999589067187146,
                -0.05392662037739311,
                0.7115053645734268,
                0.03015899041827077
            ],
            "obj_pose": [
                0.49123022435404134,
                0.08497203274585033,
                1.2949747433263825,
                -0.00014340325383202255,
                0.02569820469683523,
                -0.6987305619130242,
                0.7149232011618981
            ]
        },
        {
            "robot_pose": [
                0.4638934430643545,
                0.09350770743240386,
                1.3220713349958535,
                0.7017884509900637,
                -0.07532146013061489,
                0.706997945795004,
                0.04442468168038863
            ],
            "obj_pose": [
                0.4897811618296791,
                0.08497203274585033,
                1.3291710558166294,
                0.0012599283911350948,
                0.032835675297122814,
                -0.7163379133288954,
                0.6969793576109949
            ]
        },
        {
            "robot_pose": [
                0.45872632940874286,
                0.09173319611820047,
                1.3426472591390073,
                0.7074823434128109,
                -0.04107304631828634,
                0.7044914204600281,
                0.03838719999511887
            ],
            "obj_pose": [
                0.4851490719618176,
                0.08497203274585033,
                1.3496873661542803,
                -0.01820386746784007,
                0.02363298713409137,
                -0.6965925994699667,
                0.7168464629835372
            ]
        },
        {
            "robot_pose": [
                0.49113340789671334,
                0.09242370536595992,
                1.3437435062935292,
                0.7112449734943973,
                -0.06661057316871181,
                0.6994973383435468,
                0.019927189249450514
            ],
            "obj_pose": [
                0.5175432272317135,
                0.08497203274585033,
                1.350102105102664,
                0.0013388338982801686,
                0.04877379103891129,
                -0.6990657572662509,
                0.7133907707906297
            ]
        },
        {
            "robot_pose": [
                0.527671996428406,
                0.09264594282756826,
                1.346675387783914,
                0.7079834902182024,
                -0.05562849467935045,
                0.7024912934487004,
                0.04659217516851656
            ],
            "obj_pose": [
                0.5538833556242574,
                0.08497203274585033,
                1.3535683925078308,
                -0.015635021097618013,
                0.02820183817599219,
                -0.707923965937032,
                0.705552167377265
            ]
        },
        {
            "robot_pose": [
                0.5250636082454354,
                0.09303813217998684,
                1.314577010598958,
                0.7071053974997861,
                -0.06806783580739796,
                0.7027094911862886,
                0.03959921150571365
            ],
            "obj_pose": [
                0.5511892812301376,
                0.08497203274585033,
                1.321346428001896,
                -0.004669596682651512,
                0.03668636725736346,
                -0.7102691881698495,
                0.7029580255326928
            ]
        },
        {
            "robot_pose": [
                0.525477511596809,
                0.0930832989424177,
                1.2911580221354169,
                0.7007813811627958,
                -0.07011322637335511,
                0.7089199712355514,
                0.03771028621567468
            ],
            "obj_pose": [
                0.5514718540720578,
                0.08497203274585033,
                1.2983649133464783,
                0.0032421981828757184,
                0.03181939969371591,
                -0.7104170649984244,
                0.7030537729883105
            ]
        },
        {
            "robot_pose": [
                0.49456717205029016,
                0.09210693596046901,
                1.2863381368085283,
                0.7096531508236321,
                -0.06047044775702448,
                0.7016996891719702,
                0.01879565615019741
            ],
            "obj_pose": [
                0.5210173421981988,
                0.08497203274585033,
                1.2928894279961398,
                0.00031363725926872576,
                0.04433658495693351,
                -0.6955891681412981,
                0.7170703438509525
            ]
        }
    ]
}