{
    "hook_path": "models/hook_all_new/Hook_hs_94_hard/base.urdf",
    "obj_path": "models/everyday_objects_50/mug_128/base.urdf",
    "hook_pose": [
        0.5,
        -0.1,
        1.3,
        4.329780281177466e-17,
        0.7071067811865475,
        0.7071067811865476,
        4.329780281177467e-17
    ],
    "contact_info": [
        {
            "contact_point_hook": [
                0.0007055955950415749,
                0.001391724001876149,
                0.025547443844573404,
                1.0
            ],
            "obj_pose": [
                0.49697481979567243,
                -0.07723509688906252,
                1.2541808462579194,
                0.6952339021873978,
                0.09095304867512645,
                -0.16335595790923335,
                0.6940404852755643
            ],
            "contact_point_obj": [
                -0.014805552080162349,
                0.044921010923838045,
                -0.0022109699751130633,
                1.0
            ]
        }
    ],
    "initial_pose": [
        {
            "robot_pose": [
                0.5040333271026611,
                0.03969869017601013,
                1.2530685663223267,
                0.7123138308525085,
                -0.05436628311872482,
                0.6980177164077759,
                0.049239929765462875
            ],
            "obj_pose": [
                0.5470520341380957,
                0.005364331728205435,
                1.2543987839413058,
                0.7285053757450842,
                -0.043308031359951336,
                -0.052916577025161504,
                0.6816187848102334
            ]
        },
        {
            "robot_pose": [
                0.4971082194741484,
                0.039620417632761716,
                1.22761767938341,
                0.7196387827909103,
                -0.061614087860892335,
                0.6904299282948048,
                0.04037623800105669
            ],
            "obj_pose": [
                0.540208498568145,
                0.005364331728205435,
                1.2272810424038836,
                0.7362293111379236,
                -0.03529848816395582,
                -0.0597724799675151,
                0.6731624386381423
            ]
        },
        {
            "robot_pose": [
                0.4913568833872666,
                0.03836286373917696,
                1.2569153019083639,
                0.7108216407883505,
                -0.045439439278934665,
                0.7009616959246758,
                0.03633941649745358
            ],
            "obj_pose": [
                0.5354050604250501,
                0.005364331728205435,
                1.2583581424074104,
                0.7311169583674384,
                -0.034237173819005796,
                -0.040034994857169805,
                0.6802154131620504
            ]
        },
        {
            "robot_pose": [
                0.4921235130252413,
                0.03975397706748448,
                1.2857073805952066,
                0.7084820623247715,
                -0.05301194186462148,
                0.7018344530641948,
                0.05168463868368607
            ],
            "obj_pose": [
                0.5350726058927097,
                0.005364331728205435,
                1.2876959778990633,
                0.726632322071604,
                -0.04756573747140652,
                -0.049517872681531266,
                0.6835868265441674
            ]
        },
        {
            "robot_pose": [
                0.5045007971619992,
                0.040521826209753455,
                1.2799312368623696,
                0.7070718759057979,
                -0.054477415400787675,
                0.7021724751309426,
                0.06352470923027977
            ],
            "obj_pose": [
                0.5467926459018959,
                0.005364331728205435,
                1.282495786701687,
                0.7210727692484616,
                -0.05522843363082773,
                -0.05509711499457936,
                0.6884534766317287
            ]
        },
        {
            "robot_pose": [
                0.5533715401273415,
                0.039287120613331505,
                1.281232721000191,
                0.7154524670274475,
                -0.04199704974895205,
                0.6951666265218231,
                0.05574384815377791
            ],
            "obj_pose": [
                0.5966999233053791,
                0.005364331728205435,
                1.2829997550601437,
                0.7195077373804337,
                -0.03732188714658089,
                -0.05319484665585361,
                0.6914376333978118
            ]
        },
        {
            "robot_pose": [
                0.5513565669960534,
                0.03910163512205019,
                1.2482040354813653,
                0.7040662299627897,
                -0.044510439032716474,
                0.7069740002422763,
                0.049973269099919254
            ],
            "obj_pose": [
                0.5947687654498279,
                0.005364331728205435,
                1.2511026884544705,
                0.7236577992008331,
                -0.04692010545511515,
                -0.03966047196397079,
                0.6874190427413854
            ]
        },
        {
            "robot_pose": [
                0.5577347568540535,
                0.039414121035218824,
                1.2388168762729037,
                0.7098074627233065,
                -0.06253735775944352,
                0.7007074045885132,
                0.03565919098351453
            ],
            "obj_pose": [
                0.6009936539934043,
                0.005364331728205435,
                1.2395285435910974,
                0.7391192458763022,
                -0.04311577809583871,
                -0.047571016361524616,
                0.6705078436951862
            ]
        },
        {
            "robot_pose": [
                0.5050556819632155,
                0.03950322386088465,
                1.2184150761890558,
                0.7150098501346684,
                -0.04212678374348821,
                0.6953159326269268,
                0.05934645850407138
            ],
            "obj_pose": [
                0.5482055847609851,
                0.005364331728205435,
                1.2203768958629928,
                0.7176788381502526,
                -0.03951871123125745,
                -0.05470884341418316,
                0.6930961687862706
            ]
        }
    ]
}