{
    "hook_path": "models/hook/Hook_bar#14/base.urdf",
    "obj_path": "models/geo_data/hanging_exp/daily_5/base.urdf",
    "hook_pose": [
        0.5,
        -0.1,
        1.3,
        4.329780281177466e-17,
        0.7071067811865475,
        0.7071067811865476,
        4.329780281177467e-17
    ],
    "contact_info": [
        {
            "contact_point_hook": [
                0.002894586734991822,
                -0.0009568522030938276,
                0.026028036703678068,
                1.0
            ],
            "contact_point_obj": [
                -0.0011892112136472344,
                -0.0032266891800866726,
                0.04064903796875874,
                1.0
            ],
            "obj_pose": [
                0.4983921324691013,
                -0.07340706987332939,
                1.2582731185686653,
                -0.010895933421052589,
                0.024309898292659164,
                -0.5435964960128931,
                0.8389238088184107
            ]
        }
    ]
}