{
    "hook_path": "models/hook_1120/Hook145#9/base.urdf",
    "obj_path": "models/geo_data/hanging_exp/daily_5/base.urdf",
    "hook_pose": [
        0.5,
        -0.1,
        1.3,
        0.0,
        0.0,
        -0.7071067811865475,
        0.7071067811865476
    ],
    "contact_info": [
        {
            "contact_point_hook": [
                -0.030018018784398776,
                0.00033941622239019864,
                0.04139593540104203,
                1.0
            ],
            "contact_point_obj": [
                -8.734525396514314e-05,
                -0.0014275200970923496,
                0.04069563366891593,
                1.0
            ],
            "obj_pose": [
                0.5025498950298309,
                -0.07151775322271421,
                1.300764233119208,
                -0.04305363663661611,
                -0.012448460104433203,
                0.8527923371311511,
                0.5203236011789005
            ]
        }
    ]
}