{
    "hook_path": "models/hook_1120/Hook47#24/base.urdf",
    "obj_path": "models/geo_data/hanging_exp/daily_5/base.urdf",
    "hook_pose": [
        0.5,
        -0.1,
        1.3,
        0.0,
        0.0,
        -0.7071067811865475,
        0.7071067811865476
    ],
    "contact_info": [
        {
            "contact_point_hook": [
                -0.004223019515291809,
                0.03792761059957639,
                -0.03413119049573332,
                1.0
            ],
            "contact_point_obj": [
                0.006837551490713356,
                -0.006935151262734696,
                0.04560925685621031,
                1.0
            ],
            "obj_pose": [
                0.49632066489431825,
                -0.099568400346409,
                1.2451434639362688,
                0.38277274027077396,
                0.27800297025807963,
                0.6546717975984266,
                0.5895796937331991
            ]
        }
    ]
}