{
    "hook_path": "models/hook_1120/Hook_bar#6/base.urdf",
    "obj_path": "models/geo_data/hanging_exp/daily_5/base.urdf",
    "hook_pose": [
        0.5,
        -0.1,
        1.3,
        4.329780281177466e-17,
        0.7071067811865475,
        0.7071067811865476,
        4.329780281177467e-17
    ],
    "contact_info": [
        {
            "contact_point_hook": [
                0.0002803582930587245,
                -0.0034656687990708424,
                0.024774404996807487,
                1.0
            ],
            "contact_point_obj": [
                0.0006784059377468246,
                -0.0001767268618510509,
                0.040620051598685425,
                1.0
            ],
            "obj_pose": [
                0.49803791329018365,
                -0.07481849121062968,
                1.2559450947593023,
                -0.017528633156814476,
                0.013963610422686203,
                -0.6751146957920275,
                0.73737230225257
            ]
        }
    ]
}