{
    "hook_path": "models/hook/Hook42#0/base.urdf",
    "obj_path": "models/geo_data/hanging_exp/daily_5/base.urdf",
    "hook_pose": [
        0.5,
        -0.1,
        1.3,
        0.0,
        0.0,
        -0.7071067811865475,
        0.7071067811865476
    ],
    "contact_info": [
        {
            "contact_point_hook": [
                -0.0019742787023446784,
                -0.00040721456831199765,
                -0.01650491709783042,
                1.0
            ],
            "contact_point_obj": [
                0.00022874752242035834,
                -0.0006229680383951774,
                0.04068766512024036,
                1.0
            ],
            "obj_pose": [
                0.49831808264308275,
                -0.09208425793074157,
                1.2432582757052382,
                0.0323382967922773,
                0.06703509951794251,
                -0.7157497631079685,
                0.6943794399347385
            ]
        }
    ]
}