{
    "hook_path": "models/hook_1120/Hook42#24/base.urdf",
    "obj_path": "models/geo_data/hanging_exp/daily_5/base.urdf",
    "hook_pose": [
        0.5,
        -0.1,
        1.3,
        0.0,
        0.0,
        -0.7071067811865475,
        0.7071067811865476
    ],
    "contact_info": [
        {
            "contact_point_hook": [
                -0.006293214492465685,
                0.0017466309705461702,
                -0.009906522101285287,
                1.0
            ],
            "contact_point_obj": [
                -0.002264484579305663,
                0.00221771683143851,
                0.04196944630888111,
                1.0
            ],
            "obj_pose": [
                0.4988737038974437,
                -0.09554863015226096,
                1.2481430967304141,
                -0.001608573328166329,
                0.012335670727767414,
                -0.6766558492785761,
                0.7361943393945874
            ]
        }
    ]
}