{
    "hook_path": "models/hook_1120/Hook_bar#21/base.urdf",
    "obj_path": "models/geo_data/hanging_exp/daily_5/base.urdf",
    "hook_pose": [
        0.5,
        -0.1,
        1.3,
        4.329780281177466e-17,
        0.7071067811865475,
        0.7071067811865476,
        4.329780281177467e-17
    ],
    "contact_info": [
        {
            "contact_point_hook": [
                0.0011331281881949984,
                -0.0023046282410714714,
                0.0247593175318398,
                1.0
            ],
            "contact_point_obj": [
                -0.00025628343700135475,
                -0.002272875428287413,
                0.040607870765637655,
                1.0
            ],
            "obj_pose": [
                0.49277363559184006,
                -0.07699626165207775,
                1.2575204887332365,
                -0.08554784981888247,
                0.06077001192514385,
                -0.6891153990872135,
                0.717013624544788
            ]
        }
    ]
}