{
    "hook_path": "models/hook_1120/Hook186#18/base.urdf",
    "obj_path": "models/geo_data/hanging_exp/daily_5/base.urdf",
    "hook_pose": [
        0.5,
        -0.1,
        1.3,
        -0.5,
        0.5,
        0.4999999999999999,
        0.5000000000000001
    ],
    "contact_info": [
        {
            "contact_point_hook": [
                -0.017857143679192333,
                0.0009891802679563022,
                0.0073889716895537555,
                1.0
            ],
            "contact_point_obj": [
                0.006975415125972773,
                0.00220963855418245,
                0.040566612965114546,
                1.0
            ],
            "obj_pose": [
                0.4915767340262542,
                -0.09935841245212994,
                1.2778771964162865,
                0.10457924149659106,
                0.08997652392346887,
                0.7777137712815027,
                0.6132933208096674
            ]
        }
    ]
}