{
    "hook_path": "models/hook/Hook44#16/base.urdf",
    "obj_path": "models/geo_data/hanging_exp/daily_5/base.urdf",
    "hook_pose": [
        0.5,
        -0.1,
        1.3,
        0.0,
        0.0,
        -0.7071067811865475,
        0.7071067811865476
    ],
    "contact_info": [
        {
            "contact_point_hook": [
                0.00839443274813749,
                -0.000888441926766792,
                -0.04500936575102643,
                1.0
            ],
            "contact_point_obj": [
                0.003919718510102685,
                -0.004193093565009021,
                0.04105499315119654,
                1.0
            ],
            "obj_pose": [
                0.4972200909816943,
                -0.10518903316228324,
                1.2137037543084308,
                -0.05512170416110556,
                0.04007322138835073,
                -0.6528218126434251,
                0.7544398024991049
            ]
        }
    ]
}