{
    "hook_path": "models/hook/Hook57#12/base.urdf",
    "obj_path": "models/geo_data/hanging_exp/daily_5/base.urdf",
    "hook_pose": [
        0.5,
        -0.1,
        1.3,
        0.0,
        0.0,
        -0.7071067811865475,
        0.7071067811865476
    ],
    "contact_info": [
        {
            "contact_point_hook": [
                -0.009936414092099333,
                0.0017609018335051907,
                -0.03380584414903809,
                1.0
            ],
            "contact_point_obj": [
                -0.002972761503602879,
                0.001255832331733986,
                0.04148526143001563,
                1.0
            ],
            "obj_pose": [
                0.5003061178996477,
                -0.09331377835128657,
                1.2247362109609141,
                -0.005310846308578358,
                0.002519095735017716,
                -0.6768803557429901,
                0.7360695843990618
            ]
        }
    ]
}