{
    "hook_path": "models/hook_1120/Hook_60#19/base.urdf",
    "obj_path": "models/geo_data/hanging_exp/daily_5/base.urdf",
    "hook_pose": [
        0.5,
        -0.1,
        1.3,
        4.329780281177466e-17,
        0.7071067811865475,
        0.7071067811865476,
        4.329780281177467e-17
    ],
    "contact_info": [
        {
            "contact_point_hook": [
                0.0007689860413646055,
                0.0019416992373615383,
                0.019557043829074836,
                1.0
            ],
            "contact_point_obj": [
                0.002957506495191206,
                0.000891832376068491,
                0.04063047210682602,
                1.0
            ],
            "obj_pose": [
                0.503844352628133,
                -0.0810081339462366,
                1.2614599113114005,
                -0.013009273964418687,
                -0.046310926435279655,
                0.7641625048072851,
                0.6432275826877147
            ]
        }
    ]
}