{
    "hook_path": "models/hook/Hook47#5/base.urdf",
    "obj_path": "models/geo_data/hanging_exp/daily_5/base.urdf",
    "hook_pose": [
        0.5,
        -0.1,
        1.3,
        0.0,
        0.0,
        -0.7071067811865475,
        0.7071067811865476
    ],
    "contact_info": [
        {
            "contact_point_hook": [
                -0.00878313756858345,
                0.02315716514374966,
                -0.035743395552448654,
                1.0
            ],
            "contact_point_obj": [
                0.005500847982124154,
                0.012147338073704717,
                0.03982969813391879,
                1.0
            ],
            "obj_pose": [
                0.5361525453729148,
                -0.0977435048780557,
                1.2248517185155814,
                -0.013769728141634883,
                -0.006762407278715062,
                0.6890043783870642,
                0.7245948046999492
            ]
        }
    ]
}