{
    "file": "models/everyday_objects/daily_8/base.urdf",
    "contact_pose": [
        0.003169991969806052,
        0.0584534057101902,
        -0.0014990776609308254,
        0.4461819889315119,
        0.5520103109338788,
        0.5631756618015211,
        -0.4231305038994723
    ],
    "obj_pose": [
        0.49630497647130256,
        -0.07613460990238288,
        1.243146364449181,
        0.7059787822024174,
        0.07496253896507915,
        0.09938345504186778,
        0.6972069317611822
    ],
    "initial_pose": [
        {
            "robot_pose": [
                0.5283034443855286,
                0.09726095199584961,
                1.2540770769119263,
                0.7140656113624573,
                -0.052267275750637054,
                0.696790874004364,
                0.043137796223163605
            ],
            "obj_pose": [
                0.5579105139585668,
                0.09636179368144385,
                1.2567728693403657,
                0.6864850653695521,
                -0.07236185598749117,
                -0.02544350411661054,
                0.7230868861491511
            ]
        },
        {
            "robot_pose": [
                0.4935224312657401,
                0.09782997445789868,
                1.222533068923197,
                0.7054018145039856,
                -0.06307530165693971,
                0.7045668516417907,
                0.044892515890127334
            ],
            "obj_pose": [
                0.523035234062809,
                0.09636179368144385,
                1.2259232411110492,
                0.6900217409331619,
                -0.08708167549668522,
                -0.024174532259024523,
                0.7181242029219707
            ]
        },
        {
            "robot_pose": [
                0.49386695387402757,
                0.097407307527145,
                1.257399128828682,
                0.7233464217884256,
                -0.06420082407367575,
                0.6867181350681406,
                0.03265595263772087
            ],
            "obj_pose": [
                0.5235298657083348,
                0.09636179368144385,
                1.2593156135019534,
                0.6980240092652313,
                -0.06361302737223377,
                -0.03613968427512007,
                0.7123270235350659
            ]
        },
        {
            "robot_pose": [
                0.4966945273128038,
                0.09651161869927986,
                1.2891035232051797,
                0.7157570242638508,
                -0.038649122324227035,
                0.6961345913396578,
                0.03993442501015621
            ],
            "obj_pose": [
                0.5263251120442766,
                0.09636179368144385,
                1.2916842890080693,
                0.6821038803589985,
                -0.06279128381114664,
                -0.017657803731842753,
                0.7283404101406928
            ]
        },
        {
            "robot_pose": [
                0.5298389959890006,
                0.0978555779446489,
                1.2804224826478598,
                0.7193453236518027,
                -0.06574818760532292,
                0.6902283266675112,
                0.042477502665128036
            ],
            "obj_pose": [
                0.5594621447514891,
                0.09636179368144385,
                1.2826342731363103,
                0.6930830975246826,
                -0.07278139196315811,
                -0.03814802521104587,
                0.7161587932030117
            ]
        },
        {
            "robot_pose": [
                0.5583648169843375,
                0.0966351784094575,
                1.2878484366630158,
                0.7146751093359072,
                -0.034207804474859514,
                0.6969220801925251,
                0.04867163803327684
            ],
            "obj_pose": [
                0.5879899887194082,
                0.09636179368144385,
                1.2904807002615901,
                0.6750413824576873,
                -0.06552596081324845,
                -0.018640810100707186,
                0.7346277973422353
            ]
        },
        {
            "robot_pose": [
                0.5603137541063997,
                0.09745434577203507,
                1.2553271678343707,
                0.7149103941589053,
                -0.06187306268602038,
                0.6955174295101633,
                0.03647406866508508
            ],
            "obj_pose": [
                0.5899203041213805,
                0.09636179368144385,
                1.2579564029577681,
                0.6946124674001137,
                -0.07305976518109922,
                -0.02839272240830204,
                0.7151011426072913
            ]
        },
        {
            "robot_pose": [
                0.5564941680252629,
                0.0971169972998037,
                1.2231959702228155,
                0.7042530644551532,
                -0.04935336332476962,
                0.7069278252393126,
                0.04295249278534226
            ],
            "obj_pose": [
                0.5860179046171873,
                0.09636179368144385,
                1.2267220156479057,
                0.6848617826785528,
                -0.08105585308887965,
                -0.014108151276175273,
                0.7240132922633101
            ]
        },
        {
            "robot_pose": [
                0.5255270996570297,
                0.09851483428497824,
                1.220917777093497,
                0.7115122482511271,
                -0.07165708625484392,
                0.6970264328426286,
                0.052628267088827035
            ],
            "obj_pose": [
                0.555058733701687,
                0.09636179368144385,
                1.2237287125261054,
                0.6896723115068446,
                -0.08795986295846203,
                -0.0392277967776515,
                0.7176881949768337
            ]
        }
    ]
}