{
    "hook_path": "models/hook/Hook2#10/base.urdf",
    "obj_path": "models/geo_data/hanging_exp/daily_5/base.urdf",
    "hook_pose": [
        0.5,
        -0.1,
        1.3,
        0.0,
        0.0,
        -0.7071067811865475,
        0.7071067811865476
    ],
    "contact_info": [
        {
            "contact_point_hook": [
                -0.005070077892760813,
                0.010785954579183854,
                -0.018125333213854455,
                1.0
            ],
            "contact_point_obj": [
                -0.010250665452828364,
                0.010769746415967396,
                0.03419974122503877,
                1.0
            ],
            "obj_pose": [
                0.49961252436175874,
                -0.10328834989324778,
                1.2472917660681306,
                0.013855819784647292,
                0.006163908720421403,
                -0.7359474732958936,
                0.6768687753448018
            ]
        }
    ]
}