{
    "hook_path": "models/hook/Hook_bar#12/base.urdf",
    "obj_path": "models/geo_data/hanging_exp/daily_5/base.urdf",
    "hook_pose": [
        0.5,
        -0.1,
        1.3,
        4.329780281177466e-17,
        0.7071067811865475,
        0.7071067811865476,
        4.329780281177467e-17
    ],
    "contact_info": [
        {
            "contact_point_hook": [
                -0.0013993947218384761,
                -0.0023327788478266775,
                0.02443574953181037,
                1.0
            ],
            "contact_point_obj": [
                -0.010872238789642913,
                0.0017015851021380257,
                0.04072325782310138,
                1.0
            ],
            "obj_pose": [
                0.5071962334244818,
                -0.08438879864470161,
                1.2568259588501636,
                0.09175532186082923,
                -0.0532010535272897,
                -0.7351062397358389,
                0.6696039315261205
            ]
        }
    ]
}