{
    "hook_path": "models/hook/Hook_60/base.urdf",
    "obj_path": "models/geo_data/hanging_exp/daily_11/base.urdf",
    "hook_pose": [
        0.5,
        -0.1,
        1.3,
        4.329780281177466e-17,
        0.7071067811865475,
        0.7071067811865476,
        4.329780281177467e-17
    ],
    "contact_info": [
        {
            "contact_pose": [
                [
                    -0.08698179721832297,
                    -0.006006199866533252,
                    0.0016195999458432008
                ],
                [
                    -0.01557447470243617,
                    0.999875990733167,
                    -0.0023321434585179546
                ],
                [
                    -0.004268834419912548,
                    0.0022659123625136113,
                    0.9999883212787342
                ],
                [
                    0.9998695978928646,
                    0.015584248346755092,
                    0.00423301465011805
                ]
            ],
            "object_pose": [
                0.500613549377929,
                -0.08406896141973111,
                1.212660661560086,
                0.5022407964483582,
                0.5055158816064006,
                -0.49560040876997125,
                0.4965763895451131
            ]
        }
    ],
    "initial_pose": [
        {
            "robot_pose": [
                0.4760637879371643,
                -0.05017591640353203,
                1.2559691667556763,
                0.7151771783828735,
                -0.06315470486879349,
                0.6955416798591614,
                0.02747417241334915
            ],
            "object_pose": [
                0.5059244280138893,
                -0.05899032321902385,
                1.229522784307787,
                0.4970528769200909,
                0.4942849111563883,
                -0.5006919763154806,
                0.5078665267586366
            ]
        },
        {
            "robot_pose": [
                0.4802376329898834,
                -0.015530763193964958,
                1.2582226991653442,
                0.7142883539199829,
                -0.058517634868621826,
                0.6969624757766724,
                0.0247234757989645
            ],
            "object_pose": [
                0.5102799184557358,
                -0.024114223530400193,
                1.2319016867193016,
                0.4946466220164131,
                0.4950301735707692,
                -0.4981440791895729,
                0.5119788305688221
            ]
        },
        {
            "robot_pose": [
                0.484920471906662,
                0.02862606942653656,
                1.262558937072754,
                0.7129502296447754,
                -0.05209103226661682,
                0.6989689469337463,
                0.020759105682373047
            ],
            "object_pose": [
                0.5152169352773714,
                0.020380610721451437,
                1.2364164782724967,
                0.4913628516300689,
                0.49611908702850177,
                -0.49439776560440796,
                0.5176864387728752
            ]
        }
    ]
}