{
    "hook_path": "models/hook/Hook_60/base.urdf",
    "obj_path": "models/geo_data/hanging_exp/daily_5/base.urdf",
    "hook_pose": [
        0.5,
        -0.1,
        1.3,
        4.329780281177466e-17,
        0.7071067811865475,
        0.7071067811865476,
        4.329780281177467e-17
    ],
    "contact_info": [
        {
            "contact_pose": [
                [
                    -0.0039079999551177216,
                    -0.017519000917673,
                    0.03788299858570097
                ],
                [
                    -0.9880122862620506,
                    -0.058669099016832094,
                    0.14279236329646322
                ],
                [
                    -0.13960350487494627,
                    -0.055285301281024116,
                    -0.988662933910692
                ],
                [
                    0.06589828238935252,
                    -0.9967454400612124,
                    0.04643214506474588
                ]
            ],
            "object_pose": [
                0.5003820916100431,
                -0.08239025365131211,
                1.2597413912222881,
                0.04013545303190435,
                -0.00405282362282203,
                0.6546658636071158,
                0.754841259509677
            ]
        }
    ],
    "initial_pose": [
        {
            "robot_pose": [
                0.4866689443588257,
                -0.007249899208545685,
                1.274095892906189,
                0.7076294422149658,
                -0.11621307581663132,
                0.696188747882843,
                -0.032807283103466034
            ],
            "object_pose": [
                0.510879922566808,
                -0.009898075835978293,
                1.2769362052098283,
                0.10061157185753435,
                -0.1204631267456214,
                0.7699326988528965,
                0.6185220981825302
            ]
        },
        {
            "robot_pose": [
                0.4914860427379608,
                0.04832788556814194,
                1.2725144624710083,
                0.7157139182090759,
                -0.033542077988386154,
                0.6968157291412354,
                0.03280813619494438
            ],
            "object_pose": [
                0.5157687974161774,
                0.046567595563457874,
                1.2752783199603783,
                0.04494431887012186,
                -0.03266666717650067,
                0.7857525271023237,
                0.61604047205455
            ]
        },
        {
            "robot_pose": [
                0.4932754635810852,
                0.10911591351032257,
                1.272121787071228,
                0.7158005237579346,
                -0.02367713861167431,
                0.6974712610244751,
                0.024553624913096428
            ],
            "object_pose": [
                0.5179219716424039,
                0.11271883357170374,
                1.2748873180312066,
                0.04640796394959945,
                -0.0322185564807863,
                0.7929720526485383,
                0.6066329938428265
            ]
        }
    ]
}