{
    "hook_path": "models/hook/Hook_60/base.urdf",
    "obj_path": "models/geo_data/hanging_exp/bag_5/base.urdf",
    "hook_pose": [
        0.5,
        -0.1,
        1.3,
        4.329780281177466e-17,
        0.7071067811865475,
        0.7071067811865476,
        4.329780281177467e-17
    ],
    "contact_info": [
        {
            "contact_pose": [
                [
                    -0.0016276041793716045,
                    0.044828403681752726,
                    0.008427677525256071
                ],
                [
                    -0.9996477080811403,
                    -0.02364756336451046,
                    -0.012052073474925318
                ],
                [
                    0.02429872049596249,
                    -0.9980727298994456,
                    -0.057099895037798776
                ],
                [
                    -0.010678572488054261,
                    -0.05737262917097319,
                    0.9982957224748724
                ]
            ],
            "object_pose": [
                0.49969093713373713,
                -0.08304315517558328,
                1.2369568309985663,
                0.4885882770416376,
                0.48228122599993195,
                0.5229061634609649,
                0.5052281255037385
            ]
        }
    ],
    "initial_pose": [
        {
            "robot_pose": [
                0.4416896402835846,
                -0.003635286819189787,
                1.2384324073791504,
                0.7199443578720093,
                0.019601348787546158,
                0.6935155987739563,
                0.018219413235783577
            ],
            "object_pose": [
                0.4985743574406613,
                -0.00435562629594239,
                1.2393804358509422,
                0.49256526140497797,
                0.48290002809067384,
                0.5216269871615661,
                0.502087952844738
            ]
        }
    ]
}