{
    "hook_path": "models/hook/Hook_60/base.urdf",
    "obj_path": "models/geo_data/hanging_exp/mug_59/base.urdf",
    "hook_pose": [
        0.5,
        -0.1,
        1.3,
        4.329780281177466e-17,
        0.7071067811865475,
        0.7071067811865476,
        4.329780281177467e-17
    ],
    "contact_info": [
        {
            "contact_pose": [
                [
                    0.04631999880075437,
                    -0.000656534639687143,
                    0.004796999972313655
                ],
                [
                    0.04988256059831081,
                    -0.996950678236397,
                    0.06000896026548003
                ],
                [
                    0.18191766995565248,
                    -0.05000925004720175,
                    -0.9820412599619339
                ],
                [
                    0.9820477032741648,
                    0.05990342288805012,
                    0.1788683549995172
                ]
            ],
            "object_pose": [
                0.4994003410404041,
                -0.07281485274009364,
                1.2443668424832597,
                0.5704888371189183,
                -0.4522103472574786,
                0.5152682036576006,
                0.4522686887851561
            ]
        }
    ],
    "initial_pose": [
        {
            "robot_pose": [
                0.47228336334228516,
                0.011772221885621548,
                1.2541544437408447,
                0.7181261777877808,
                -0.0555710606276989,
                0.6932682991027832,
                0.02420159801840782
            ],
            "object_pose": [
                0.5095557426791854,
                -0.03764337017821577,
                1.2505782245876755,
                0.42751412885857154,
                -0.5521449105976453,
                0.4992411130000251,
                0.5129580669196183
            ]
        },
        {
            "robot_pose": [
                0.47447440028190613,
                0.05764581635594368,
                1.2528388500213623,
                0.7182474136352539,
                -0.04860267788171768,
                0.6938397288322449,
                0.018573828041553497
            ],
            "object_pose": [
                0.5126668014182197,
                0.008902911299007695,
                1.249537486330593,
                0.43088251495759,
                -0.5472336598143019,
                0.5057324889962032,
                0.5090287118068808
            ]
        },
        {
            "robot_pose": [
                0.47470760345458984,
                0.12898175418376923,
                1.2530325651168823,
                0.7187734246253967,
                -0.037491846829652786,
                0.694166898727417,
                0.009562789462506771
            ],
            "object_pose": [
                0.5142238374001025,
                0.08134053991893263,
                1.2499195222139357,
                0.43744164790978257,
                -0.5401969198686437,
                0.5135422219041688,
                0.5030968880445728
            ]
        }
    ]
}