{
    "hook_path": "models/hook/Hook_60/base.urdf",
    "obj_path": "models/geo_data/hanging_exp/daily_5/base.urdf",
    "hook_pose": [
        0.5,
        -0.1,
        1.3,
        4.329780281177466e-17,
        0.7071067811865475,
        0.7071067811865476,
        4.329780281177467e-17
    ],
    "contact_info": [
        {
            "contact_point_hook": [
                -0.00042149804709712413,
                0.001565010900854924,
                0.017598960407231263,
                1.0
            ],
            "contact_point_obj": [
                -0.00072095709720435,
                -0.0001797586260212647,
                0.04064549967189457,
                1.0
            ],
            "object_pose": [
                0.49852506277490255,
                -0.07836667240310244,
                1.261157880954335,
                0.04562050720377425,
                -0.008929746526872194,
                0.645331300504294,
                0.7624870763094105
            ]
        }
    ]
}