{
    "hook_path": "models/hook/Hook_60/base.urdf",
    "obj_path": "models/geo_data/hanging_exp/bag_5/base.urdf",
    "hook_pose": [
        0.5,
        -0.1,
        1.3,
        4.329780281177466e-17,
        0.7071067811865475,
        0.7071067811865476,
        4.329780281177467e-17
    ],
    "contact_info": [
        {
            "contact_pose": [
                [
                    0.0047005704527864145,
                    0.027836493782365797,
                    -0.016528419726278457
                ],
                [
                    0.9964416130767486,
                    0.017677046528384976,
                    -0.08241136908849617
                ],
                [
                    0.02165278675764498,
                    -0.9986317060036113,
                    0.04760118265279356
                ],
                [
                    -0.08145715778637863,
                    -0.04921623502818942,
                    -0.995460945318808
                ]
            ],
            "object_pose": [
                0.5009199378467749,
                -0.08318082674599153,
                1.2368302233755435,
                -0.4717057299421323,
                0.5028773079247715,
                0.5369544652189631,
                -0.48609466135261353
            ]
        }
    ],
    "initial_pose": [
        {
            "robot_pose": [
                0.4716508984565735,
                0.037805188447237015,
                1.237324595451355,
                0.7637882232666016,
                0.016647834330797195,
                0.6449417471885681,
                -0.020012540742754936
            ],
            "object_pose": [
                0.522019823234869,
                0.04333553979219623,
                1.2339522604847373,
                0.4685614294153196,
                -0.5131541562590844,
                -0.48815000237162226,
                0.528045996067468
            ]
        }
    ]
}