{
    "hook_path": "models/hook/Hook_60/base.urdf",
    "obj_path": "models/geo_data/hanging_exp/mug_59/base.urdf",
    "hook_pose": [
        0.5,
        -0.1,
        1.3,
        4.329780281177466e-17,
        0.7071067811865475,
        0.7071067811865476,
        4.329780281177467e-17
    ],
    "contact_info": [
        {
            "contact_pose": [
                [
                    0.04631999880075437,
                    -0.000656534639687143,
                    0.004796999972313655
                ],
                [
                    0.04988256059831081,
                    -0.996950678236397,
                    0.06000896026548003
                ],
                [
                    0.18191766995565248,
                    -0.05000925004720175,
                    -0.9820412599619339
                ],
                [
                    0.9820477032741648,
                    0.05990342288805012,
                    0.1788683549995172
                ]
            ],
            "object_pose": [
                0.4994003410404041,
                -0.07281485274009364,
                1.2443668424832597,
                0.5704888371189183,
                -0.4522103472574786,
                0.5152682036576006,
                0.4522686887851561
            ]
        }
    ],
    "initial_pose": [
        {
            "robot_pose": [
                0.4915461242198944,
                0.07549026608467102,
                1.255680799484253,
                0.7312749028205872,
                0.026992017403244972,
                0.6796558499336243,
                0.0507582388818264
            ],
            "object_pose": [
                0.5239545503877803,
                0.0445483969826705,
                1.2548027905230972,
                0.47460524753442374,
                -0.43768632661014784,
                0.5050250492977757,
                0.5728265340337183
            ]
        }
    ]
}