{
    "hook_path": "models/hook/Hook_60/base.urdf",
    "obj_path": "models/geo_data/hanging_exp/mug_59/base.urdf",
    "hook_pose": [
        0.5,
        -0.1,
        1.3,
        4.329780281177466e-17,
        0.7071067811865475,
        0.7071067811865476,
        4.329780281177467e-17
    ],
    "contact_info": [
        {
            "contact_pose": [
                [
                    0.04631999880075437,
                    -0.000656534639687143,
                    0.004796999972313655
                ],
                [
                    0.04988256059831081,
                    -0.996950678236397,
                    0.06000896026548003
                ],
                [
                    0.18191766995565248,
                    -0.05000925004720175,
                    -0.9820412599619339
                ],
                [
                    0.9820477032741648,
                    0.05990342288805012,
                    0.1788683549995172
                ]
            ],
            "object_pose": [
                0.4994003410404041,
                -0.07281485274009364,
                1.2443668424832597,
                0.5704888371189183,
                -0.4522103472574786,
                0.5152682036576006,
                0.4522686887851561
            ]
        }
    ],
    "initial_pose": [
        {
            "robot_pose": [
                0.48473626375198364,
                0.04543887451291084,
                1.268015742301941,
                0.7132605910301208,
                -0.04958885908126831,
                0.6988804340362549,
                0.0191432423889637
            ],
            "object_pose": [
                0.5244051311790995,
                -0.0025678338379602375,
                1.2560736590980284,
                -0.48718993513426234,
                0.5294994708145919,
                -0.5072268451853699,
                -0.47433870286350993
            ]
        },
        {
            "robot_pose": [
                0.48850858211517334,
                0.10446686297655106,
                1.2637709379196167,
                0.7128084897994995,
                -0.04037589579820633,
                0.7000992298126221,
                0.01162284892052412
            ],
            "object_pose": [
                0.5293316958429234,
                0.05738340439869153,
                1.252071379182176,
                -0.49192676368926924,
                0.5237658724063807,
                -0.5141961650593692,
                -0.46827307621389325
            ]
        },
        {
            "robot_pose": [
                0.488927960395813,
                0.17970234155654907,
                1.2608946561813354,
                0.7126081585884094,
                -0.02875039167702198,
                0.7009701728820801,
                0.001956408377736807
            ],
            "object_pose": [
                0.5311704532602192,
                0.13383621507031876,
                1.249435333468509,
                0.49825711154933705,
                -0.5160771322217649,
                0.5225732456454468,
                0.4607835145964466
            ]
        }
    ]
}