{
    "hook_path": "models/hook/Hook_60/base.urdf",
    "obj_path": "models/geo_data/hanging_exp/daily_5/base.urdf",
    "hook_pose": [
        0.5,
        -0.1,
        1.3,
        4.329780281177466e-17,
        0.7071067811865475,
        0.7071067811865476,
        4.329780281177467e-17
    ],
    "contact_info": [
        {
            "contact_pose": [
                [
                    -0.0039079999551177216,
                    -0.017519000917673,
                    0.03788299858570097
                ],
                [
                    -0.9880122862620506,
                    -0.058669099016832094,
                    0.14279236329646322
                ],
                [
                    -0.13960350487494627,
                    -0.055285301281024116,
                    -0.988662933910692
                ],
                [
                    0.06589828238935252,
                    -0.9967454400612124,
                    0.04643214506474588
                ]
            ],
            "object_pose": [
                0.5003820916100431,
                -0.08239025365131211,
                1.2597413912222881,
                0.04013545303190435,
                -0.00405282362282203,
                0.6546658636071158,
                0.754841259509677
            ]
        }
    ],
    "initial_pose": [
        {
            "robot_pose": [
                0.5009796619415283,
                0.04878216236829758,
                1.2634546756744385,
                0.7391018867492676,
                -0.03466487303376198,
                0.6722180843353271,
                0.025487005710601807
            ],
            "object_pose": [
                0.5327016808349175,
                0.046562397814665334,
                1.2608013073478423,
                0.023034696331194145,
                0.010453525871027098,
                0.7226536364832957,
                0.690747311423839
            ]
        }
    ]
}