{
    "hook_path": "models/hook/Hook_60/base.urdf",
    "obj_path": "models/geo_data/hanging_exp/wrench_1/base.urdf",
    "hook_pose": [
        0.5,
        -0.1,
        1.3,
        4.329780281177466e-17,
        0.7071067811865475,
        0.7071067811865476,
        4.329780281177467e-17
    ],
    "contact_info": [
        {
            "contact_pose": [
                [
                    0.14215800538659107,
                    0.0035639998968690716,
                    -0.010386000154539804
                ],
                [
                    0.007066650102589542,
                    -0.9235838678674461,
                    0.38333132075442977
                ],
                [
                    -0.9876977896424176,
                    -0.06633178202334569,
                    -0.14160921943535337
                ],
                [
                    0.15621504022279764,
                    -0.37761479540480847,
                    -0.9126904883363113
                ]
            ],
            "object_pose": [
                0.4407687882285533,
                -0.08338040055544718,
                1.1665100299633548,
                0.0671169421740961,
                -0.5537941118961043,
                0.04057611676824523,
                0.8289517334865848
            ]
        }
    ],
    "initial_pose": [
        {
            "robot_pose": [
                0.48929885029792786,
                0.02677351050078869,
                1.1938196420669556,
                0.7903990745544434,
                0.00729773985221982,
                0.6100287437438965,
                0.055506642907857895
            ],
            "object_pose": [
                0.5148270070175848,
                0.029091183597116387,
                1.1546442093548877,
                -0.03963824514593557,
                -0.7167696223313271,
                -0.05214006388657478,
                0.6942272911393367
            ]
        }
    ]
}