{
    "hook_path": "models/hook/Hook_60/base.urdf",
    "obj_path": "models/geo_data/hanging_exp/scissor_4/base.urdf",
    "hook_pose": [
        0.5,
        -0.1,
        1.3,
        4.329780281177466e-17,
        0.7071067811865475,
        0.7071067811865476,
        4.329780281177467e-17
    ],
    "contact_info": [
        {
            "contact_pose": [
                [
                    0.03626000136137025,
                    -0.0010300000431016211,
                    0.004900000058114529
                ],
                [
                    0.02451450808581719,
                    -0.9864260629206666,
                    0.1623658254810526
                ],
                [
                    -0.9948606387074469,
                    -0.008111319550101345,
                    0.10092827178629034
                ],
                [
                    -0.09824127668104456,
                    -0.16400557577713448,
                    -0.981555308003624
                ]
            ],
            "object_pose": [
                0.5019795502494705,
                -0.08383085123172493,
                1.2657420087877898,
                -0.0295787550298837,
                -0.645850067246505,
                -0.04116768024990921,
                0.7617795022126865
            ]
        }
    ],
    "initial_pose": [
        {
            "robot_pose": [
                0.4796871840953827,
                0.07625970393419265,
                1.341471290588379,
                0.6877825260162354,
                -0.00974969007074833,
                0.7256072163581848,
                0.01882234215736389
            ],
            "object_pose": [
                0.4994440068483315,
                0.07174301042252558,
                1.3667067523227105,
                0.07508953261716135,
                -0.6078619273405371,
                0.016841570617470228,
                0.7903048784363669
            ]
        }
    ]
}