{
    "hook_path": "models/hook/Hook12#13/base.urdf",
    "obj_path": "models/geo_data/hanging_exp/daily_5/base.urdf",
    "hook_pose": [
        0.5,
        -0.1,
        1.3,
        0.5,
        -0.4999999999999999,
        -0.5,
        0.5000000000000001
    ],
    "contact_info": [
        {
            "contact_point_hook": [
                0.0011823819279814783,
                0.022698880451715198,
                0.005518931283943096,
                1.0
            ],
            "contact_point_obj": [
                0.0037735471450215385,
                0.005490658010991467,
                0.0413674895440197,
                1.0
            ],
            "obj_pose": [
                0.5035567711616218,
                -0.08157332358434279,
                1.2867994009204007,
                0.18023992685777582,
                -0.23531149163275597,
                0.656601557100359,
                0.6935535061444468
            ]
        }
    ]
}