{
    "hook_path": "models/hook/Hook57#18/base.urdf",
    "obj_path": "models/geo_data/hanging_exp/daily_5/base.urdf",
    "hook_pose": [
        0.5,
        -0.1,
        1.3,
        0.0,
        0.0,
        -0.7071067811865475,
        0.7071067811865476
    ],
    "contact_info": [
        {
            "contact_point_hook": [
                -0.012362871996709225,
                0.00468503087859784,
                -0.03198173415913108,
                1.0
            ],
            "contact_point_obj": [
                -0.00271851092553671,
                0.003489866914256623,
                0.04122562751522385,
                1.0
            ],
            "obj_pose": [
                0.5011506575837086,
                -0.0910203353549875,
                1.2268456541896358,
                -0.0057539482656185454,
                -0.0006672078376048549,
                -0.6772993122491314,
                0.7356847752535809
            ]
        }
    ]
}