{
    "hook_path": "models/hook_1120/Hook12#5/base.urdf",
    "obj_path": "models/geo_data/hanging_exp/daily_5/base.urdf",
    "hook_pose": [
        0.5,
        -0.1,
        1.3,
        0.5,
        -0.4999999999999999,
        -0.5,
        0.5000000000000001
    ],
    "contact_info": [
        {
            "contact_point_hook": [
                0.0023990521523722247,
                0.02699634500442749,
                -0.0002425922731253971,
                1.0
            ],
            "contact_point_obj": [
                0.0029321234257044804,
                0.004012528403415816,
                0.041083018161447216,
                1.0
            ],
            "obj_pose": [
                0.5004498520497354,
                -0.08554531176986056,
                1.28920189314004,
                0.20461235276556258,
                -0.1389696413321467,
                0.686445429997992,
                0.6838230001386524
            ]
        }
    ]
}