{
    "hook_path": "models/hook_1120/Hook42#20/base.urdf",
    "obj_path": "models/geo_data/hanging_exp/daily_5/base.urdf",
    "hook_pose": [
        0.5,
        -0.1,
        1.3,
        0.0,
        0.0,
        -0.7071067811865475,
        0.7071067811865476
    ],
    "contact_info": [
        {
            "contact_point_hook": [
                -0.0033258614717957273,
                -0.0019285656639699278,
                -0.016994648518900313,
                1.0
            ],
            "contact_point_obj": [
                -0.0005143436513098121,
                -0.002874224617164578,
                0.04064580405645524,
                1.0
            ],
            "obj_pose": [
                0.49567046764379,
                -0.09175596292459602,
                1.2426239942526442,
                0.005600913940647178,
                0.08710089942387435,
                -0.6114710022282221,
                0.7864383488339026
            ]
        }
    ]
}