{
    "file": "models/geo_data/hanging_exp/scissor_101/base.urdf",
    "contact_pose": [
        0.045911328674944595,
        -0.0015221472277494178,
        0.01454387179266396,
        -0.41776676571928417,
        0.42526890100694914,
        -0.553072247830071,
        0.5820037628546596
    ],
    "obj_pose": [
        0.5035956903685938,
        -0.06604437178378583,
        1.243461997888816,
        -0.0014720951471790462,
        -0.5982297693367664,
        0.006136500263574239,
        0.8012997687380623
    ]
}