{
    "file": "models/geo_data/hanging_exp/daily_11/base.urdf",
    "contact_pose": [
        -0.03603066826483318,
        0.002701138086102015,
        0.0007587252785937633,
        0.7074187575544219,
        0.0034584225467419786,
        -0.706701580930082,
        0.010936922993652131
    ],
    "obj_pose": [
        0.5040724627692068,
        -0.08586549741799254,
        1.2548716915973008,
        -0.5031988877152043,
        0.49890313803435254,
        0.4905715097054426,
        0.507174656432062
    ]
}