{
    "file": "models/geo_data/hanging_exp/mug_115/base.urdf",
    "contact_pose": [
        0.03669928357414105,
        0.015945225506271914,
        0.00012279795072939954,
        0.6777162348690868,
        0.24706407404948363,
        0.6768845384637712,
        -0.14658570836758839
    ],
    "obj_pose": [
        0.4906683294742321,
        -0.05637243897596922,
        1.2508298059602745,
        0.6546865094390583,
        -0.30553053342856423,
        0.3732771494305074,
        0.5819801003594482
    ]
}