{
    "file": "models/geo_data/hanging_exp/wrench_36/base.urdf",
    "contact_pose": [
        -0.05956728645809479,
        -0.008970550929833683,
        -0.007251250944675827,
        -0.6928782418984766,
        -0.06292911315507406,
        0.7152085906830674,
        -0.06660585885890584
    ],
    "obj_pose": [
        0.4993661397809893,
        -0.07863747494128662,
        1.232342625472911,
        -0.5407629716879312,
        0.4569436641791166,
        0.4478324954206195,
        0.5460988484360147
    ]
}