{
    "file": "models/geo_data/hanging_exp/mug_118/base.urdf",
    "contact_pose": [
        0.045279423235556664,
        -0.00048113770390845385,
        0.011615853746068439,
        0.4739489183091791,
        -0.3384540892838459,
        0.6702274604045032,
        -0.46001782965482046
    ],
    "obj_pose": [
        0.49609423970911254,
        -0.07006496952850713,
        1.2440158272472595,
        0.09441382962743156,
        -0.5751594299266788,
        0.14864960010344377,
        0.798862288088871
    ]
}