{
    "file": "models/geo_data/hanging_exp/daily_106/base.urdf",
    "contact_pose": [
        -0.0016919003183103003,
        -0.021765643358479702,
        0.04129282006802963,
        -0.08502519984669261,
        -0.21733903024822643,
        0.9293516479664312,
        -0.286076870340594
    ],
    "obj_pose": [
        0.49854234039181583,
        -0.06312480773854552,
        1.2441085334754178,
        -0.2138037974883668,
        -0.09356000672169118,
        0.4548639574254989,
        0.8594377473424148
    ]
}