{
    "file": "models/geo_data/hanging_exp/mug_132/base.urdf",
    "contact_pose": [
        0.045430314577407184,
        0.018695243900668884,
        -0.00010466155680563341,
        0.7257986441021406,
        0.07798010031135821,
        0.66343465117058,
        -0.1642860182763449
    ],
    "obj_pose": [
        0.504164980296588,
        -0.05985310156873233,
        1.242200510484393,
        0.5691426099904631,
        -0.4580366641640486,
        0.35162512275856456,
        0.5853536339852506
    ]
}