{
    "file": "models/geo_data/hanging_exp/daily_118/base.urdf",
    "contact_pose": [
        0.04546096336755723,
        -0.0009130891570166416,
        0.01828596910202896,
        0.4413185140616604,
        0.42662732874779336,
        0.5593211780992614,
        0.5571237844874195
    ],
    "obj_pose": [
        0.49287470525968585,
        -0.06210847179945928,
        1.2419695371490787,
        0.6109657170399333,
        -0.022995762004216425,
        0.7910270709957381,
        0.021639327245303475
    ]
}