{
    "file": "models/geo_data/hanging_exp/wrench_31/base.urdf",
    "contact_pose": [
        -0.1330445032345717,
        0.005834577776251664,
        -0.00041281751758726515,
        0.4883044361420271,
        -0.4933315928183117,
        -0.4601887975546081,
        0.5535422186036114
    ],
    "obj_pose": [
        0.5012677070630002,
        -0.06400039943969268,
        1.1604608589879462,
        0.0112891297803406,
        0.7015820467900642,
        -0.020591869367698096,
        0.7122016302190065
    ]
}