{
    "file": "models/geo_data/hanging_exp/daily_2/base.urdf",
    "contact_pose": [
        0.006272355285055327,
        -0.0006946396898401261,
        0.05342682732712934,
        0.01407837305920385,
        -0.04207030944230042,
        0.8064952591349546,
        -0.5895738168103104
    ],
    "obj_pose": [
        0.5003475763106894,
        -0.0699125810888163,
        1.2358943275775178,
        -0.01929445383350347,
        -0.03976842029825129,
        0.1531920124496173,
        0.9872073764513132
    ]
}