{
    "file": "models/geo_data/hanging_exp/daily_115/base.urdf",
    "contact_pose": [
        0.0032470444315447792,
        0.0003323871908561679,
        0.04202041182852017,
        0.01636189151810458,
        -0.010687154029948714,
        -0.6867136793878534,
        0.7266652570381265
    ],
    "obj_pose": [
        0.4917872886774493,
        -0.06599590686860032,
        1.2495306841284988,
        -0.00479224958088548,
        0.018753240394218905,
        -0.028091526807281674,
        0.9994179388225464
    ]
}