{
    "file": "models/geo_data/hanging_exp/scissor_95/base.urdf",
    "contact_pose": [
        0.05294287715504932,
        0.0043293242230606896,
        -0.01730435457582315,
        0.5715852369041863,
        0.5667305446780626,
        0.4036829040143859,
        0.43491024325555244
    ],
    "obj_pose": [
        0.49767621531954775,
        -0.08482545924761013,
        1.2383044496716606,
        0.8058199306842814,
        -0.00216851629296549,
        0.5921385110940071,
        -0.004639022358168508
    ]
}