{
    "file": "models/geo_data/hanging_exp/mug_90/base.urdf",
    "contact_pose": [
        0.04633322184975654,
        0.010847033615664302,
        -0.0008378417811457526,
        0.7298485919620304,
        0.014691160589161492,
        0.6729687919465175,
        -0.11924012612216556
    ],
    "obj_pose": [
        0.4955130696535587,
        -0.07221830328028908,
        1.2466993616824287,
        0.5206373215618069,
        -0.5083409313496512,
        0.36540535768437904,
        0.5805214909777827
    ]
}