{
    "file": "models/geo_data/hanging_exp/daily_7/base.urdf",
    "contact_pose": [
        -0.0028140603463169237,
        0.0011859483029137438,
        0.0681623355118397,
        -0.0071059444078269895,
        -0.0005644359978984006,
        0.702112562538711,
        0.7120302918355383
    ],
    "obj_pose": [
        0.49842978471265437,
        -0.08040374085143683,
        1.2244152731210178,
        -0.005115340868276841,
        0.0050808945328576745,
        0.9999514141455308,
        -0.006722138565994419
    ]
}