{
    "file": "models/geo_data/hanging_exp/scissor_39/base.urdf",
    "contact_pose": [
        0.05954339606377619,
        -0.0010165085155959264,
        -0.021635489834844892,
        -0.540214586626562,
        0.5523204729343525,
        -0.4340346601863679,
        0.46338343661634046
    ],
    "obj_pose": [
        0.4914498974603807,
        -0.07397610609677628,
        1.230310520722593,
        -0.01961031889368376,
        -0.7746756987078001,
        -0.007058085299271683,
        0.6320151743877499
    ]
}