{
    "file": "models/geo_data/hanging_exp/scissor_62/base.urdf",
    "contact_pose": [
        0.016547588247481253,
        0.0030517365137476627,
        0.0034778639208665153,
        -0.3687522962317175,
        0.3823090934538305,
        -0.57604385724873,
        0.6213171296627439
    ],
    "obj_pose": [
        0.5020308875103886,
        -0.07467587244769312,
        1.2686614783582286,
        -0.010885188175979884,
        -0.5281448921395954,
        -0.009757191536297964,
        0.8490284346231006
    ]
}