{
    "file": "models/geo_data/hanging_exp/scissor_31/base.urdf",
    "contact_pose": [
        0.052439068950076446,
        0.001788175092096438,
        0.020066031478518376,
        0.4253780385815271,
        0.3438406092497965,
        0.650194445165146,
        0.5273275483033761
    ],
    "obj_pose": [
        0.5056956491024048,
        -0.07239958348336044,
        1.2352574027302814,
        0.5442333528234093,
        -0.051547665476997795,
        0.8323945014218048,
        0.09095212950342013
    ]
}