{
    "file": "models/geo_data/hanging_exp/scissor_98/base.urdf",
    "contact_pose": [
        0.0485298456081513,
        -0.0006879834022535502,
        -0.01860848924393723,
        -0.5476725249355748,
        0.6113010039816714,
        -0.3647117084188433,
        0.4397172474487454
    ],
    "obj_pose": [
        0.5000985382195393,
        -0.07013590189219275,
        1.2394903247691222,
        -0.05469252649862879,
        -0.8175287182066389,
        -0.04269707542617072,
        0.5716926466228677
    ]
}