{
    "file": "models/geo_data/hanging_exp/mug_64/base.urdf",
    "contact_pose": [
        0.04518972381171358,
        0.009008221780299974,
        -0.003442793525803765,
        0.7013256372760617,
        0.12154472255596749,
        0.7014177991851791,
        -0.03717932092357827
    ],
    "obj_pose": [
        0.500600023892645,
        -0.07504266096683078,
        1.2455910337061291,
        0.5686353197317676,
        -0.41718800417784246,
        0.4686216109559705,
        0.5319791613105631
    ]
}