{
    "file": "models/geo_data/hanging_exp/daily_5/base.urdf",
    "contact_pose": [
        -0.0012929172433706214,
        -0.00012020178926010318,
        0.032815612873197585,
        0.07751733100998164,
        0.015590363936840941,
        0.05984442192079202,
        0.9950711779115964
    ],
    "obj_pose": [
        0.4902226872642866,
        -0.07121508804546224,
        1.261573995626243,
        -0.06569242157488409,
        0.044046751555532476,
        -0.7453526684327602,
        0.6619620752620174
    ]
}