{
    "file": "models/geo_data/hanging_exp/daily_8/base.urdf",
    "contact_pose": [
        -0.005342468514835498,
        -0.0011303099307243575,
        0.05183315964666663,
        -0.018667088670312085,
        -0.0033057545850250576,
        0.8819971559763227,
        -0.47087326175615085
    ],
    "obj_pose": [
        0.502461117683192,
        -0.07208156267549899,
        1.2400915293257875,
        -0.014931938830102461,
        0.010976299607591168,
        0.2902486755292017,
        0.9567717932732145
    ]
}