{
    "file": "models/geo_data/hanging_exp/mug_129/base.urdf",
    "contact_pose": [
        0.03748063469588585,
        0.03476182691096386,
        0.004631298426489205,
        0.6622518166138849,
        0.2363912919077222,
        0.6707452960885254,
        -0.2358864902382584
    ],
    "obj_pose": [
        0.49853886725346447,
        -0.0726105310000746,
        1.2374502221948978,
        0.6354366359021876,
        -0.3011288648593885,
        0.30749161047540685,
        0.6410854841509419
    ]
}