{
    "file": "models/geo_data/hanging_exp/daily_42/base.urdf",
    "contact_pose": [
        0.02787668739604988,
        -0.012483243558513603,
        -0.0017472489739404913,
        0.7045087009816273,
        -0.07843024187593303,
        0.695437090901231,
        0.11782801024924408
    ],
    "obj_pose": [
        0.5027919576168127,
        -0.08797781324020992,
        1.259145344843646,
        0.44135221895166593,
        -0.5537260431490051,
        0.577480896558278,
        0.40633914661921816
    ]
}