{
    "file": "models/geo_data/hanging_exp/scissor_8/base.urdf",
    "contact_pose": [
        0.05911127558661947,
        -0.0018622139688345975,
        0.01223404208450968,
        0.47325688677208255,
        -0.37266151926731345,
        0.6051905851399512,
        -0.5204763845153184
    ],
    "obj_pose": [
        0.495527006907742,
        -0.07889247586610172,
        1.2329292719274814,
        0.049625768380295386,
        -0.5947641331988057,
        0.0667941404220371,
        0.799582048184062
    ]
}