{
    "file": "models/geo_data/hanging_exp/wrench_10/base.urdf",
    "contact_pose": [
        -0.08165902622987392,
        0.023483217678699743,
        0.0023534241097846256,
        0.12865725947133094,
        0.7119320554514239,
        0.1073053846103613,
        -0.6819718560466111
    ],
    "obj_pose": [
        0.5031099356202999,
        -0.07947018229860732,
        1.204559995915755,
        0.5780788481655164,
        0.40562569864391684,
        -0.40361168925412394,
        0.5817131958282332
    ]
}