{
    "file": "models/geo_data/hanging_exp/mug_73/base.urdf",
    "contact_pose": [
        0.039018203320044124,
        -0.02223184497748565,
        -0.006028512062355101,
        0.6987457856978713,
        -0.17109383838459213,
        0.6824325820982811,
        0.12948743694646359
    ],
    "obj_pose": [
        0.5041985443635105,
        -0.061427426125504406,
        1.2460537572399875,
        -0.381186575063809,
        0.6000569541280668,
        -0.5895248270302644,
        -0.3835217400729808
    ]
}