{
    "file": "models/geo_data/hanging_exp/daily_97/base.urdf",
    "contact_pose": [
        0.0006344280245623187,
        0.0009299577506511865,
        0.04739087718750834,
        -1.5383229098447497e-05,
        -0.011867648872201625,
        0.710460992775891,
        0.7036365087298255
    ],
    "obj_pose": [
        0.5025875311634759,
        -0.07899097378411234,
        1.24597860493941,
        -0.008415379910316382,
        -0.007560079518353482,
        0.9999220318363065,
        0.0052874215827601176
    ]
}