{
    "file": "models/geo_data/hanging_exp/wrench_32/base.urdf",
    "contact_pose": [
        0.003775628213087742,
        -0.10919683171434802,
        0.0019927080308912736,
        -0.5112463862387027,
        0.513977197969898,
        -0.49602091959560324,
        -0.4779307688864693
    ],
    "obj_pose": [
        0.501489136571047,
        -0.07646033920391535,
        1.1846576240491329,
        -0.0030437071022665365,
        0.7085711763090246,
        -0.705461884420479,
        -0.015529120420282243
    ]
}