{
    "file": "models/geo_data/hanging_exp/scissor_4/base.urdf",
    "contact_pose": [
        0.03853525292164272,
        -0.002135163923765071,
        -0.02200661392926252,
        -0.540533118406807,
        0.6840776786856936,
        -0.26261919604820655,
        0.4133918665097315
    ],
    "obj_pose": [
        0.5068243268930105,
        -0.0669894561119639,
        1.2477287989653847,
        0.10267457038300883,
        0.8659183053523881,
        0.10504673261160508,
        -0.4781303222134514
    ]
}