{
    "file": "models/geo_data/hanging_exp/mug_193/base.urdf",
    "contact_pose": [
        0.042983462542414606,
        0.016806756096783355,
        -0.00818844377663169,
        0.7239207624664632,
        0.07021018485407449,
        0.6681509565947412,
        -0.15679145006748102
    ],
    "obj_pose": [
        0.49647235935431944,
        -0.07046647995833405,
        1.2447588375064202,
        0.5628571853091776,
        -0.4617307976778357,
        0.3608576500533709,
        0.5829049800950226
    ]
}