{
    "file": "models/geo_data/hanging_exp/daily_23/base.urdf",
    "contact_pose": [
        0.00012389256914424395,
        -0.04745328520511737,
        0.000531627822436779,
        0.5435360905606126,
        0.4059958100326184,
        -0.5188829496381246,
        0.5200926889208144
    ],
    "obj_pose": [
        0.4889573586370812,
        -0.08113025657217252,
        1.2442149123128574,
        -0.6898475676073751,
        0.09110079695770738,
        0.006114656044395449,
        0.7181737876317384
    ]
}