{
    "file": "models/geo_data/hanging_exp/daily_63/base.urdf",
    "contact_pose": [
        -9.429760592384507e-05,
        -0.004029563482143674,
        0.04358898341255327,
        -0.009038147416648724,
        -0.008623119529534741,
        0.9999073731868083,
        -0.005403586541460405
    ],
    "obj_pose": [
        0.5017201984652637,
        -0.07087584981602499,
        1.249105690717663,
        -0.014787995209353358,
        0.0019499806713433147,
        0.7035695105663551,
        0.710469884354354
    ]
}