{
    "file": "models/geo_data/hanging_exp/scissor_92/base.urdf",
    "contact_pose": [
        0.051549270776952906,
        -0.0007370291524692327,
        0.024052464993067294,
        -0.4051085557947118,
        0.3986027676530208,
        -0.5525048805916267,
        0.6097058705340691
    ],
    "obj_pose": [
        0.5054274742134756,
        -0.0778362263495308,
        1.2363965443609397,
        -0.009488713046864706,
        -0.57102658332175,
        -0.030508233332134017,
        0.8203096081136406
    ]
}