{
    "file": "models/geo_data/hanging_exp/mug_135/base.urdf",
    "contact_pose": [
        0.055200015937610654,
        0.019377596301505453,
        -0.0048819728603128575,
        0.6993722085232188,
        0.07861008234838542,
        0.6942103359114586,
        -0.15090055802493002
    ],
    "obj_pose": [
        0.5012695174411143,
        -0.06671647961698274,
        1.2314815351243815,
        0.550116817354166,
        -0.43894095617945206,
        0.3841759907212013,
        0.5975877612583572
    ]
}