{
    "file": "models/geo_data/hanging_exp/daily_84/base.urdf",
    "contact_pose": [
        0.0021176482777011153,
        -0.018226818288678212,
        -0.004041742484857541,
        0.5569789624132355,
        0.4938568083681036,
        -0.44796215911296233,
        0.4951866236686919
    ],
    "obj_pose": [
        0.4968940908739297,
        -0.07702892459011719,
        1.2725010423424994,
        -0.713386313260187,
        0.010348273112694309,
        -0.031663252487459,
        0.6999787994921981
    ]
}