{
    "file": "models/geo_data/hanging_exp/mug_70/base.urdf",
    "contact_pose": [
        0.0337029453064526,
        0.006350006451229445,
        0.0016193352433550635,
        0.7004457219605028,
        0.03452570000293645,
        0.7111423084464132,
        -0.04960225563463466
    ],
    "obj_pose": [
        0.5034104052050202,
        -0.05635014950727257,
        1.2557717364563012,
        0.5209988960654266,
        -0.47223624814917886,
        0.4667903522561395,
        0.5363392986470258
    ]
}