{
    "file": "models/geo_data/hanging_exp/scissor_48/base.urdf",
    "contact_pose": [
        0.035200302695910686,
        -0.0010418210004466892,
        0.030316350385326995,
        0.27392673765419584,
        0.23766573951748904,
        0.6582457877743786,
        0.6596905498300109
    ],
    "obj_pose": [
        0.5073602502375391,
        -0.08248415676286358,
        1.2472829277551607,
        0.36607841003626523,
        -0.0012693755768611766,
        0.9305496401273187,
        0.007896432731463931
    ]
}