{
    "file": "models/geo_data/hanging_exp/bag_70/base.urdf",
    "contact_pose": [
        0.0005386918376031569,
        0.06502617683686829,
        -0.002390157416604261,
        0.7384097619301218,
        -0.03871920577493601,
        -0.018731644231694475,
        -0.6729791765685149
    ],
    "obj_pose": [
        0.5036318745775542,
        -0.0845233381699307,
        1.2275317668608865,
        -0.5051807239783677,
        0.537560285189326,
        0.5000832106650475,
        -0.4535836839203991
    ]
}