{
    "file": "models/geo_data/hanging_exp/daily_41/base.urdf",
    "contact_pose": [
        0.002252494078109954,
        0.037533070051840096,
        -7.063473248720245e-05,
        0.5039843178363943,
        -0.4980661993332202,
        -0.4992085320426473,
        -0.49871906920887854
    ],
    "obj_pose": [
        0.5027737859258522,
        -0.06670433504576803,
        1.252614941606175,
        -0.003838918424898799,
        0.708882944783205,
        0.7053142017242925,
        0.0014526344490361424
    ]
}