{
    "file": "models/geo_data/hanging_exp/mug_123/base.urdf",
    "contact_pose": [
        0.04057322636539489,
        0.04264675599144835,
        -0.005423664135315162,
        0.6810088573082814,
        0.2606025496452611,
        0.6210400658840758,
        -0.287441270441043
    ],
    "obj_pose": [
        0.4959822538003352,
        -0.06440750190292438,
        1.2331257120217818,
        0.6497462141214264,
        -0.27620232766548436,
        0.27107577606634586,
        0.654262986158525
    ]
}