{
    "file": "models/geo_data/hanging_exp/mug_205/base.urdf",
    "contact_pose": [
        0.04463671269228679,
        0.007551648785653305,
        -0.003732828869734151,
        0.7028888970224606,
        0.11121945143461734,
        0.7013999752805792,
        -0.04019336688477801
    ],
    "obj_pose": [
        0.4969187211065768,
        -0.076400392052892,
        1.2449056953843969,
        0.5756615338145807,
        -0.4183734771960495,
        0.4675436765620288,
        0.5243856811279195
    ]
}