{
    "file": "models/geo_data/hanging_exp/mug_128/base.urdf",
    "contact_pose": [
        0.04362185333312938,
        0.008103165380177524,
        0.00169248164114835,
        0.7028715306216169,
        0.01584208340614387,
        0.6924698885804564,
        -0.1618829615628167
    ],
    "obj_pose": [
        0.49752351473248185,
        -0.08336346487910883,
        1.2485218224664616,
        0.5082072702101208,
        -0.4858031810009063,
        0.37518161410310474,
        0.6041186938623624
    ]
}