{
    "file": "models/geo_data/hanging_exp/mug_166/base.urdf",
    "contact_pose": [
        0.046077527840382444,
        0.013015168735265082,
        0.00032068498130950594,
        0.6980883667800964,
        0.08070568289552987,
        0.7083627788923942,
        -0.06619213242152665
    ],
    "obj_pose": [
        0.5054052588306768,
        -0.06433400069497056,
        1.2428939199959688,
        0.54918682833791,
        -0.43698109016890285,
        0.4531081124102532,
        0.5496675294056956
    ]
}