{
    "file": "models/geo_data/hanging_exp/mug_184/base.urdf",
    "contact_pose": [
        0.0396888054012688,
        0.02553240875263582,
        0.004738815759797753,
        0.6643387664964031,
        0.21387658998463763,
        0.7047924023579925,
        -0.12719464283149057
    ],
    "obj_pose": [
        0.4996676108882958,
        -0.06446801646769601,
        1.2421346181535757,
        0.6199379486860646,
        -0.3191131720596548,
        0.40859709509169534,
        0.5889754978601127
    ]
}