{
    "file": "models/geo_data/hanging_exp/daily_114/base.urdf",
    "contact_pose": [
        -0.007446039277043903,
        -0.03479369258947621,
        -0.0036678223535657303,
        0.39834247611731277,
        -0.5681410000341377,
        0.42985704311380935,
        0.5777213846538751
    ],
    "obj_pose": [
        0.5021007579290336,
        -0.07188077076215077,
        1.2569297699990507,
        -0.11749907838993397,
        -0.6958006040148929,
        0.7010380442503126,
        -0.10296186936785484
    ]
}