{
    "file": "models/geo_data/hanging_exp/wrench_12/base.urdf",
    "contact_pose": [
        0.14432491035574826,
        -0.0044568827312539095,
        0.008807834130031722,
        0.5430086310770842,
        -0.44598408645379245,
        0.5586494405190425,
        -0.4406252646110161
    ],
    "obj_pose": [
        0.5124086560648242,
        -0.06492332530209992,
        1.1464796195678233,
        0.05657800949828929,
        -0.7041577425075745,
        0.07518488476760324,
        0.7037812413032406
    ]
}