{
    "file": "models/geo_data/hanging_exp/scissor_58/base.urdf",
    "contact_pose": [
        0.04339630108493164,
        0.0005097918678622351,
        0.015857291919744936,
        0.4726390146792429,
        -0.36901426386023206,
        0.5857387064042778,
        -0.5452990030162981
    ],
    "obj_pose": [
        0.4974872365524098,
        -0.08389997527079507,
        1.2485233790521961,
        0.04003426718197428,
        -0.5957174147786727,
        0.022599952029359903,
        0.801877335599958
    ]
}