{
    "file": "models/geo_data/hanging_exp/mug_67/base.urdf",
    "contact_pose": [
        0.050355303244054496,
        0.010513594004829097,
        -0.0008683592156859137,
        0.7172172603598232,
        0.07911184876363662,
        0.68298354996284,
        -0.11346447597070113
    ],
    "obj_pose": [
        0.49436594051088983,
        -0.05946121790209967,
        1.2421152842682768,
        0.5604465315673063,
        -0.4384027178960834,
        0.41497195971912143,
        0.5670105950001072
    ]
}