{
    "hook_path": "models/hook/Hook42#12/base.urdf",
    "obj_path": "models/geo_data/hanging_exp/daily_5/base.urdf",
    "hook_pose": [
        0.5,
        -0.1,
        1.3,
        0.0,
        0.0,
        -0.7071067811865475,
        0.7071067811865476
    ],
    "contact_info": [
        {
            "contact_point_hook": [
                -0.004054434390394601,
                0.0011981481260440185,
                -0.012918476970700477,
                1.0
            ],
            "contact_point_obj": [
                -0.002870093039303412,
                0.00034049243639200366,
                0.041374955557407445,
                1.0
            ],
            "obj_pose": [
                0.5031772646252528,
                -0.09697224204512779,
                1.2456657126435273,
                0.03464411007833999,
                -0.003703291006862325,
                -0.6933317659857071,
                0.7197757522643695
            ]
        }
    ]
}