{
    "hook_path": "models/hook/Hook186#2/base.urdf",
    "obj_path": "models/geo_data/hanging_exp/daily_5/base.urdf",
    "hook_pose": [
        0.5,
        -0.1,
        1.3,
        -0.5,
        0.5,
        0.4999999999999999,
        0.5000000000000001
    ],
    "contact_info": [
        {
            "contact_point_hook": [
                -0.012847692801186916,
                0.0013471897232715802,
                0.007852224263829172,
                1.0
            ],
            "contact_point_obj": [
                0.0022294964452798313,
                0.004500973487844728,
                0.04062922482161668,
                1.0
            ],
            "obj_pose": [
                0.4991574063572338,
                -0.09481169048379186,
                1.2719990420602356,
                0.030891549312766945,
                0.03444446211390715,
                0.6732880724057608,
                0.7379312046301305
            ]
        }
    ]
}