{
    "hook_path": "models/hook_1120/Hook2#8/base.urdf",
    "obj_path": "models/geo_data/hanging_exp/daily_5/base.urdf",
    "hook_pose": [
        0.5,
        -0.1,
        1.3,
        0.0,
        0.0,
        -0.7071067811865475,
        0.7071067811865476
    ],
    "contact_info": [
        {
            "contact_point_hook": [
                -0.003929912320909695,
                0.0006769378354660738,
                -0.01340224577591198,
                1.0
            ],
            "contact_point_obj": [
                -0.0014607660364922975,
                0.0020747608413063112,
                0.04064725154356408,
                1.0
            ],
            "obj_pose": [
                0.5002350597940352,
                -0.09791791298393222,
                1.2459157211695928,
                0.009990734815541117,
                -0.01177523606561516,
                -0.6233493417615026,
                0.7817909740838315
            ]
        }
    ]
}