{
    "hook_path": "models/hook/Hook42#2/base.urdf",
    "obj_path": "models/geo_data/hanging_exp/daily_5/base.urdf",
    "hook_pose": [
        0.5,
        -0.1,
        1.3,
        0.0,
        0.0,
        -0.7071067811865475,
        0.7071067811865476
    ],
    "contact_info": [
        {
            "contact_point_hook": [
                -0.005391361184436949,
                -0.0018431429815495282,
                -0.013038112764463428,
                1.0
            ],
            "contact_point_obj": [
                -0.0023990134357512877,
                -0.002879077697533039,
                0.04159084343433528,
                1.0
            ],
            "obj_pose": [
                0.5004083512566359,
                -0.09606296743128018,
                1.2452886546586694,
                0.007608060385657951,
                0.014022351196425439,
                -0.7511533469398786,
                0.6599349516922941
            ]
        }
    ]
}