{
    "hook_path": "models/hook/Hook15#1/base.urdf",
    "obj_path": "models/geo_data/hanging_exp/daily_5/base.urdf",
    "hook_pose": [
        0.5,
        -0.1,
        1.3,
        0.0,
        0.0,
        -0.7071067811865475,
        0.7071067811865476
    ],
    "contact_info": [
        {
            "contact_point_hook": [
                -0.009498948911879385,
                0.0015299228767352568,
                0.007957118011440611,
                1.0
            ],
            "contact_point_obj": [
                -0.003453257577387736,
                0.0022005356109714436,
                0.042690938493094244,
                1.0
            ],
            "obj_pose": [
                0.499338704578883,
                -0.09604457449575701,
                1.2654865224788578,
                -0.01781382828614547,
                -0.015850289892537946,
                -0.6968094162607871,
                0.7168598700181336
            ]
        }
    ]
}