{
    "hook_path": "models/hook/Hook_bar#7/base.urdf",
    "obj_path": "models/geo_data/hanging_exp/daily_5/base.urdf",
    "hook_pose": [
        0.5,
        -0.1,
        1.3,
        4.329780281177466e-17,
        0.7071067811865475,
        0.7071067811865476,
        4.329780281177467e-17
    ],
    "contact_info": [
        {
            "contact_point_hook": [
                -0.0004259691984894731,
                -0.0024284197550463738,
                0.024606800932111945,
                1.0
            ],
            "contact_point_obj": [
                -0.0017214790342123462,
                7.476723757435244e-05,
                0.04057859377215722,
                1.0
            ],
            "obj_pose": [
                0.49168611503364024,
                -0.0778182819078803,
                1.257982121103319,
                -0.08210796191630708,
                0.06993704835707111,
                -0.7022144312090266,
                0.7037485235926497
            ]
        }
    ]
}