{
    "hook_path": "models/hook/Hook1#15/base.urdf",
    "obj_path": "models/geo_data/hanging_exp/daily_5/base.urdf",
    "hook_pose": [
        0.5,
        -0.1,
        1.3,
        0.0,
        0.0,
        -0.7071067811865475,
        0.7071067811865476
    ],
    "contact_info": [
        {
            "contact_point_hook": [
                -0.013837409575281456,
                -0.0033779651634867625,
                -0.008523642289269384,
                1.0
            ],
            "contact_point_obj": [
                0.0007468551811041224,
                0.0013610146366105358,
                0.03996783795664105,
                1.0
            ],
            "obj_pose": [
                0.500120845205845,
                -0.08750845801686281,
                1.2516544392379252,
                -0.01906490912478934,
                -0.02524062351838959,
                0.5573316640289862,
                0.8296872039721642
            ]
        }
    ]
}