{
    "hook_path": "models/hook_1120/Hook_skew#6/base.urdf",
    "obj_path": "models/geo_data/hanging_exp/daily_5/base.urdf",
    "hook_pose": [
        0.5,
        -0.1,
        1.3,
        4.329780281177466e-17,
        0.7071067811865475,
        0.7071067811865476,
        4.329780281177467e-17
    ],
    "contact_info": [
        {
            "contact_point_hook": [
                -0.01426226699482036,
                0.006260610137981182,
                0.007491906152468162,
                1.0
            ],
            "contact_point_obj": [
                -0.004819539874617973,
                -0.011452630903874494,
                0.044275705743373805,
                1.0
            ],
            "obj_pose": [
                0.5000798791371405,
                -0.08055625506368047,
                1.2641804216565071,
                0.08030821571207913,
                -0.0352703767847432,
                0.7030772146860161,
                0.7056833717751595
            ]
        }
    ]
}