{
    "hook_path": "models/hook/Hook42#9/base.urdf",
    "obj_path": "models/geo_data/hanging_exp/daily_5/base.urdf",
    "hook_pose": [
        0.5,
        -0.1,
        1.3,
        0.0,
        0.0,
        -0.7071067811865475,
        0.7071067811865476
    ],
    "contact_info": [
        {
            "contact_point_hook": [
                -0.008861840907829419,
                0.003874665483319495,
                -0.013359865099867418,
                1.0
            ],
            "contact_point_obj": [
                -0.004967996067367946,
                0.0019200269331092756,
                0.0439073319675134,
                1.0
            ],
            "obj_pose": [
                0.4913720558816947,
                -0.09593030379572737,
                1.244486352256766,
                -0.08489764834986936,
                0.08757451541407064,
                -0.7023977014080686,
                0.7012564171623062
            ]
        }
    ]
}