{
    "hook_path": "models/hook_1120/Hook136#14/base.urdf",
    "obj_path": "models/geo_data/hanging_exp/daily_5/base.urdf",
    "hook_pose": [
        0.5,
        -0.1,
        1.3,
        0.0,
        0.0,
        -0.7071067811865475,
        0.7071067811865476
    ],
    "contact_info": [
        {
            "contact_point_hook": [
                -0.0061366407618020065,
                -0.04885249497602151,
                -0.016793056197506262,
                1.0
            ],
            "contact_point_obj": [
                -0.0035287910541915712,
                -0.004495549756573902,
                0.04172966523548349,
                1.0
            ],
            "obj_pose": [
                0.45595498024098646,
                -0.09775338645233582,
                1.2415442126762866,
                0.009480128919527504,
                -0.004578469870189106,
                -0.7547004473716511,
                0.6559850604292347
            ]
        }
    ]
}