{
    "hook_path": "models/hook/Hook_180#14/base.urdf",
    "obj_path": "models/geo_data/hanging_exp/daily_5/base.urdf",
    "hook_pose": [
        0.5,
        -0.1,
        1.3,
        4.329780281177466e-17,
        0.7071067811865475,
        0.7071067811865476,
        4.329780281177467e-17
    ],
    "contact_info": [
        {
            "contact_point_hook": [
                -0.00021231698225321338,
                -0.015783827148151186,
                0.033011314606340963,
                1.0
            ],
            "contact_point_obj": [
                -0.001417735105035664,
                -0.0006602791224729065,
                0.04074252622980712,
                1.0
            ],
            "obj_pose": [
                0.4969575155572709,
                -0.06814730223787117,
                1.243590278897052,
                -0.031648428232169803,
                0.03251515334882542,
                -0.760825043858621,
                0.6473688241108488
            ]
        }
    ]
}