{
    "hook_path": "models/hook/Hook35#5/base.urdf",
    "obj_path": "models/geo_data/hanging_exp/daily_5/base.urdf",
    "hook_pose": [
        0.5,
        -0.1,
        1.3,
        0.0,
        0.0,
        -0.7071067811865475,
        0.7071067811865476
    ],
    "contact_info": [
        {
            "contact_point_hook": [
                0.0007214749877719749,
                -0.00028121251630175426,
                0.023848535529150228,
                1.0
            ],
            "contact_point_obj": [
                -0.005247766611809604,
                -0.003120268631040979,
                0.041149824233193355,
                1.0
            ],
            "obj_pose": [
                0.49928572525340964,
                -0.10681396551257157,
                1.2826990861832048,
                -0.020610905967830544,
                0.012676730522237745,
                -0.7985438300814529,
                0.6014501163831425
            ]
        }
    ]
}