{
    "hook_path": "models/hook_1120/Hook84#12/base.urdf",
    "obj_path": "models/geo_data/hanging_exp/daily_5/base.urdf",
    "hook_pose": [
        0.5,
        -0.1,
        1.3,
        0.0,
        0.0,
        -0.7071067811865475,
        0.7071067811865476
    ],
    "contact_info": [
        {
            "contact_point_hook": [
                -0.016664279471785462,
                -0.0009339479088100733,
                -0.021030949817626876,
                1.0
            ],
            "contact_point_obj": [
                0.002753082350880287,
                -0.0017778438632424093,
                0.04053978677104286,
                1.0
            ],
            "obj_pose": [
                0.4893219356040318,
                -0.08098815222487157,
                1.2395513432523622,
                -0.11291416522534754,
                0.094984178846939,
                -0.7517304569843769,
                0.6427516760789469
            ]
        }
    ]
}