{
    "hook_path": "models/hook_1120/Hook40#9/base.urdf",
    "obj_path": "models/geo_data/hanging_exp/daily_5/base.urdf",
    "hook_pose": [
        0.5,
        -0.1,
        1.3,
        0.0,
        0.0,
        -0.7071067811865475,
        0.7071067811865476
    ],
    "contact_info": [
        {
            "contact_point_hook": [
                0.0007316867297418452,
                -0.0016117261503858504,
                -0.03242577422252757,
                1.0
            ],
            "contact_point_obj": [
                0.006382706749786662,
                0.002977048819880146,
                0.04161730230722971,
                1.0
            ],
            "obj_pose": [
                0.491708399282872,
                -0.10700250303099049,
                1.226371583202637,
                0.08149002034909833,
                0.08020956896354386,
                0.695529029868247,
                0.7093413636893885
            ]
        }
    ]
}