{
    "hook_path": "models/hook_1120/Hook_bar#26/base.urdf",
    "obj_path": "models/geo_data/hanging_exp/daily_5/base.urdf",
    "hook_pose": [
        0.5,
        -0.1,
        1.3,
        4.329780281177466e-17,
        0.7071067811865475,
        0.7071067811865476,
        4.329780281177467e-17
    ],
    "contact_info": [
        {
            "contact_point_hook": [
                0.0001521432963242364,
                -0.003497988587131573,
                0.024676951919331645,
                1.0
            ],
            "contact_point_obj": [
                -0.0014216109571765015,
                -0.0002937381518892668,
                0.040638396619841144,
                1.0
            ],
            "obj_pose": [
                0.5014538779482132,
                -0.07625307312183778,
                1.2558800679730004,
                0.014356716493992311,
                -0.0069948349621378626,
                -0.6811782160534108,
                0.7319434369878977
            ]
        }
    ]
}