{
    "hook_path": "models/hook/Hook2#16/base.urdf",
    "obj_path": "models/geo_data/hanging_exp/daily_5/base.urdf",
    "hook_pose": [
        0.5,
        -0.1,
        1.3,
        0.0,
        0.0,
        -0.7071067811865475,
        0.7071067811865476
    ],
    "contact_info": [
        {
            "contact_point_hook": [
                -0.00815071966593439,
                0.008462139080057107,
                -0.014101731790556293,
                1.0
            ],
            "contact_point_obj": [
                0.003801729582881566,
                0.006660920053959962,
                0.038330068153233254,
                1.0
            ],
            "obj_pose": [
                0.49885391568263915,
                -0.09069736986937893,
                1.248025187085184,
                -0.04459618822625866,
                0.006622735216365059,
                -0.6798656837173792,
                0.7319494323226452
            ]
        }
    ]
}