{
    "hook_path": "models/hook/Hook_60#10/base.urdf",
    "obj_path": "models/geo_data/hanging_exp/daily_5/base.urdf",
    "hook_pose": [
        0.5,
        -0.1,
        1.3,
        4.329780281177466e-17,
        0.7071067811865475,
        0.7071067811865476,
        4.329780281177467e-17
    ],
    "contact_info": [
        {
            "contact_point_hook": [
                0.0012303940400536506,
                0.0020554770087677365,
                0.018834595763645715,
                1.0
            ],
            "contact_point_obj": [
                0.0019328975677375404,
                0.0025827940597805688,
                0.040507912754275566,
                1.0
            ],
            "obj_pose": [
                0.5010200055002217,
                -0.07959590691509161,
                1.2615120398834045,
                0.03425471817731269,
                -0.028598757373935448,
                0.6909985731775073,
                0.7214774405523078
            ]
        }
    ]
}