{
    "file": "models/everyday_objects/mug_150/base.urdf",
    "contact_pose": [
        -0.0031223612979761617,
        0.06343698873675896,
        -0.010195542084926346,
        0.5049202924855573,
        0.5616785363101372,
        0.4592247300921443,
        -0.46763807304003635
    ],
    "obj_pose": [
        0.5024844832055807,
        -0.07179192028930945,
        1.236773443573932,
        0.7541660384620872,
        0.04018895188187336,
        -0.005883421224601233,
        0.6554264412821106
    ],
    "initial_pose": [
        {
            "robot_pose": [
                0.4494551122188568,
                0.11578597873449326,
                1.2556352615356445,
                0.7154353260993958,
                -0.04366425424814224,
                0.6965365409851074,
                0.03290223702788353
            ],
            "obj_pose": [
                0.5370285472719966,
                0.06974844169475508,
                1.2521575447260163,
                0.7418269526102899,
                0.007938408300210531,
                -0.0666116145981548,
                0.667227582504813
            ]
        },
        {
            "robot_pose": [
                0.4179438566532555,
                0.11604431315392419,
                1.2261487962396338,
                0.7081499066379661,
                -0.03903770011949487,
                0.7038826825411957,
                0.039356535881994115
            ],
            "obj_pose": [
                0.5054447632763986,
                0.06974844169475508,
                1.2251795264816308,
                0.7368279215387539,
                -0.00016110131316884971,
                -0.06017344916705453,
                0.6733971666873768
            ]
        },
        {
            "robot_pose": [
                0.41775730198143024,
                0.1146955398798178,
                1.256884196769318,
                0.722694285129115,
                -0.028819989673265066,
                0.6894923957569248,
                0.03850473516759243
            ],
            "obj_pose": [
                0.5058674729534782,
                0.06974844169475508,
                1.2527596369238914,
                0.7317116368272227,
                0.01928955968236364,
                -0.07020335903786629,
                0.6777148971349881
            ]
        },
        {
            "robot_pose": [
                0.41562716646882564,
                0.11470668366290904,
                1.2887538017919047,
                0.7205020569582086,
                -0.03527852951428492,
                0.6917935965942641,
                0.03246276305973627
            ],
            "obj_pose": [
                0.503724720178833,
                0.06974844169475508,
                1.2844837470680166,
                0.7378160904884571,
                0.0171108164220997,
                -0.06772352552891282,
                0.6713778076967043
            ]
        },
        {
            "robot_pose": [
                0.4454434087285034,
                0.11698670325988772,
                1.288343128813067,
                0.7177360805425093,
                -0.0465189957891539,
                0.6936247554918245,
                0.039693831852718055
            ],
            "obj_pose": [
                0.5323567848183657,
                0.06974844169475508,
                1.2844357564394675,
                0.7398164858366068,
                0.005333949483581329,
                -0.0740310377948809,
                0.668702117321527
            ]
        },
        {
            "robot_pose": [
                0.4740991501599912,
                0.11427110276873607,
                1.2894274571407194,
                0.7222657705106275,
                -0.03863015984392689,
                0.6900475082027409,
                0.025967362636793938
            ],
            "obj_pose": [
                0.5623627523727225,
                0.06974844169475508,
                1.284143042960902,
                0.7423919953002683,
                0.020566956348199928,
                -0.06777956470657766,
                0.6662109697602135
            ]
        },
        {
            "robot_pose": [
                0.4782458834019525,
                0.11278336688183331,
                1.2574825657170006,
                0.7174135347144093,
                -0.04089763638727504,
                0.6953375203249268,
                0.012285616585800565
            ],
            "obj_pose": [
                0.5672672945854544,
                0.06974844169475508,
                1.2526000025642958,
                0.7500734592120233,
                0.021906405632871356,
                -0.056619022371183624,
                0.658562222940011
            ]
        },
        {
            "robot_pose": [
                0.4782333597155858,
                0.11535934362196865,
                1.2275897677451042,
                0.723467202122184,
                -0.04482036152681704,
                0.6883052219735746,
                0.028675146904822334
            ],
            "obj_pose": [
                0.5659030169058825,
                0.06974844169475508,
                1.221730357243897,
                0.7439744970581424,
                0.017377849061245718,
                -0.07345887621376626,
                0.6639305322053649
            ]
        },
        {
            "robot_pose": [
                0.44672240378850925,
                0.11766167063707575,
                1.221025458421154,
                0.7128421844000715,
                -0.05292686349275971,
                0.698242964002205,
                0.03887840637125781
            ],
            "obj_pose": [
                0.533297034930365,
                0.06974844169475508,
                1.2178931121963419,
                0.7434143345242148,
                -0.0020229947048729787,
                -0.07155027118646556,
                0.6649899197803574
            ]
        }
    ]
}