{
    "hook_path": "models/hook/Hook122#1/base.urdf",
    "obj_path": "models/geo_data/hanging_exp/daily_5/base.urdf",
    "hook_pose": [
        0.5,
        -0.1,
        1.3,
        0.7071067811865476,
        -0.7071067811865475,
        -4.329780281177466e-17,
        4.329780281177467e-17
    ],
    "contact_info": [
        {
            "contact_point_hook": [
                -0.009356697135649879,
                0.004932697344319725,
                0.03579551719010077,
                1.0
            ],
            "contact_point_obj": [
                -0.0031896098238259896,
                -0.006379660936204401,
                0.04104259548788369,
                1.0
            ],
            "obj_pose": [
                0.5004491709447764,
                -0.0952584636743447,
                1.2231544631596245,
                0.008669181563371691,
                0.0022815613393995966,
                -0.818984451065064,
                0.5737456829314984
            ]
        }
    ]
}