{
    "hook_path": "models/hook_1120/Hook136#19/base.urdf",
    "obj_path": "models/geo_data/hanging_exp/daily_5/base.urdf",
    "hook_pose": [
        0.5,
        -0.1,
        1.3,
        0.0,
        0.0,
        -0.7071067811865475,
        0.7071067811865476
    ],
    "contact_info": [
        {
            "contact_point_hook": [
                -0.00759430993325696,
                -0.037356516041760435,
                -0.013365026499548183,
                1.0
            ],
            "contact_point_obj": [
                -0.0038758573688177644,
                -0.003621085174145111,
                0.042497364138759375,
                1.0
            ],
            "obj_pose": [
                0.4636608239050926,
                -0.09678083631689972,
                1.2440440871320464,
                -0.025763994154087654,
                0.017477170595657725,
                -0.7068338172242783,
                0.7066942195471488
            ]
        }
    ]
}