{
    "hook_path": "models/hook/Hook15#10/base.urdf",
    "obj_path": "models/geo_data/hanging_exp/daily_5/base.urdf",
    "hook_pose": [
        0.5,
        -0.1,
        1.3,
        0.0,
        0.0,
        -0.7071067811865475,
        0.7071067811865476
    ],
    "contact_info": [
        {
            "contact_point_hook": [
                -0.005658992025982245,
                0.0038982543367113154,
                0.006521890954899412,
                1.0
            ],
            "contact_point_obj": [
                -0.0026921662498313667,
                0.0037031582105222505,
                0.0404468705597667,
                1.0
            ],
            "obj_pose": [
                0.5007436839718304,
                -0.09671525368455897,
                1.2660086570547724,
                0.0069213293933355555,
                -0.0062737941870370335,
                -0.7354137576402302,
                0.677553938649466
            ]
        }
    ]
}