{
    "hook_path": "models/hook_1120/Hook44#2/base.urdf",
    "obj_path": "models/geo_data/hanging_exp/daily_5/base.urdf",
    "hook_pose": [
        0.5,
        -0.1,
        1.3,
        0.0,
        0.0,
        -0.7071067811865475,
        0.7071067811865476
    ],
    "contact_info": [
        {
            "contact_point_hook": [
                -0.0015757438346454954,
                0.0027661890228259933,
                -0.049136227359377393,
                1.0
            ],
            "contact_point_obj": [
                -0.004329182000611234,
                -0.0008839469435422131,
                0.04298305747211306,
                1.0
            ],
            "obj_pose": [
                0.5021382367741786,
                -0.1028418328915996,
                1.2078852070469972,
                -0.015058266202000419,
                0.013496660159903869,
                -0.6885724607088649,
                0.724885546232546
            ]
        }
    ]
}