{
    "hook_path": "models/hook_1120/Hook2#9/base.urdf",
    "obj_path": "models/geo_data/hanging_exp/daily_5/base.urdf",
    "hook_pose": [
        0.5,
        -0.1,
        1.3,
        0.0,
        0.0,
        -0.7071067811865475,
        0.7071067811865476
    ],
    "contact_info": [
        {
            "contact_point_hook": [
                -0.0038257105247201106,
                0.0008182126695247538,
                -0.007919463398483817,
                1.0
            ],
            "contact_point_obj": [
                -0.00012661763422510894,
                -0.0006840454506424898,
                0.04076758363098998,
                1.0
            ],
            "obj_pose": [
                0.4985292040094323,
                -0.0975467659074183,
                1.2513944631474356,
                -0.0366069484997629,
                0.014498175160406085,
                -0.7190868072611768,
                0.693803933299229
            ]
        }
    ]
}