{
    "hook_path": "models/hook_1120/Hook209#13/base.urdf",
    "obj_path": "models/geo_data/hanging_exp/daily_5/base.urdf",
    "hook_pose": [
        0.5,
        -0.1,
        1.3,
        0.0,
        0.0,
        -0.7071067811865475,
        0.7071067811865476
    ],
    "contact_info": [
        {
            "contact_point_hook": [
                -0.008391952882050663,
                0.0028535825841119467,
                -0.042176308636456605,
                1.0
            ],
            "contact_point_obj": [
                0.0028678113625556813,
                -0.0012886274552552923,
                0.0407145335208956,
                1.0
            ],
            "obj_pose": [
                0.49012149958281054,
                -0.0937819884582465,
                1.2190844840400747,
                0.1053997420098892,
                0.09540561085109746,
                0.6935766754258309,
                0.7062153064807001
            ]
        }
    ]
}