{
    "file": "models/everyday_objects/mug_205/base.urdf",
    "contact_pose": [
        -0.013066306937973227,
        0.057146298469046064,
        -0.0045585117840436125,
        0.42424662908403904,
        0.5787310769906138,
        0.43820311404622836,
        -0.5413530909455514
    ],
    "obj_pose": [
        0.49698668903947585,
        -0.07454540938937147,
        1.2430320118916551,
        0.7088601502276971,
        0.10962012994845823,
        -0.07239478763300418,
        0.6930077266905631
    ],
    "initial_pose": [
        {
            "robot_pose": [
                0.5188722610473633,
                0.12488900125026703,
                1.2454084157943726,
                0.717460036277771,
                -0.06008429825305939,
                0.6935185790061951,
                0.025940466672182083
            ],
            "obj_pose": [
                0.5539059591289339,
                0.07852341463838884,
                1.240149627928328,
                0.7179877292570785,
                -0.04247298787414404,
                -0.04062437270173428,
                0.6935699865766233
            ]
        },
        {
            "robot_pose": [
                0.4835353586628457,
                0.12460463673932475,
                1.2177393023027436,
                0.7088699049919396,
                -0.04725783738898771,
                0.7030817829841188,
                0.030759730784045678
            ],
            "obj_pose": [
                0.5191890734728316,
                0.07852341463838884,
                1.214558726429307,
                0.7094732366484845,
                -0.04744363343962966,
                -0.027423278538594248,
                0.7025985994291223
            ]
        },
        {
            "robot_pose": [
                0.483411202562102,
                0.12385779050923865,
                1.242986828281386,
                0.7176197859693496,
                -0.05851110886853744,
                0.693911257295039,
                0.009244453661382298
            ],
            "obj_pose": [
                0.5196251338938035,
                0.07852341463838884,
                1.2368120396325655,
                0.7260112006366504,
                -0.03367334467371953,
                -0.031439168540953195,
                0.6861380481288499
            ]
        },
        {
            "robot_pose": [
                0.4941447751821486,
                0.1252140490571626,
                1.273953444670283,
                0.7125765992207528,
                -0.05718161672229363,
                0.6984400840492065,
                0.03385708116995116
            ],
            "obj_pose": [
                0.528905244736827,
                0.07852341463838884,
                1.2698942714952413,
                0.7124232874086699,
                -0.04978167987549093,
                -0.038184485018596635,
                0.6989397606449803
            ]
        },
        {
            "robot_pose": [
                0.5158722120585916,
                0.1260632064201057,
                1.2728583363982229,
                0.7177869508873702,
                -0.0678015983717007,
                0.6917145547688275,
                0.04142235042845015
            ],
            "obj_pose": [
                0.5493520941577754,
                0.07852341463838884,
                1.267974878102093,
                0.7131844847065617,
                -0.05283826439026069,
                -0.0533008446586171,
                0.6969469338111324
            ]
        },
        {
            "robot_pose": [
                0.5508246059720925,
                0.12474194766956134,
                1.2743018279615015,
                0.7161571806702763,
                -0.061733359690540765,
                0.6948552548592014,
                0.022001356100790365
            ],
            "obj_pose": [
                0.5860206258093436,
                0.07852341463838884,
                1.2688364949417736,
                0.7208050737535804,
                -0.04272088770406621,
                -0.03820585425264097,
                0.6907642753542617
            ]
        },
        {
            "robot_pose": [
                0.5512271350064791,
                0.12503489106177293,
                1.239592904102116,
                0.7046305303057612,
                -0.06131429548090158,
                0.7064095829182644,
                0.026867714676656454
            ],
            "obj_pose": [
                0.5862446525365291,
                0.07852341463838884,
                1.2356892519782825,
                0.7178832156498747,
                -0.05648116073133832,
                -0.02892761142446144,
                0.6932652886651053
            ]
        },
        {
            "robot_pose": [
                0.5517131601143519,
                0.12491931410847762,
                1.216072605029928,
                0.7155589957706501,
                -0.047313442969058706,
                0.6959827924896366,
                0.03667034557295376
            ],
            "obj_pose": [
                0.5869204825427993,
                0.07852341463838884,
                1.2125162821065925,
                0.7064220699611194,
                -0.043411452081794824,
                -0.03723286278049873,
                0.7054764481038086
            ]
        },
        {
            "robot_pose": [
                0.5206528727853534,
                0.12457736043191911,
                1.2165817942128423,
                0.7204337106527854,
                -0.048792813271407796,
                0.6911808218660318,
                0.029387096023883324
            ],
            "obj_pose": [
                0.5561834088871668,
                0.07852341463838884,
                1.2119560451795943,
                0.7110125029144919,
                -0.03575395592799101,
                -0.03919404193838253,
                0.7011752294621517
            ]
        }
    ]
}