{
    "hook_path": "models/hook/Hook_90#11/base.urdf",
    "obj_path": "models/geo_data/hanging_exp/daily_5/base.urdf",
    "hook_pose": [
        0.5,
        -0.1,
        1.3,
        4.329780281177466e-17,
        0.7071067811865475,
        0.7071067811865476,
        4.329780281177467e-17
    ],
    "contact_info": [
        {
            "contact_point_hook": [
                -0.0019690008995002506,
                -0.00047176823150518743,
                0.02850330559459158,
                1.0
            ],
            "contact_point_obj": [
                -0.005463420252991236,
                -0.00014558216275745162,
                0.045055807276670246,
                1.0
            ],
            "obj_pose": [
                0.5002284485026223,
                -0.07602472735268914,
                1.254402149295479,
                -0.0010977824210405959,
                0.013295492071375538,
                -0.7716750848599788,
                0.6358770228359257
            ]
        }
    ]
}