{
    "hook_path": "models/hook_all_new/Hook_hsr_391_hard/base.urdf",
    "obj_path": "models/everyday_objects_50/daily_6/base.urdf",
    "hook_pose": [
        0.5,
        -0.1,
        1.3,
        4.329780281177466e-17,
        0.7071067811865475,
        0.7071067811865476,
        4.329780281177467e-17
    ],
    "contact_info": [
        {
            "contact_point_hook": [],
            "obj_pose": [
                0.4982372365081631,
                -0.05387874722750273,
                1.2377578276252283,
                0.7180448466440158,
                0.1042398650727689,
                0.2562293052272282,
                0.6386643812522778
            ],
            "contact_point_obj": []
        }
    ],
    "initial_pose": [
        {
            "robot_pose": [
                0.4300347566604614,
                -0.011735315434634686,
                1.2566776275634766,
                0.7128915190696716,
                -0.04095624387264252,
                0.6982004642486572,
                0.05122930929064751
            ],
            "obj_pose": [
                0.4629034652863245,
                -0.016549559795088393,
                1.2593484220892703,
                0.7016479314553352,
                0.003241754986534923,
                0.02524684721976861,
                0.7120690050932692
            ]
        },
        {
            "robot_pose": [
                0.4209471059383527,
                -0.01210014862904311,
                1.2244882609098557,
                0.7231374628626507,
                -0.02615947286704121,
                0.6876201266776663,
                0.05971978877790208
            ],
            "obj_pose": [
                0.45392773124086955,
                -0.016549559795088393,
                1.2262611663849217,
                0.6908699526003791,
                0.018038628316422292,
                0.017305823181068526,
                0.7225467631693036
            ]
        },
        {
            "robot_pose": [
                0.4185728253101924,
                -0.011479424967732733,
                1.256861334781597,
                0.7226013295087473,
                -0.05128968266826714,
                0.6878980097149572,
                0.044866638766235055
            ],
            "obj_pose": [
                0.45146920842437466,
                -0.016549559795088393,
                1.258529810052747,
                0.7108944698287466,
                0.010272960201284645,
                0.01375290539253482,
                0.7030891669261248
            ]
        },
        {
            "robot_pose": [
                0.4219913918166623,
                -0.011496224676939056,
                1.28249953666286,
                0.7071888713505448,
                -0.05311808805740286,
                0.7037570997343187,
                0.04228845625710359
            ],
            "obj_pose": [
                0.45478495308554795,
                -0.016549559795088393,
                1.2856153419168161,
                0.7115429675962891,
                -0.005148606647373134,
                0.02986465558680689,
                0.7019887459643056
            ]
        },
        {
            "robot_pose": [
                0.43471645822187066,
                -0.011260672014158882,
                1.2886264533627396,
                0.7080418357835778,
                -0.03548373634860605,
                0.7018612377985904,
                0.0693431042771688
            ],
            "obj_pose": [
                0.46746762083143634,
                -0.016549559795088393,
                1.291796802342834,
                0.6892126941188937,
                -0.006012082113622955,
                0.022440534402032832,
                0.724186536432283
            ]
        },
        {
            "robot_pose": [
                0.47651344924131817,
                -0.010529107585150485,
                1.2877046365388618,
                0.7105791096255392,
                -0.04394602798626754,
                0.6980834963516588,
                0.07632501365509119
            ],
            "obj_pose": [
                0.50916441184394,
                -0.016549559795088393,
                1.2905909655573737,
                0.6901356294635729,
                -0.010685199644230425,
                0.011581578815838755,
                0.7235084702238209
            ]
        },
        {
            "robot_pose": [
                0.48432546022923867,
                -0.012517304444652405,
                1.2573681521011553,
                0.7163190337209895,
                -0.03145421907970487,
                0.6956683674710749,
                0.04408170290770629
            ],
            "obj_pose": [
                0.5173205865657685,
                -0.016549559795088393,
                1.2597607769606713,
                0.7007677903404175,
                0.014662807207112603,
                0.030543577727020817,
                0.7125844483047951
            ]
        },
        {
            "robot_pose": [
                0.4758019957330284,
                -0.011528115834148697,
                1.2444632088926144,
                0.7053021202567454,
                -0.048741057424530276,
                0.7056739626076458,
                0.046877361061616454
            ],
            "obj_pose": [
                0.5085794821261321,
                -0.016549559795088393,
                1.247792410777466,
                0.7068899869081477,
                -0.00664585723852433,
                0.03139407972819014,
                0.7065952099671946
            ]
        },
        {
            "robot_pose": [
                0.42736501622134515,
                -0.010956745853659001,
                1.2293990876889644,
                0.7113905157095034,
                -0.05583855004388564,
                0.6986565319700656,
                0.0518135196944194
            ],
            "obj_pose": [
                0.4601073008489909,
                -0.016549559795088393,
                1.232105622091452,
                0.7085861474096841,
                -0.00626868198462014,
                0.018885385734443098,
                0.7053436875246977
            ]
        }
    ]
}