{
    "hook_path": "models/hook/Hook84#3/base.urdf",
    "obj_path": "models/geo_data/hanging_exp/daily_5/base.urdf",
    "hook_pose": [
        0.5,
        -0.1,
        1.3,
        0.0,
        0.0,
        -0.7071067811865475,
        0.7071067811865476
    ],
    "contact_info": [
        {
            "contact_point_hook": [
                -0.017578482399590145,
                0.006720271181273385,
                -0.03467504372612695,
                1.0
            ],
            "contact_point_obj": [
                0.0043878283332228485,
                0.006029949707899662,
                0.03944745860586685,
                1.0
            ],
            "obj_pose": [
                0.49764364240502285,
                -0.07874869292871449,
                1.2263911600241837,
                -0.035392222735937943,
                0.0205648267620629,
                -0.711523707113122,
                0.7014688109146809
            ]
        }
    ]
}