{
    "hook_path": "models/hook/Hook_180#12/base.urdf",
    "obj_path": "models/geo_data/hanging_exp/daily_5/base.urdf",
    "hook_pose": [
        0.5,
        -0.1,
        1.3,
        4.329780281177466e-17,
        0.7071067811865475,
        0.7071067811865476,
        4.329780281177467e-17
    ],
    "contact_info": [
        {
            "contact_point_hook": [
                0.0004574039092297144,
                -0.01929505112847396,
                0.0331797906644033,
                1.0
            ],
            "contact_point_obj": [
                -0.0020565167881122434,
                -0.0028573713586697025,
                0.041038821502091594,
                1.0
            ],
            "obj_pose": [
                0.4987106983371913,
                -0.0695664183994597,
                1.2396154735211786,
                -0.03452241749890375,
                0.024508549339830456,
                -0.7426992389030918,
                0.6682853987871177
            ]
        }
    ]
}