{
    "hook_path": "models/hook_1120/Hook44#17/base.urdf",
    "obj_path": "models/geo_data/hanging_exp/daily_5/base.urdf",
    "hook_pose": [
        0.5,
        -0.1,
        1.3,
        0.0,
        0.0,
        -0.7071067811865475,
        0.7071067811865476
    ],
    "contact_info": [
        {
            "contact_point_hook": [
                0.006070920716099229,
                -0.0005535806897127293,
                -0.05148132241949077,
                1.0
            ],
            "contact_point_obj": [
                0.002076490849463708,
                0.00019567956057631175,
                0.040700401900849004,
                1.0
            ],
            "obj_pose": [
                0.4965093336401452,
                -0.10446761925579824,
                1.2079024767263846,
                -0.027736945036989025,
                0.019696203586036545,
                -0.7043067750588634,
                0.7090801703971816
            ]
        }
    ]
}