{
    "hook_path": "models/hook_1120/Hook_bar#3/base.urdf",
    "obj_path": "models/geo_data/hanging_exp/daily_5/base.urdf",
    "hook_pose": [
        0.5,
        -0.1,
        1.3,
        4.329780281177466e-17,
        0.7071067811865475,
        0.7071067811865476,
        4.329780281177467e-17
    ],
    "contact_info": [
        {
            "contact_point_hook": [
                0.0034246978180304533,
                -0.0018180378185208568,
                0.023391639515378138,
                1.0
            ],
            "contact_point_obj": [
                -0.011561619086734809,
                -0.0022276728022251335,
                0.041109288892275275,
                1.0
            ],
            "obj_pose": [
                0.4978046518626854,
                -0.08546160639677679,
                1.2563643112260452,
                0.018066214757606523,
                0.029100153220036604,
                -0.7187305149566698,
                0.6944445549048698
            ]
        }
    ]
}