{
    "hook_path": "models/hook_all_new/Hook_hs_156_hard/base.urdf",
    "obj_path": "models/everyday_objects_50/cooking_32/base.urdf",
    "hook_pose": [
        0.5,
        -0.1,
        1.3,
        4.329780281177466e-17,
        0.7071067811865475,
        0.7071067811865476,
        4.329780281177467e-17
    ],
    "contact_info": [
        {
            "contact_point_hook": [],
            "obj_pose": [
                0.5014323728164406,
                -0.08696698519733784,
                1.2035744100910712,
                0.7338665879113814,
                -0.03116016587580559,
                0.14606903514172492,
                0.6626708928138195
            ],
            "contact_point_obj": []
        }
    ],
    "initial_pose": [
        {
            "robot_pose": [
                0.48971787095069885,
                0.042184486985206604,
                1.2533812522888184,
                0.7137965559959412,
                -0.05003196373581886,
                0.6970728039741516,
                0.04561563581228256
            ],
            "obj_pose": [
                0.5531324914894695,
                0.03354219565216158,
                1.203540828436483,
                0.6947266087260516,
                -0.06730034691694832,
                0.08353993218434112,
                0.7112289941808431
            ]
        },
        {
            "robot_pose": [
                0.4796685754187866,
                0.043061564649739606,
                1.227018666450896,
                0.7262790596330946,
                -0.041243259431033685,
                0.6841188523828614,
                0.052906681093496104
            ],
            "obj_pose": [
                0.5411993156070334,
                0.03354219565216158,
                1.1750232746058837,
                0.6890218416971036,
                -0.05227996336702325,
                0.07207185623370199,
                0.7192505506662493
            ]
        },
        {
            "robot_pose": [
                0.4792908569130971,
                0.043929809507824685,
                1.2485919804840424,
                0.7116910563429404,
                -0.051831364747466274,
                0.6983207162642172,
                0.056191878293176886
            ],
            "obj_pose": [
                0.5427296481491377,
                0.03354219565216158,
                1.1991168514570492,
                0.6893491253164845,
                -0.0741643337153173,
                0.07910565973995569,
                0.7162679174911208
            ]
        },
        {
            "robot_pose": [
                0.4814745807411964,
                0.04370425631171907,
                1.2788343689459645,
                0.7143896894111783,
                -0.03810268151391367,
                0.6964011319087039,
                0.05675403774821363
            ],
            "obj_pose": [
                0.5447045841882268,
                0.03354219565216158,
                1.2290461139596534,
                0.6833250728690613,
                -0.06399819157008793,
                0.08376719855803369,
                0.7224639317709842
            ]
        },
        {
            "robot_pose": [
                0.4863023533436453,
                0.039368424542237566,
                1.2850854081601475,
                0.7152619477773561,
                -0.04888212166255799,
                0.6965723142720479,
                0.028247039370404594
            ],
            "obj_pose": [
                0.5498485968203873,
                0.03354219565216158,
                1.2350044622399974,
                0.7038537946997366,
                -0.05885018319718307,
                0.09158062072410231,
                0.7019540451712114
            ]
        },
        {
            "robot_pose": [
                0.5448376749563357,
                0.0431324186081194,
                1.2842373670740115,
                0.7170778797381828,
                -0.04393594182673341,
                0.6936198640053968,
                0.052539810269211715
            ],
            "obj_pose": [
                0.6077050035187066,
                0.03354219565216158,
                1.233879668849928,
                0.6887986126346807,
                -0.06305743161499543,
                0.08006379673665984,
                0.717753453494144
            ]
        },
        {
            "robot_pose": [
                0.5374178731750787,
                0.04384689022378244,
                1.2491481277474352,
                0.714016132344194,
                -0.0606188291802123,
                0.6953535027436168,
                0.05467930617008013
            ],
            "obj_pose": [
                0.6004333796709773,
                0.03354219565216158,
                1.1991178333430157,
                0.6945482841210706,
                -0.076103134844645,
                0.0726093084077064,
                0.711715450319753
            ]
        },
        {
            "robot_pose": [
                0.5404896311225162,
                0.04176055975268133,
                1.2477682777803216,
                0.7127791235905222,
                -0.038490788198776715,
                0.6989193634420325,
                0.044453386858008447
            ],
            "obj_pose": [
                0.6042122924595197,
                0.03354219565216158,
                1.1982500783887566,
                0.6899287410282132,
                -0.06148089712446544,
                0.09157119862506298,
                0.715425151343147
            ]
        },
        {
            "robot_pose": [
                0.49161759777674463,
                0.04414034597404991,
                1.2236788710606175,
                0.7113282134065719,
                -0.06357415822506947,
                0.697741078118537,
                0.055927516695900056
            ],
            "obj_pose": [
                0.5549347515234858,
                0.03354219565216158,
                1.1740926996162708,
                0.6946660334675822,
                -0.08086120109521627,
                0.07294136322297712,
                0.711041577993178
            ]
        }
    ]
}