{
    "hook_path": "models/hook_1120/Hook_60#25/base.urdf",
    "obj_path": "models/geo_data/hanging_exp/daily_5/base.urdf",
    "hook_pose": [
        0.5,
        -0.1,
        1.3,
        4.329780281177466e-17,
        0.7071067811865475,
        0.7071067811865476,
        4.329780281177467e-17
    ],
    "contact_info": [
        {
            "contact_point_hook": [
                0.000916849844226908,
                0.002483808402533816,
                0.019287110822859336,
                1.0
            ],
            "contact_point_obj": [
                0.001949686742195103,
                0.0024839901127569064,
                0.04065136960324556,
                1.0
            ],
            "obj_pose": [
                0.49760140395359054,
                -0.07975415806320207,
                1.261748190096976,
                0.05961277313314692,
                0.009301026339144357,
                0.7111809727000133,
                0.7004151856276942
            ]
        }
    ]
}