{
    "hook_path": "models/hook_1120/Hook2#15/base.urdf",
    "obj_path": "models/geo_data/hanging_exp/daily_5/base.urdf",
    "hook_pose": [
        0.5,
        -0.1,
        1.3,
        0.0,
        0.0,
        -0.7071067811865475,
        0.7071067811865476
    ],
    "contact_info": [
        {
            "contact_point_hook": [
                -0.003211305297603495,
                -0.0007289203916561182,
                -0.007594744144939103,
                1.0
            ],
            "contact_point_obj": [
                -0.007192793151074212,
                -0.0021148819475158565,
                0.0406369023884412,
                1.0
            ],
            "obj_pose": [
                0.4973514999994023,
                -0.1019074646478846,
                1.2514457607035838,
                -0.011846674118553247,
                0.04786897968384864,
                -0.7387525458687448,
                0.672170285767531
            ]
        }
    ]
}