{
    "hook_path": "models/hook/Hook1#16/base.urdf",
    "obj_path": "models/geo_data/hanging_exp/daily_5/base.urdf",
    "hook_pose": [
        0.5,
        -0.1,
        1.3,
        0.0,
        0.0,
        -0.7071067811865475,
        0.7071067811865476
    ],
    "contact_info": [
        {
            "contact_point_hook": [
                -0.009130478420216151,
                -0.0019085702006598204,
                -0.008557209556389722,
                1.0
            ],
            "contact_point_obj": [
                0.0023442243444217192,
                0.003935715666592954,
                0.04022292113496184,
                1.0
            ],
            "obj_pose": [
                0.49735808049099717,
                -0.09223836164057468,
                1.2509896433979908,
                0.04912649913317635,
                0.029441753574005036,
                0.6719919997824654,
                0.7383403838730269
            ]
        }
    ]
}