{
    "hook_path": "models/hook_1120/Hook40#6/base.urdf",
    "obj_path": "models/geo_data/hanging_exp/daily_5/base.urdf",
    "hook_pose": [
        0.5,
        -0.1,
        1.3,
        0.0,
        0.0,
        -0.7071067811865475,
        0.7071067811865476
    ],
    "contact_info": [
        {
            "contact_point_hook": [
                0.0011529317722531593,
                -0.0037510199286895918,
                -0.03325912292491351,
                1.0
            ],
            "contact_point_obj": [
                0.0032566587413978346,
                0.006457583863251071,
                0.038946639307649855,
                1.0
            ],
            "obj_pose": [
                0.49636898877475566,
                -0.10375427894044559,
                1.2272141074158969,
                0.06301724696590677,
                0.04676418722867639,
                0.6776443605400496,
                0.7311908492356469
            ]
        }
    ]
}