{
    "hook_path": "models/hook/Hook136#3/base.urdf",
    "obj_path": "models/geo_data/hanging_exp/daily_5/base.urdf",
    "hook_pose": [
        0.5,
        -0.1,
        1.3,
        0.0,
        0.0,
        -0.7071067811865475,
        0.7071067811865476
    ],
    "contact_info": [
        {
            "contact_point_hook": [
                -0.006306657517948129,
                -0.031461183095512324,
                -0.014468374795412409,
                1.0
            ],
            "contact_point_obj": [
                -0.0032621649042469114,
                0.0038099427373186057,
                0.04166914844712588,
                1.0
            ],
            "obj_pose": [
                0.4609279054242339,
                -0.09762936057479378,
                1.2444456530991828,
                -0.035936140833674864,
                0.03624636504953912,
                -0.6621781496703134,
                0.7476061081223707
            ]
        }
    ]
}