{
    "hook_path": "models/hook_all_new/Hook_hsr_22_normal/base.urdf",
    "obj_path": "models/everyday_objects_50/tool_32/base.urdf",
    "hook_pose": [
        0.5,
        -0.1,
        1.3,
        4.329780281177466e-17,
        0.7071067811865475,
        0.7071067811865476,
        4.329780281177467e-17
    ],
    "contact_info": [
        {
            "contact_point_hook": [],
            "obj_pose": [
                0.5134127589139137,
                -0.07217573929305586,
                1.1197806940537267,
                0.7094001700920164,
                0.10857662604147933,
                0.17527685485142802,
                0.6739736931841319
            ],
            "contact_point_obj": []
        }
    ],
    "initial_pose": [
        {
            "robot_pose": [
                0.5025026798248291,
                0.008643965236842632,
                1.2636436223983765,
                0.7112863659858704,
                -0.057338275015354156,
                0.6983756422996521,
                0.05527655780315399
            ],
            "obj_pose": [
                0.5358498509941094,
                0.0017409073676779604,
                1.1180640465945608,
                0.7003401374216289,
                -0.038613469182858164,
                -0.03254471288802822,
                0.7120207395693992
            ]
        },
        {
            "robot_pose": [
                0.4970576703897907,
                0.012670180181640104,
                1.2324214954600181,
                0.7158905231022478,
                -0.05634927844362969,
                0.6922720929095647,
                0.0713082542899733
            ],
            "obj_pose": [
                0.5277292973768798,
                0.0017409073676779604,
                1.0865006223202234,
                0.6913630508766735,
                -0.04030708798742844,
                -0.04559357683369713,
                0.7199400643747934
            ]
        },
        {
            "robot_pose": [
                0.4893542208676701,
                0.012532943794197171,
                1.2677622972916383,
                0.7051948891947544,
                -0.05069308167230075,
                0.7041346446731822,
                0.06576307394834188
            ],
            "obj_pose": [
                0.5247990002162723,
                0.0017409073676779604,
                1.1229165224452355,
                0.6913101862539875,
                -0.04612101978383043,
                -0.02874936763063896,
                0.7205113127331277
            ]
        },
        {
            "robot_pose": [
                0.4987523779655961,
                0.011044082134451627,
                1.2969616223862508,
                0.7214241952945405,
                -0.052817433005191546,
                0.6875661377784901,
                0.06332657731740594
            ],
            "obj_pose": [
                0.5275394510352187,
                0.0017409073676779604,
                1.1505449078776255,
                0.6941513966243122,
                -0.02953270399207686,
                -0.04480858282059958,
                0.7178257789081154
            ]
        },
        {
            "robot_pose": [
                0.5086876003063474,
                0.011457809631987514,
                1.292311486003349,
                0.7170124997323108,
                -0.049560367822470336,
                0.6924980164930471,
                0.062316469108251706
            ],
            "obj_pose": [
                0.5394167981933399,
                0.0017409073676779604,
                1.1463169753813223,
                0.6930409336602895,
                -0.032077206684428414,
                -0.03803539396187083,
                0.7191791333796913
            ]
        },
        {
            "robot_pose": [
                0.5557261712381008,
                0.011595453600091243,
                1.2970129224167373,
                0.7119434878515792,
                -0.049823260855842155,
                0.6976838405627805,
                0.062380857648703984
            ],
            "obj_pose": [
                0.5885633932551165,
                0.0017409073676779604,
                1.1514873106059098,
                0.6929786725549046,
                -0.037412796796771175,
                -0.033117422581645184,
                0.7192246369121643
            ]
        },
        {
            "robot_pose": [
                0.5503351416882569,
                0.012546506999285363,
                1.2608255954893326,
                0.7038505811125512,
                -0.049630651140417835,
                0.7056248752835631,
                0.06499764084917713
            ],
            "obj_pose": [
                0.5863777496097414,
                0.0017409073676779604,
                1.116128434649955,
                0.691157302828674,
                -0.04663723370538101,
                -0.026423051026192686,
                0.7207137944797293
            ]
        },
        {
            "robot_pose": [
                0.5577334890520047,
                0.011837256356919859,
                1.250791646877559,
                0.7160256956481329,
                -0.05292356601050251,
                0.6929451631883979,
                0.06582780678515572
            ],
            "obj_pose": [
                0.58866977488039,
                0.0017409073676779604,
                1.1048666357232368,
                0.6927200006879828,
                -0.036205788486170176,
                -0.040803903536279704,
                0.7191405863828975
            ]
        },
        {
            "robot_pose": [
                0.4967121666527457,
                0.00565215294380036,
                1.2281023764719492,
                0.7014413642645032,
                -0.06325606032845363,
                0.7084332472782165,
                0.0458368572364702
            ],
            "obj_pose": [
                0.5344091228417551,
                0.0017409073676779604,
                1.083476166619501,
                0.7077291620323086,
                -0.047235115564337314,
                -0.020790750580255764,
                0.7045963537778064
            ]
        }
    ]
}