{
    "hook_path": "models/hook_1120/Hook186#17/base.urdf",
    "obj_path": "models/geo_data/hanging_exp/daily_5/base.urdf",
    "hook_pose": [
        0.5,
        -0.1,
        1.3,
        -0.5,
        0.5,
        0.4999999999999999,
        0.5000000000000001
    ],
    "contact_info": [
        {
            "contact_point_hook": [
                -0.01551292341190802,
                -0.0005177502331139561,
                0.007436133341446841,
                1.0
            ],
            "contact_point_obj": [
                0.0030808234210839835,
                0.0009272426821369251,
                0.04050676229355199,
                1.0
            ],
            "obj_pose": [
                0.4911129070898198,
                -0.09533950050871794,
                1.2760795133941372,
                0.08817321389636584,
                0.08885522506722149,
                0.6725176563058182,
                0.7294177371618877
            ]
        }
    ]
}