{
    "hook_path": "models/hook/Hook_90/base.urdf",
    "obj_path": "models/geo_data/mug/73/base.urdf",
    "hook_pose": [
        0.8,
        -0.2,
        1.0,
        4.329780281177466e-17,
        0.7071067811865475,
        0.7071067811865476,
        4.329780281177467e-17
    ],
    "contact_info": [
        {
            "contact_pose": [
                [
                    0.01448342961852879,
                    -0.014529978920676812,
                    0.03008786455426865
                ],
                [
                    0.37948792614787313,
                    -0.4814730576043022,
                    0.7900459535426728
                ],
                [
                    -0.08057879178179338,
                    -0.8678771277769537,
                    -0.49020031558191796
                ],
                [
                    0.9216810577542391,
                    0.12236415276865152,
                    -0.36814540862848927
                ]
            ],
            "object_pose": [
                0.7749272561044133,
                -0.1521269470650084,
                0.9745910298936357,
                0.6767258149593399,
                -0.3212853058450434,
                0.04186616147583421,
                0.6611090289346786
            ]
        },
        {
            "contact_pose": [
                [
                    0.01660239444759505,
                    0.04292664349293773,
                    0.026130310304029986
                ],
                [
                    0.07224040863420034,
                    -0.9964988712131893,
                    0.0420870886520284
                ],
                [
                    -0.01548217101592722,
                    -0.043312625088815726,
                    -0.9989415993382944
                ],
                [
                    0.9972670784403733,
                    0.07151234983382684,
                    -0.01855688767673702
                ]
            ],
            "object_pose": [
                0.8212822007098328,
                -0.1715048471210922,
                0.9444693887596547,
                0.5239554531326895,
                -0.5111035688091323,
                0.4666150422184806,
                0.4965019913943269
            ]
        },
        {
            "contact_pose": [
                [
                    0.016569999977946295,
                    -0.048069000244140625,
                    -0.026650000363588347
                ],
                [
                    0.06080525756112426,
                    -0.9979959878699682,
                    0.017513676038237946
                ],
                [
                    0.05348578126710374,
                    0.020778677961788394,
                    0.9983524015819307
                ],
                [
                    -0.9967156022934394,
                    -0.05976834226919209,
                    0.054642047977906394
                ]
            ],
            "object_pose": [
                0.819181418273702,
                -0.1724991778707079,
                0.9453762062347162,
                -0.5027999391000734,
                -0.466163115343081,
                -0.5233881082662412,
                0.5059140828837261
            ]
        },
        {
            "contact_pose": [
                [
                    -0.04331500083208081,
                    -0.01486729073347548,
                    -0.004432616335360907
                ],
                [
                    0.9594628425476172,
                    -0.11957235365328989,
                    -0.25521266820488936
                ],
                [
                    0.12403849926372013,
                    0.9922763950870355,
                    0.0014164933750884234
                ],
                [
                    0.2530721329400976,
                    -0.03301526911733643,
                    0.9668839059236943
                ]
            ],
            "object_pose": [
                0.7980090840432585,
                -0.191999032905504,
                0.9893768173260662,
                0.45711337815182523,
                -0.5239653852650556,
                0.5941940837356818,
                -0.40427840087269284
            ]
        },
        {
            "contact_pose": [
                [
                    0.017150999978184686,
                    -0.0058169903207576645,
                    0.006526540063616026
                ],
                [
                    0.7470881904150317,
                    -0.4849954194865591,
                    -0.45457527299606804
                ],
                [
                    0.1736925671119497,
                    0.8025277431378903,
                    -0.5707715073688115
                ],
                [
                    0.6416308345711372,
                    0.347460306468323,
                    0.6837990988269032
                ]
            ],
            "object_pose": [
                0.8107011417410606,
                -0.13584515675820383,
                0.9789213339343004,
                -0.5163762195783721,
                0.6380327210168067,
                -0.5658638382242884,
                0.0778971331687812
            ]
        },
        {
            "contact_pose": [
                [
                    0.017150999978184714,
                    -0.040511999279260746,
                    0.022770000621676445
                ],
                [
                    0.09623394929108858,
                    -0.9946970648948246,
                    -0.03628740957220514
                ],
                [
                    -0.0009173235563357529,
                    0.03636796826913252,
                    -0.999338045608926
                ],
                [
                    0.9953583201648204,
                    0.09620353410138402,
                    0.002587374165185563
                ]
            ],
            "object_pose": [
                0.7814687385804027,
                -0.170358480283383,
                0.9454008869523054,
                -0.5145383370004715,
                0.5323082441663676,
                -0.48455302906763603,
                -0.465946987296502
            ]
        }
    ]
}