{
    "hook_path": "models/hook/Hook_90/base.urdf",
    "obj_path": "models/geo_data/mug/19/base.urdf",
    "hook_pose": [
        0.8,
        -0.2,
        1.0,
        4.329780281177466e-17,
        0.7071067811865475,
        0.7071067811865476,
        4.329780281177467e-17
    ],
    "contact_info": [
        {
            "contact_pose": [
                [
                    0.015217993989462594,
                    0.03117844922514018,
                    0.020595950926737043
                ],
                [
                    0.11575457561635272,
                    -0.950392349364442,
                    0.28871311105215647
                ],
                [
                    -0.17525604879479492,
                    -0.30564891212909046,
                    -0.9358760921591813
                ],
                [
                    0.9776943262516742,
                    0.0577332207991228,
                    -0.20194226806551713
                ]
            ],
            "object_pose": [
                0.800447721056412,
                -0.17486377959040483,
                0.939450359228603,
                0.5411077256555492,
                -0.48586936478382786,
                0.3457953221755342,
                0.5929240969651657
            ]
        },
        {
            "contact_pose": [
                [
                    0.0150124711908836,
                    0.03186965996444735,
                    -0.02060627129839212
                ],
                [
                    0.09718726888001972,
                    -0.9546201764298494,
                    -0.2815225630756552
                ],
                [
                    -0.14595613976011607,
                    -0.293473893612393,
                    0.9447591645675144
                ],
                [
                    -0.9845056830887104,
                    -0.050728616391789355,
                    -0.16785460209659564
                ]
            ],
            "object_pose": [
                0.7992332289826238,
                -0.1744674647052376,
                0.9395209674449236,
                0.36117609305311155,
                0.5866749710112027,
                0.5445858609318022,
                -0.4783205497039225
            ]
        },
        {
            "contact_pose": [
                [
                    0.01520842690178141,
                    0.031258256846359855,
                    0.02062467266188632
                ],
                [
                    0.12415238409654605,
                    -0.9498458489702513,
                    0.2870175059419304
                ],
                [
                    -0.17405205786986794,
                    -0.30561722387044465,
                    -0.936111101111928
                ],
                [
                    0.9768787369343277,
                    0.06626443742841875,
                    -0.2032657316369076
                ]
            ],
            "object_pose": [
                0.8005863151081192,
                -0.17487921372063983,
                0.9394474667898404,
                0.5429617586673303,
                -0.4881851568197143,
                0.3437535449852782,
                0.5905093408201473
            ]
        },
        {
            "contact_pose": [
                [
                    0.009222164654519457,
                    0.0392823486252748,
                    -0.021778648970517726
                ],
                [
                    -0.8636541682070367,
                    0.20219983112196566,
                    -0.461753945335457
                ],
                [
                    0.3385170052216223,
                    0.9113837094826273,
                    -0.23406403240453327
                ],
                [
                    0.3735073157441441,
                    -0.35846193993774966,
                    -0.8555684208183876
                ]
            ],
            "object_pose": [
                0.8032812287996697,
                -0.17350367866862404,
                1.039678174246927,
                -0.35996566501140626,
                -0.43725707546479026,
                0.7346313515115641,
                0.37356090178867435
            ]
        },
        {
            "contact_pose": [
                [
                    0.015199280039015092,
                    0.03133455899633081,
                    0.020652132823075042
                ],
                [
                    0.11817495143154055,
                    -0.950587845440104,
                    0.28708435860508663
                ],
                [
                    -0.16881330168867037,
                    -0.3041340585059921,
                    -0.937552421803519
                ],
                [
                    0.9785380677455133,
                    0.062331553471855136,
                    -0.19641290032648634
                ]
            ],
            "object_pose": [
                0.8005771426424674,
                -0.1747497755654848,
                0.9394361642056077,
                0.5432776938151131,
                -0.4858138780838395,
                0.3470485507225134,
                0.5902470048255014
            ]
        },
        {
            "contact_pose": [
                [
                    -0.042464729454061975,
                    0.03837163279465228,
                    -0.01844144116090559
                ],
                [
                    -0.9167437267912067,
                    -0.20443152111399926,
                    -0.34320357306413035
                ],
                [
                    -0.22067836648138173,
                    0.9753094876119681,
                    0.008512457999269807
                ],
                [
                    0.33298948625456376,
                    0.08354134634477006,
                    -0.9392224685849593
                ]
            ],
            "object_pose": [
                0.7976051472104948,
                -0.18737731079707703,
                1.0224373287297848,
                0.3604370287578879,
                0.6417599406885495,
                -0.5096527887292432,
                -0.44551471554609773
            ]
        },
        {
            "contact_pose": [
                [
                    0.015009298070568541,
                    0.031945869273276695,
                    -0.020609458017694947
                ],
                [
                    0.10349228638887226,
                    -0.9544412923038958,
                    -0.2798770555141547
                ],
                [
                    -0.14405456759272456,
                    -0.29280452181044253,
                    0.9452585855537263
                ],
                [
                    -0.9841430933627879,
                    -0.05750940403645008,
                    -0.16779463708264203
                ]
            ],
            "object_pose": [
                0.7991255834320516,
                -0.1743939607941273,
                0.9395670592832285,
                0.36005519467738234,
                0.5844703198346408,
                0.5461986570740266,
                -0.4800226338713155
            ]
        }
    ]
}