{
    "hook_path": "models/hook/Hook_90/base.urdf",
    "obj_path": "models/geo_data/mug/205/base.urdf",
    "hook_pose": [
        0.8,
        -0.2,
        1.0,
        4.329780281177466e-17,
        0.7071067811865475,
        0.7071067811865476,
        4.329780281177467e-17
    ],
    "contact_info": [
        {
            "contact_pose": [
                [
                    0.025125000625848777,
                    0.030515000224113638,
                    0.009517000056803294
                ],
                [
                    0.030284018011693836,
                    -0.9994766594249642,
                    -0.011370378963857508
                ],
                [
                    0.20304612711411962,
                    0.017289889820308657,
                    -0.9790165115941398
                ],
                [
                    0.9787007451294928,
                    0.027339842258431446,
                    0.20346347217193533
                ]
            ],
            "object_pose": [
                0.8080653099031728,
                -0.17450105017138032,
                0.9412829656384625,
                0.5520451952532269,
                -0.4570733240160077,
                0.5447652393048646,
                0.4353859355972559
            ]
        },
        {
            "contact_pose": [
                [
                    0.033731565894273625,
                    -0.022975746566124215,
                    0.006910427952129973
                ],
                [
                    0.06257262450766965,
                    -0.949553119142776,
                    0.3073004077258072
                ],
                [
                    -0.2204866534976309,
                    -0.3134480310460989,
                    -0.9236535971145998
                ],
                [
                    0.9733808618889308,
                    -0.00996020881051056,
                    -0.22897705550734382
                ]
            ],
            "object_pose": [
                0.7931680414301547,
                -0.17677547700348023,
                0.9410408694888517,
                0.5188577708336037,
                -0.47519102394755763,
                0.3471934430497905,
                0.6200296908281789
            ]
        },
        {
            "contact_pose": [
                [
                    0.019649811788580503,
                    0.028638497345890364,
                    -0.017160477755009496
                ],
                [
                    0.06745215965253992,
                    -0.9680662344556421,
                    -0.241449729478171
                ],
                [
                    -0.058586688535703035,
                    -0.24542639181770792,
                    0.967643263876601
                ],
                [
                    -0.9960009066685775,
                    -0.051123887823742,
                    -0.07327033512381842
                ]
            ],
            "object_pose": [
                0.8005674305425414,
                -0.17478775965620857,
                0.9405144204113006,
                0.40275293113842886,
                0.5587737758230364,
                0.55542482136789,
                -0.4659025774991146
            ]
        },
        {
            "contact_pose": [
                [
                    0.01959515098788534,
                    0.018170165578414395,
                    0.01390063705521617
                ],
                [
                    -0.014421911287232969,
                    -0.9673390745129155,
                    0.2530753314634196
                ],
                [
                    -0.009161024734994111,
                    -0.2529632002713046,
                    -0.9674325273290665
                ],
                [
                    0.9998540313968977,
                    -0.016270655456876587,
                    -0.0052136043554917855
                ]
            ],
            "object_pose": [
                0.7954087032641888,
                -0.17814342558651844,
                0.9409495182700819,
                0.5539954086613781,
                -0.4300625064495561,
                0.4341757418541664,
                0.5653554217603495
            ]
        },
        {
            "contact_pose": [
                [
                    0.045728865322898,
                    0.005058627093764319,
                    -0.00036050798780221354
                ],
                [
                    0.012310420511823905,
                    -0.9712912401937402,
                    0.23757478879234614
                ],
                [
                    -0.07359323144527394,
                    -0.2378285122778349,
                    -0.9685151702648513
                ],
                [
                    0.9972123594462035,
                    -0.005561067399116132,
                    -0.07440823003618668
                ]
            ],
            "object_pose": [
                0.7965346001743574,
                -0.17763462676645392,
                0.9407705570669423,
                0.5381497212551438,
                -0.45564717031213187,
                0.41665124719647006,
                0.5737440822432803
            ]
        },
        {
            "contact_pose": [
                [
                    -0.047736998647451505,
                    0.03453600034117705,
                    -0.01108099985867732
                ],
                [
                    -0.8934265818419356,
                    0.44727540742616645,
                    0.041637156122777075
                ],
                [
                    0.441166256151728,
                    0.8911140709059144,
                    -0.10624522138222109
                ],
                [
                    -0.08462433037432915,
                    -0.07655339669306693,
                    -0.9934678153636638
                ]
            ],
            "object_pose": [
                0.8034304410621319,
                -0.13720918299744742,
                1.0158047529345788,
                -0.5929270645664267,
                -0.33190480225225283,
                0.6074706776302083,
                0.4114074308590318
            ]
        },
        {
            "contact_pose": [
                [
                    0.04575063502473021,
                    0.004920790929214332,
                    -0.00047653116700923065
                ],
                [
                    0.023398901292935537,
                    -0.9963527700001957,
                    -0.08205881507320964
                ],
                [
                    -0.12433337971226802,
                    -0.08434426989369415,
                    0.9886492071637055
                ],
                [
                    -0.9919645669617475,
                    -0.012930655398526336,
                    -0.12585347052567175
                ]
            ],