{
    "hook_path": "models/hook/Hook_90/base.urdf",
    "obj_path": "models/geo_data/mug/149/base.urdf",
    "hook_pose": [
        0.8,
        -0.2,
        1.0,
        4.329780281177466e-17,
        0.7071067811865475,
        0.7071067811865476,
        4.329780281177467e-17
    ],
    "contact_info": [
        {
            "contact_pose": [
                [
                    0.01859454302116497,
                    -0.004304131842120592,
                    0.013281606465726565
                ],
                [
                    0.6140284875860196,
                    -0.728130150466931,
                    0.3046235388374142
                ],
                [
                    -0.3223446041174641,
                    -0.5836358573588964,
                    -0.7452939971590413
                ],
                [
                    0.7204602505545885,
                    0.3594379918510981,
                    -0.5930778678933054
                ]
            ],
            "object_pose": [
                0.7978227078055642,
                -0.13364686043320018,
                0.9733667293287354,
                0.5791625261036508,
                -0.5867621019482998,
                0.05829636608319495,
                0.5629232077077165
            ]
        },
        {
            "contact_pose": [
                [
                    0.04577926986704011,
                    0.008789440309762718,
                    0.0074539999477565315
                ],
                [
                    0.052953957635238136,
                    -0.9756276486332467,
                    0.21294733995316192
                ],
                [
                    -0.10705442631800063,
                    -0.21756392744530073,
                    -0.9701573518147969
                ],
                [
                    0.9928419955745673,
                    0.028576715992885554,
                    -0.11596612922130661
                ]
            ],
            "object_pose": [
                0.801754919354456,
                -0.17481049891742506,
                0.9365838185693707,
                0.5325574216993053,
                -0.48028215726740364,
                0.4035534406172099,
                0.5682044197026007
            ]
        },
        {
            "contact_pose": [
                [
                    0.045974791394889296,
                    0.007512287292478568,
                    -0.006287999916821778
                ],
                [
                    0.08299006324645775,
                    -0.9753301452706148,
                    -0.204557466568078
                ],
                [
                    -0.21909247578378227,
                    -0.21810034987229443,
                    0.9510156278634518
                ],
                [
                    -0.9721682655061734,
                    -0.03410784531429906,
                    -0.23178765806387125
                ]
            ],
            "object_pose": [
                0.7993573652039089,
                -0.17499057468713597,
                0.9364682734518822,
                -0.36818548733411555,
                -0.5893942010737723,
                -0.5048694970233879,
                0.5120163216465866
            ]
        },
        {
            "contact_pose": [
                [
                    0.044550001621246275,
                    0.01349399983882895,
                    -0.006287999916821709
                ],
                [
                    0.08533643283392328,
                    -0.9898394828594395,
                    -0.1137343017903504
                ],
                [
                    -0.1908822125555462,
                    0.09579428504295534,
                    -0.9769275489426061
                ],
                [
                    0.9778965559613553,
                    0.10507736733315234,
                    -0.18076800799160564
                ]
            ],
            "object_pose": [
                0.81834134930612,
                -0.1743215575818535,
                0.9397935809018247,
                -0.44734238928008363,
                0.5936526513204183,
                -0.4521544873993986,
                -0.4929681894990901
            ]
        },
        {
            "contact_pose": [
                [
                    0.04535223118572967,
                    0.010125989526224032,
                    -0.006287999916821667
                ],
                [
                    0.06298118985280277,
                    -0.9530088330946809,
                    -0.2963233601460398
                ],
                [
                    -0.13617481917004487,
                    -0.302341939704692,
                    0.9434223710086642
                ],
                [
                    -0.98868083239675,
                    -0.01906608347613098,
                    -0.14881766061912943
                ]
            ],
            "object_pose": [
                0.8012037480891437,
                -0.17751595629665937,
                0.9363379675705199,
                0.37028223600646315,
                0.5944392516985973,
                0.5429582452758512,
                -0.46338902190819536
            ]
        },
        {
            "contact_pose": [
                [
                    0.018104901898489838,
                    0.0012310982174368523,
                    -0.0144493022090326
                ],
                [
                    0.5189405902182574,
                    -0.7646778192947027,
                    0.382058237056374
                ],
                [
                    -0.654015829392668,
                    -0.06738052006937656,
                    0.7534740608800018
                ],
                [
                    -0.5504216190591963,
                    -0.6408804086519405,
                    -0.5350778850582171
                ]
            ],
            "object_pose": [
                0.7752923919519114,
                -0.14345920916751578,
                0.9745003950068296,
                -0.1476160552004468,
                -0.3972018327262456,
                -0.3888464806973629,
                0.818070057376045
            ]
        },
        {
            "contact_pose": [
                [
                    -0.018992917608933478,
                    0.04286799952387801,
                    -0.03125382820543871
                ],
                [
                    0.48160603316374273,
                    0.5436368403019348,
                    0.6873969847815833
                ],
                [
                    -0.7495253628326253,
                    0.6619736832577245,
                    0.0016041024976605478
                ],
                [
                    -0.4541666646627702,
                    -0.5159940198691553,
                    0.7262801196290344
                ]
            ],