{
    "hook_path": "models/hook/Hook_90/base.urdf",
    "obj_path": "models/geo_data/mug/70/base.urdf",
    "hook_pose": [
        0.8,
        -0.2,
        1.0,
        4.329780281177466e-17,
        0.7071067811865475,
        0.7071067811865476,
        4.329780281177467e-17
    ],
    "contact_info": [
        {
            "contact_pose": [
                [
                    0.042921191816331264,
                    -0.0009640318342818161,
                    0.006093916074626937
                ],
                [
                    0.22321854689468945,
                    -0.9671984763629502,
                    0.12124597990618585
                ],
                [
                    -5.7171805580069623e-05,
                    -0.12439738446522147,
                    -0.9922324765243258
                ],
                [
                    0.9747684222694168,
                    0.22147775973988848,
                    -0.027823099881074675
                ]
            ],
            "object_pose": [
                0.799952533103946,
                -0.16443068851644255,
                0.9433183009457775,
                0.5793674498624544,
                -0.5244732957070557,
                0.40534525054216,
                0.4742956335377434
            ]
        },
        {
            "contact_pose": [
                [
                    0.04291613354867675,
                    -0.0009755249113218862,
                    0.006093455663612179
                ],
                [
                    0.2232992954356453,
                    -0.9676521674619953,
                    0.11741681082386132
                ],
                [
                    1.7536695577274886e-05,
                    -0.12045440564691018,
                    -0.9927188604296352
                ],
                [
                    0.9747499291358828,
                    0.22167548120248146,
                    -0.02688041449158901
                ]
            ],
            "object_pose": [
                0.8001381188268875,
                -0.16442491719347238,
                0.9433188078062306,
                0.5785995654859066,
                -0.5254143920951925,
                0.4064865448785588,
                0.473213427780162
            ]
        },
        {
            "contact_pose": [
                [
                    0.04297425984480209,
                    -0.0007705791907669252,
                    -0.00456449741238078
                ],
                [
                    0.25333039988724243,
                    -0.9618239748853779,
                    -0.1035294635775788
                ],
                [
                    -1.2097112185582848e-05,
                    -0.10702364140546639,
                    0.9942564759829193
                ],
                [
                    -0.9673798159702471,
                    -0.25187413824369803,
                    -0.027123977167162583
                ]
            ],
            "object_pose": [
                0.7989768113500683,
                -0.1641023243991819,
                0.9434719209382475,
                -0.4014300378230736,
                -0.4614291447356967,
                -0.582106413104402,
                0.5358070482408533
            ]
        },
        {
            "contact_pose": [
                [
                    0.04292701850946125,
                    -0.0009507927892961916,
                    0.006094446428866712
                ],
                [
                    0.22337119171421532,
                    -0.9666870544245729,
                    0.1249857972735858
                ],
                [
                    -1.7535529895806867e-05,
                    -0.12822960066808697,
                    -0.9917445080286595
                ],
                [
                    0.9747334560815466,
                    0.22152496094220528,
                    -0.028659750084011337
                ]
            ],
            "object_pose": [
                0.799772662699876,
                -0.1644229639661967,
                0.9433220331447568,
                0.5801924729531346,
                -0.5235830161489473,
                0.4041879841900032,
                0.47525739653930593
            ]
        },
        {
            "contact_pose": [
                [
                    0.020591417122726847,
                    -0.006130651982481946,
                    0.01264047863908273
                ],
                [
                    0.39025382729741676,
                    -0.5437348343298557,
                    0.7430036205941413
                ],
                [
                    0.6772298994870856,
                    -0.3771874323526667,
                    -0.6317351534590383
                ],
                [
                    0.6237480368870352,
                    0.7497213287692215,
                    0.22103464811672158
                ]
            ],
            "object_pose": [
                0.7704770258273971,
                -0.14219557585060194,
                0.9859337038644891,
                0.8902183508626477,
                -0.28700514311070924,
                0.21477019702680056,
                0.28109268593198683
            ]
        },
        {
            "contact_pose": [
                [
                    0.04291884654121071,
                    -0.0009693606206337708,
                    0.0060937026042114815
                ],
                [
                    0.2233423309337314,
                    -0.9673802817537511,
                    0.11955581829054104
                ],
                [
                    -2.150907269413138e-05,
                    -0.12265894222402346,
                    -0.9924488820235748
                ],
                [
                    0.9747400693264066,
                    0.22165327510893448,
                    -0.027415741518982406
                ]
            ],
            "object_pose": [
                0.8000341172794192,
                -0.16442286120693547,
                0.943319974892155,
                0.5790482674887262,
                -0.5249092697531373,
                0.40582305181194134,
                0.47379427293243553
            ]
        },
        {
            "contact_pose": [
                [
                    0.019430559288581745,
                    -0.04361800104379662,
                    -0.0002569644763250728
                ],
                [
                    0.6653178286438948,
                    -0.47211793410502967,
                    0.5783224387700792
                ],
                [
                    -0.7144075839527282,
                    -0.6275100536101073,
                    0.3096012542110675
                ],
                [
                    0.21673484002208512,
                    -0.6191411704245158,
                    -0.754778258964818
                ]
            ],