{
    "hook_path": "models/hook/Hook_90/base.urdf",
    "obj_path": "models/geo_data/mug/204/base.urdf",
    "hook_pose": [
        0.8,
        -0.2,
        1.0,
        4.329780281177466e-17,
        0.7071067811865475,
        0.7071067811865476,
        4.329780281177467e-17
    ],
    "contact_info": [
        {
            "contact_pose": [
                [
                    0.025482000783085663,
                    0.009674531481805498,
                    -0.002983654861514394
                ],
                [
                    0.6641682813718612,
                    -0.38922537081939224,
                    0.6382664841036655
                ],
                [
                    -0.215198717397376,
                    -0.9171759338765382,
                    -0.3353771285407285
                ],
                [
                    0.715939945840482,
                    0.0853927223374839,
                    -0.6929199642972634
                ]
            ],
            "object_pose": [
                0.7793200914551043,
                -0.14255899808187583,
                0.9662751317660702,
                0.6140969974368409,
                -0.40691674690014734,
                -0.12363461910148234,
                0.6648444327742313
            ]
        },
        {
            "contact_pose": [
                [
                    0.024386097024092876,
                    -0.0036647732089698792,
                    0.010881946645604901
                ],
                [
                    0.5933762328444196,
                    -0.44740067540253475,
                    -0.6691317373617252
                ],
                [
                    -0.036594058268460516,
                    0.8154429172190774,
                    -0.5776796029432625
                ],
                [
                    0.8040929804411985,
                    0.36726759237182427,
                    0.4674922399340911
                ]
            ],
            "object_pose": [
                0.819544940900515,
                -0.13379090219948583,
                0.979922855320288,
                -0.40667609861585136,
                0.7198946777136934,
                -0.5624211248525077,
                0.006977258324566646
            ]
        },
        {
            "contact_pose": [
                [
                    0.023114999756216954,
                    -0.006203048235805114,
                    0.015283999964594836
                ],
                [
                    0.749650453767624,
                    -0.5194461559083133,
                    -0.4101217968824285
                ],
                [
                    0.13940266534331264,
                    0.7297015827774642,
                    -0.6694045839305586
                ],
                [
                    0.6469861621867783,
                    0.4446473784968715,
                    0.6194333012800363
                ]
            ],
            "object_pose": [
                0.8032232601390275,
                -0.12836085866100938,
                0.9795207881960162,
                -0.5417398469186469,
                0.6548600060386929,
                -0.5255656675737271,
                0.03817119096055131
            ]
        },
        {
            "contact_pose": [
                [
                    -0.04019799828529374,
                    0.047336999326944434,
                    0.014692000113427773
                ],
                [
                    -0.04323302365217166,
                    -0.9933249342689118,
                    -0.10694148224871841
                ],
                [
                    0.9082807899803906,
                    -0.08366260906102943,
                    0.40991044680234634
                ],
                [
                    -0.41612127104786245,
                    -0.07941122593666178,
                    0.9058349435613245
                ]
            ],
            "object_pose": [
                0.7730779642641153,
                -0.14963185248353364,
                0.9997999842866664,
                0.6561112866341751,
                0.17266258014670274,
                0.7236424355587797,
                -0.12667769506463333
            ]
        },
        {
            "contact_pose": [
                [
                    0.04967107809563998,
                    -0.020686595454810802,
                    -0.004832999780774204
                ],
                [
                    0.6935472828842797,
                    -0.4097608584780428,
                    -0.5925269658531758
                ],
                [
                    -0.372551681341145,
                    -0.9079673292969379,
                    0.1918347561295191
                ],
                [
                    -0.6166015010796835,
                    0.08770044349217143,
                    -0.7823753709553731
                ]
            ],
            "object_pose": [
                0.8185917495856088,
                -0.14207243349036108,
                0.9659721351336353,
                -0.17508697574195145,
                0.7163761390998608,
                0.532042019256905,
                -0.41603012871539663
            ]
        },
        {
            "contact_pose": [
                [
                    0.04966653757576623,
                    -0.02015473114347946,
                    -0.004832999780774093
                ],
                [
                    0.8088095731254965,
                    -0.40412944037726034,
                    -0.4272077595747927
                ],
                [
                    -0.34739732368660325,
                    -0.9144976353413958,
                    0.20738653391765866
                ],
                [
                    -0.4744914898245667,
                    -0.019325381635484973,
                    -0.8800479280747755
                ]
            ],
            "object_pose": [
                0.8108533795855235,
                -0.13668789532499212,
                0.9664480333099094,
                -0.22697441216088587,
                0.6624348461595885,
                0.5241983921960449,
                -0.4846428957870153
            ]
        }
    ]
}