{
    "hook_path": "models/hook/Hook_90/base.urdf",
    "obj_path": "models/geo_data/mug/82/base.urdf",
    "hook_pose": [
        0.8,
        -0.2,
        1.0,
        4.329780281177466e-17,
        0.7071067811865475,
        0.7071067811865476,
        4.329780281177467e-17
    ],
    "contact_info": [
        {
            "contact_pose": [
                [
                    -0.004426999948918866,
                    0.044130001217126874,
                    -0.03633100166916849
                ],
                [
                    -0.003248458915538821,
                    0.20817259696766036,
                    0.9780867126111131
                ],
                [
                    0.6289047115371557,
                    0.760871875146144,
                    -0.15985259903410376
                ],
                [
                    -0.7774756017529046,
                    0.6146040672525127,
                    -0.13339238807228823
                ]
            ],
            "object_pose": [
                0.8071969058306565,
                -0.13145949548461747,
                1.0148613583924389,
                0.8974401778671353,
                -0.043625230957107304,
                -0.09514979200388463,
                -0.4285376103160156
            ]
        },
        {
            "contact_pose": [
                [
                    0.02309278424033529,
                    -0.003702731138062046,
                    0.008713452947664433
                ],
                [
                    0.7989187732387364,
                    -0.44680492656572757,
                    -0.40260917943249613
                ],
                [
                    0.23404260587126752,
                    0.8476044132095385,
                    -0.4762255950121759
                ],
                [
                    0.5540332592937897,
                    0.28623786664994066,
                    0.7817384673226665
                ]
            ],
            "object_pose": [
                0.8081837992307759,
                -0.12891373108419624,
                0.9805842019418803,
                -0.5285998706698462,
                0.6030763716585092,
                -0.5810365562195341,
                0.13884375035115548
            ]
        },
        {
            "contact_pose": [
                [
                    0.016398999840021085,
                    -0.040045049324054366,
                    0.023034999147057537
                ],
                [
                    0.2405358082948289,
                    -0.9043034240493347,
                    -0.3526724290054474
                ],
                [
                    0.0014478472492961414,
                    0.36367386262689677,
                    -0.9315252145703709
                ],
                [
                    0.9706391856226988,
                    0.22355455462746,
                    0.08878587972770213
                ]
            ],
            "object_pose": [
                0.8003461830474697,
                -0.163587845385866,
                0.9417634232575942,
                -0.46699303337183434,
                0.6274510212724996,
                -0.5316403205239618,
                -0.32493275039529196
            ]
        },
        {
            "contact_pose": [
                [
                    0.01744700036942965,
                    0.034468564942374075,
                    -0.021748000755906157
                ],
                [
                    0.25364845459311,
                    -0.8747314052928488,
                    -0.41292545341371867
                ],
                [
                    9.496996264957147e-07,
                    -0.42688591165990997,
                    0.9043054895473022
                ],
                [
                    -0.967296470313846,
                    -0.22937608205888782,
                    -0.1082781210480181
                ]
            ],
            "object_pose": [
                0.7988907006955877,
                -0.16334500946850394,
                0.9381150509872047,
                0.29903988623050776,
                0.5439550582665824,
                0.6407617508037275,
                -0.45178802522464634
            ]
        },
        {
            "contact_pose": [
                [
                    0.017441000789403756,
                    -0.04102133015383,
                    -0.02174199931323528
                ],
                [
                    0.23581078890704443,
                    -0.9258120716457718,
                    0.2954069732250773
                ],
                [
                    -1.4762852649730096e-05,
                    0.3039760902515734,
                    0.9526796609235579
                ],
                [
                    -0.9717989872484409,
                    -0.22465650346769722,
                    0.07166717402390738
                ]
            ],
            "object_pose": [
                0.8022444731084466,
                -0.16329119540864753,
                0.9419631861621349,
                -0.5173817997631754,
                -0.3463925829748218,
                -0.48198411991215284,
                0.6164572652555537
            ]
        },
        {
            "contact_pose": [
                [
                    0.04524274842380633,
                    0.0030585319000850123,
                    0.007418000139296004
                ],
                [
                    0.22787398097624995,
                    -0.9676937831295913,
                    0.10789898464014924
                ],
                [
                    0.0010243887191551948,
                    -0.11057611875881979,
                    -0.993867130248298
                ],
                [
                    0.9736900941376511,
                    0.22658699003379446,
                    -0.024206125787440302
                ]
            ],
            "object_pose": [
                0.8028640014704752,
                -0.16357725905178924,
                0.9417970342283644,
                0.5778214177825833,
                -0.5285980553961795,
                0.4082090193899479,
                0.46911821694728495
            ]
        },
        {
            "contact_pose": [
                [
                    0.04467685554308282,
                    -0.01176750465303619,
                    -0.007685999851673893
                ],
                [
                    0.22802088018835293,
                    -0.9704284660333677,
                    0.07921534264430335
                ],
                [
                    -2.4459842164481493e-06,
                    0.08135806387809336,
                    0.9966849378996483
                ],
                [
                    -0.973656242311498,
                    -0.22726517056982942,
                    0.018548963683191977
                ]
            ],