{
    "hook_path": "models/hook/Hook_90/base.urdf",
    "obj_path": "models/geo_data/mug/115/base.urdf",
    "hook_pose": [
        0.8,
        -0.2,
        1.0,
        4.329780281177466e-17,
        0.7071067811865475,
        0.7071067811865476,
        4.329780281177467e-17
    ],
    "contact_info": [
        {
            "contact_pose": [
                [
                    0.041551069449118315,
                    0.01711951434168462,
                    0.003147999988868803
                ],
                [
                    0.1587774052889589,
                    -0.914798087448198,
                    0.3713949309977528
                ],
                [
                    0.0011503191984630068,
                    -0.3759951713486935,
                    -0.9266209084022489
                ],
                [
                    0.987313735514425,
                    0.14755368624194562,
                    -0.058647227905214094
                ]
            ],
            "object_pose": [
                0.802857971047404,
                -0.16394326017722785,
                0.9378314235831405,
                0.6164614619824507,
                -0.44017281721095924,
                0.34720372332348515,
                0.5528767777627634
            ]
        },
        {
            "contact_pose": [
                [
                    -0.04161757721712626,
                    0.03661099821329133,
                    0.004883877046308381
                ],
                [
                    -0.8355432649125731,
                    0.5480936682880323,
                    0.038220194162327026
                ],
                [
                    0.5487716777555967,
                    0.8291380172844922,
                    0.10667611722803155
                ],
                [
                    0.02677868840225578,
                    0.11010667135151064,
                    -0.993558967938665
                ]
            ],
            "object_pose": [
                0.8003235456089971,
                -0.13687375155713485,
                1.014274567964741,
                0.6513636740081217,
                0.3616333776885048,
                -0.5917019545856171,
                -0.3079536673978813
            ]
        },
        {
            "contact_pose": [
                [
                    0.041719505484838125,
                    0.0164334905098436,
                    -0.003066000062972281
                ],
                [
                    0.15940309537710706,
                    -0.9171442467758257,
                    -0.36529041020837116
                ],
                [
                    1.4975936991679095e-05,
                    -0.3700194159312337,
                    0.9290240210078693
                ],
                [
                    -0.9872135802144935,
                    -0.1480947751945078,
                    -0.05896850515461588
                ]
            ],
            "object_pose": [
                0.7974299154257812,
                -0.16456253074957022,
                0.9378423828111985,
                0.34879427695065207,
                0.5516295539301878,
                0.6151016504082619,
                -0.4423769289444085
            ]
        },
        {
            "contact_pose": [
                [
                    0.04192089493417291,
                    0.015904977172680072,
                    -0.003066000062972309
                ],
                [
                    0.15799473426967897,
                    -0.9203334890858064,
                    -0.3578043219557294
                ],
                [
                    -1.2062062570594723e-05,
                    -0.3623573225792034,
                    0.9320392538019724
                ],
                [
                    -0.9874399545276462,
                    -0.14725297837523307,
                    -0.0572616500117048
                ]
            ],
            "object_pose": [
                0.7986208483741709,
                -0.1645660747753583,
                0.9378510414058197,
                0.3517565342699645,
                0.5501280318351054,
                0.6134014261208544,
                -0.44425801019285915
            ]
        },
        {
            "contact_pose": [
                [
                    0.01374144961911813,
                    0.03300879138690887,
                    -0.022925479298752858
                ],
                [
                    0.16064570812258178,
                    -0.8973447032100694,
                    -0.41105405980555254
                ],
                [
                    -1.2973046799036325e-05,
                    -0.41646494459533623,
                    0.9091517748730975
                ],
                [
                    -0.987012135839015,
                    -0.14604599804183604,
                    -0.06691494722757918
                ]
            ],
            "object_pose": [
                0.7989628996528424,
                -0.16456313176304413,
                0.9377488290057492,
                0.3327487675055358,
                0.562365769497601,
                0.623916477743734,
                -0.42866213714389406
            ]
        },
        {
            "contact_pose": [
                [
                    0.041361612762107224,
                    0.017372720831300863,
                    -0.003066000062972309
                ],
                [
                    0.16028217616096024,
                    -0.9044876178134296,
                    -0.3952363510955109
                ],
                [
                    2.659947967831311e-06,
                    -0.40041280324697337,
                    0.9163348661863877
                ],
                [
                    -0.9870712355235722,
                    -0.14687319775264546,
                    -0.06417662957713438
                ]
            ],
            "object_pose": [
                0.7982677342001009,
                -0.16456202975231826,
                0.9377727308436321,
                0.3383389983063626,
                0.5586502692639863,
                0.6209090530818753,
                -0.4334841942646717
            ]
        },
        {
            "contact_pose": [
                [
                    0.04204866009225213,
                    0.01556967862405894,
                    -0.003066000062972281
                ],
                [
                    0.1586222340690781,
                    -0.9186229575476246,
                    -0.36189894822365754
                ],
                [
                    7.3210723487981966e-06,
                    -0.36653848417623713,
                    0.9304028909908804
                ],
                [
                    -0.9873393473397767,
                    -0.14758523464168527,
                    -0.0581344279271947
                ]
            ],