{
    "hook_path": "models/hook/Hook_90/base.urdf",
    "obj_path": "models/geo_data/mug/166/base.urdf",
    "hook_pose": [
        0.8,
        -0.2,
        1.0,
        4.329780281177466e-17,
        0.7071067811865475,
        0.7071067811865476,
        4.329780281177467e-17
    ],
    "contact_info": [
        {
            "contact_pose": [
                [
                    0.04572219315675655,
                    0.007706335351799614,
                    0.004118999931961296
                ],
                [
                    0.20547014355966686,
                    -0.9620337340358701,
                    0.17964719503117987
                ],
                [
                    -0.2557939208531116,
                    -0.22997419731217644,
                    -0.9389788808195914
                ],
                [
                    0.9446435783723732,
                    0.14697946505420767,
                    -0.2933352121587468
                ]
            ],
            "object_pose": [
                0.8009162164217882,
                -0.16559651786068663,
                0.9385280796668463,
                0.5174052423469142,
                -0.5529751782123994,
                0.32310192627927065,
                0.5675521233398048
            ]
        },
        {
            "contact_pose": [
                [
                    0.04573176995500187,
                    0.007746004579076775,
                    0.004118999931961241
                ],
                [
                    0.17726961659058638,
                    -0.9637453098180804,
                    0.19942532646953104
                ],
                [
                    -0.17433567111846993,
                    -0.23018031353688273,
                    -0.9574048762335271
                ],
                [
                    0.9685982432409732,
                    0.1349518472037895,
                    -0.2088191613017969
                ]
            ],
            "object_pose": [
                0.799594318072333,
                -0.1658561234287604,
                0.938384189938495,
                0.5385261141659824,
                -0.5267499862014067,
                0.35045939679519567,
                0.5565090184319145
            ]
        },
        {
            "contact_pose": [
                [
                    0.0458658709995761,
                    0.010275889741493698,
                    -0.004941177774327761
                ],
                [
                    0.17885474578254035,
                    -0.9669579086664829,
                    -0.1816683317983785
                ],
                [
                    -0.1925673536542073,
                    -0.21547856783069974,
                    0.957333171425835
                ],
                [
                    -0.9648465132950833,
                    -0.1362401911073725,
                    -0.22474389003785677
                ]
            ],
            "object_pose": [
                0.8000353912203277,
                -0.16613074568163275,
                0.9383252441439537,
                -0.3498300028013758,
                -0.5563262294610092,
                -0.530410494157955,
                0.5355229250375753
            ]
        },
        {
            "contact_pose": [
                [
                    -0.04347499832510956,
                    0.03981899842619903,
                    0.021028000861406295
                ],
                [
                    -0.728885641784238,
                    0.5677735110275254,
                    -0.3825688975547488
                ],
                [
                    0.587839512105961,
                    0.8054554307748856,
                    0.07540727446519463
                ],
                [
                    0.3509564491611532,
                    -0.1699258344417353,
                    -0.9208446022980613
                ]
            ],
            "object_pose": [
                0.8022254193064708,
                -0.1360796073089295,
                1.0106844635127232,
                -0.508759466769287,
                -0.3952225800125331,
                0.7314940608272984,
                0.22333686707585104
            ]
        },
        {
            "contact_pose": [
                [
                    0.045715911371108676,
                    0.007680314799190251,
                    0.004118999931961324
                ],
                [
                    0.19958569535271886,
                    -0.9648704772181917,
                    0.17085231167095785
                ],
                [
                    -0.2422346490543363,
                    -0.21753211343620776,
                    -0.9455168715689313
                ],
                [
                    0.9494671795318117,
                    0.1473252925220759,
                    -0.2771413595535508
                ]
            ],
            "object_pose": [
                0.8013636952478449,
                -0.16561808971304634,
                0.9385120628725968,
                0.5186383506690132,
                -0.5519754591250987,
                0.33150706883588077,
                0.562530369891977
            ]
        },
        {
            "contact_pose": [
                [
                    -0.0028891979894460577,
                    0.03981899842619903,
                    -0.03355621809711576
                ],
                [
                    0.08547876047066101,
                    0.21062676620580684,
                    0.973822235762813
                ],
                [
                    0.5759498268206287,
                    0.7871027708104462,
                    -0.22079634319391722
                ],
                [
                    -0.8130037998027361,
                    0.5797461457743405,
                    -0.05402988030812378
                ]
            ],
            "object_pose": [
                0.8016807533983474,
                -0.1381066311092672,
                1.0115017842439251,
                0.8845222168433338,
                -0.08656512460410747,
                -0.07480214783593347,
                -0.45225166201127553
            ]
        },
        {
            "contact_pose": [
                [
                    0.04492900148034099,
                    0.006002999842166972,
                    -0.0011940000113099558
                ],
                [
                    0.18002259492971923,
                    -0.9630901236144516,
                    -0.20012315985680212
                ],
                [
                    -0.17244356552732892,
                    -0.23119564537323045,
                    0.9575028930863227
                ],
                [
                    -0.9684291827609248,
                    -0.1378622042358107,
                    -0.207699134856772
                ]
            ],
            "object_pose": [
                0.8009469821486949,
                -0.16612368125422,
                0.9383693347873621,
                -0.3498467773111747,
                -0.5555862941857729,
                -0.5398013057054615,
                0.5268260172738097
            ]
        },
        {
            "contact_pose": [
                [
                    -0.03419130222860014,
                    0.03945148377007075,
                    -0.02474069408751026
                ],
                [
                    -0.535909563682839,
                    0.3100720110004414,
                    0.7852746573953672
                ],
                [
                    0.5359524206475755,
                    0.8436165617475717,
                    0.032651179874695624
                ],
                [
                    -0.652346489494098,
                    0.4383679330646205,
                    -0.6182860283925062
                ]
            ],