{
    "hook_path": "models/hook/Hook_90/base.urdf",
    "obj_path": "models/geo_data/mug/59/base.urdf",
    "hook_pose": [
        0.8,
        -0.2,
        1.0,
        4.329780281177466e-17,
        0.7071067811865475,
        0.7071067811865476,
        4.329780281177467e-17
    ],
    "contact_info": [
        {
            "contact_pose": [
                [
                    0.045985782604907974,
                    -0.013157037035602445,
                    0.0006660000071860822
                ],
                [
                    0.18109783823682268,
                    -0.9689938310078039,
                    0.16809083394037216
                ],
                [
                    -2.3115481592173026e-05,
                    0.17091273694270837,
                    0.9852861695042856
                ],
                [
                    -0.9834650845106931,
                    -0.17843708084244345,
                    0.030929528428399633
                ]
            ],
            "object_pose": [
                0.7988646091888376,
                -0.16285046716079737,
                0.9377108544241172,
                -0.4974009041046108,
                -0.4041952500644883,
                -0.5025741565730573,
                0.5802049272163259
            ]
        },
        {
            "contact_pose": [
                [
                    0.04592098812341487,
                    -0.007779908098128115,
                    0.0006660000071860822
                ],
                [
                    0.1816445359142393,
                    -0.9833595524710241,
                    0.003041896856856019
                ],
                [
                    -9.147106295720464e-05,
                    0.003076460916586754,
                    0.9999952634994194
                ],
                [
                    -0.9833642530647253,
                    -0.1816439538003284,
                    0.0004688733719180327
                ]
            ],
            "object_pose": [
                0.8029527803674178,
                -0.16284983060319505,
                0.9382724532465968,
                -0.453129802593465,
                -0.451499064341714,
                -0.5427961371179135,
                0.5442373842635541
            ]
        },
        {
            "contact_pose": [
                [
                    0.04599153533548876,
                    -0.013634441489836165,
                    0.0006660000071860822
                ],
                [
                    0.1810174650913846,
                    -0.9675064706349366,
                    0.17653301847365088
                ],
                [
                    -3.740299391796764e-05,
                    0.17949157988492337,
                    0.9837595089001329
                ],
                [
                    -0.9834798807972157,
                    -0.17808425542406375,
                    0.032454923157379856
                ]
            ],
            "object_pose": [
                0.7988431791565336,
                -0.16285000751855272,
                0.9376377951295801,
                -0.49960268215244535,
                -0.401690219290999,
                -0.5003783153666072,
                0.5819481671273724
            ]
        },
        {
            "contact_pose": [
                [
                    0.0386539995670319,
                    0.01869500055909157,
                    0.00483200000599032
                ],
                [
                    0.18783416101986894,
                    -0.914479309751538,
                    -0.3583935267137401
                ],
                [
                    -7.405229821488835e-05,
                    -0.36490144553365206,
                    0.9310461479237794
                ],
                [
                    -0.9822007546679135,
                    -0.17485573220172546,
                    -0.06860867617130806
                ]
            ],
            "object_pose": [
                0.8009938940686895,
                -0.16285073468824476,
                0.9352278064501979,
                0.34156869323253247,
                0.5439696330702269,
                0.6191072618329659,
                -0.4518119790870424
            ]
        },
        {
            "contact_pose": [
                [
                    0.04599061612110859,
                    -0.013558158230371205,
                    0.0006660000071860822
                ],
                [
                    0.1810255838007513,
                    -0.9731842304538151,
                    0.14192318910457546
                ],
                [
                    -8.050083758542881e-05,
                    0.14429271685550316,
                    0.9895350450499836
                ],
                [
                    -0.983478383864746,
                    -0.17914258415707165,
                    0.026042331161287513
                ]
            ],
            "object_pose": [
                0.8007763001972589,
                -0.16284948696163568,
                0.9376159530823116,
                -0.49058641035752265,
                -0.4120117497037974,
                -0.5092000820441094,
                0.574705636412945
            ]
        },
        {
            "contact_pose": [
                [
                    0.04595652704303814,
                    -0.010729192492555658,
                    0.004832000005990264
                ],
                [
                    0.08647578988030413,
                    -0.9909943753128585,
                    -0.10223544328095963
                ],
                [
                    -1.705768205884084e-05,
                    0.10261838934327472,
                    -0.9947207979516801
                ],
                [
                    0.9962539523001214,
                    0.08602101061292455,
                    0.008857102207728118
                ]
            ],
            "object_pose": [
                0.7996423253266617,
                -0.16325886597695713,
                0.9377433277355973,
                -0.49592552607470863,
                0.5450397947801479,
                -0.5040330780281131,
                -0.45048879114473384
            ]
        },
        {
            "contact_pose": [
                [
                    0.04595678446785072,
                    -0.010750555521884194,
                    0.004832000005990278
                ],
                [
                    0.08648635989242498,
                    -0.9909091642121471,
                    -0.10304920103010085
                ],
                [
                    1.7383041373886243e-05,
                    0.10343827595596322,
                    -0.9946358744611457
                ],
                [
                    0.996253034750905,
                    0.08602064489203842,
                    0.008963224975978679
                ]
            ],