{
    "hook_path": "models/hook/Hook_90/base.urdf",
    "obj_path": "models/geo_data/mug/126/base.urdf",
    "hook_pose": [
        0.8,
        -0.2,
        1.0,
        4.329780281177466e-17,
        0.7071067811865475,
        0.7071067811865476,
        4.329780281177467e-17
    ],
    "contact_info": [
        {
            "contact_pose": [
                [
                    0.045151168054718735,
                    -0.001846617561828568,
                    -0.0007898528271751395
                ],
                [
                    -0.0887196340667682,
                    -0.9959791299557916,
                    0.012425748410568205
                ],
                [
                    -0.02134974661555189,
                    -0.010570583033676417,
                    -0.9997161852714898
                ],
                [
                    0.995827803814751,
                    -0.08895974070798629,
                    -0.02032608380031381
                ]
            ],
            "object_pose": [
                0.8064979978305794,
                -0.18460354700443693,
                0.9324486028834768,
                0.4748990053387746,
                -0.47957383620694877,
                0.5136108073439134,
                0.529796006905985
            ]
        },
        {
            "contact_pose": [
                [
                    0.015151999890804384,
                    0.02568400092422952,
                    -0.015389000065624795
                ],
                [
                    0.4751564135396001,
                    -0.5400483229703015,
                    0.694675601650979
                ],
                [
                    0.7863031065919868,
                    0.6149434825219569,
                    -0.059765691391957254
                ],
                [
                    -0.3949098722949016,
                    0.5746236352263392,
                    0.7168360137460252
                ]
            ],
            "object_pose": [
                0.80071976768588,
                -0.14568969757321204,
                1.003082946440996,
                0.8740140650283188,
                -0.15300729311324796,
                0.3595149057113865,
                -0.2888550068081966
            ]
        },
        {
            "contact_pose": [
                [
                    0.0459373274291983,
                    -0.0012987852118436678,
                    -0.0008017770382892761
                ],
                [
                    0.037829758591816476,
                    -0.9703342178006826,
                    -0.2387894786836764
                ],
                [
                    0.042027099462094875,
                    -0.23720417469327088,
                    0.9705503090612496
                ],
                [
                    -0.9984000361957563,
                    -0.04675131306414054,
                    0.031806956017365884
                ]
            ],
            "object_pose": [
                0.8068174264577341,
                -0.17510505647812433,
                0.9322158303506447,
                0.43488110665855495,
                0.5361928445432298,
                0.5761006620396109,
                -0.43758848674250134
            ]
        },
        {
            "contact_pose": [
                [
                    0.04564020735895079,
                    -0.0015058322707419587,
                    -0.0007972704171652614
                ],
                [
                    0.02124101213708285,
                    -0.9866176794701699,
                    -0.16166129394598378
                ],
                [
                    0.01169559371805029,
                    -0.16144149870713875,
                    0.9868129790303609
                ],
                [
                    -0.9997059730195549,
                    -0.022851631278541285,
                    0.008109898700661478
                ]
            ],
            "object_pose": [
                0.8021133608346099,
                -0.1840344531886169,
                0.9314791897428335,
                0.45474791601873377,
                0.5308281428460139,
                0.5468565897341312,
                -0.46084019562493334
            ]
        },
        {
            "contact_pose": [
                [
                    0.0019720001146198256,
                    0.02568400092422952,
                    -0.029935000464320263
                ],
                [
                    0.474397410475511,
                    -0.5182118501957212,
                    0.711620387039928
                ],
                [
                    0.6375501040473528,
                    0.7596702270447808,
                    0.1281835050657488
                ],
                [
                    -0.6070230323170112,
                    0.3928837289306577,
                    0.6907716075362408
                ]
            ],
            "object_pose": [
                0.799571130518949,
                -0.14493740335866429,
                1.0047202214796185,
                0.827957459658698,
                -0.1045385549012624,
                0.3650499924930718,
                -0.4126701328124915
            ]
        },
        {
            "contact_pose": [
                [
                    0.04529964889039016,
                    -0.0017431492222342755,
                    0.0008145474002430062
                ],
                [
                    0.03175753534741982,
                    -0.9479997838867426,
                    -0.3166825992999088
                ],
                [
                    0.029539875135261684,
                    -0.3158137757396198,
                    0.9483612470098501
                ],
                [
                    -0.999058984607841,
                    -0.03947238026486788,
                    0.017974328098016357
                ]
            ],
            "object_pose": [
                0.8115560542691854,
                -0.17472605027163812,
                0.9329723163270475,
                0.4103001631642635,
                0.5584958244919516,
                0.5885777040247189,
                -0.4163081508419266
            ]
        },
        {
            "contact_pose": [
                [
                    0.04568714474701839,
                    -0.0014731241196443874,
                    -0.0007979823482859286
                ],
                [
                    0.013832568720815397,
                    -0.984798166969145,
                    -0.1731508890441979
                ],
                [
                    0.03499021283984233,
                    -0.17258466025453845,
                    0.9843730085949373
                ],
                [
                    -0.9992919218366607,
                    -0.019674993749369707,
                    0.03207100829340742
                ]
            ],