{
    "hook_path": "models/hook/Hook_90/base.urdf",
    "obj_path": "models/geo_data/mug/166/base.urdf",
    "hook_pose": [
        0.8,
        -0.2,
        1.0,
        4.329780281177466e-17,
        0.7071067811865475,
        0.7071067811865476,
        4.329780281177467e-17
    ],
    "contact_info": [
        {
            "contact_pose": [
                [
                    0.017679350109533754,
                    0.033388955515495033,
                    -0.02111669489778011
                ],
                [
                    0.049043490742707585,
                    -0.9563248748443971,
                    -0.2881622282146267
                ],
                [
                    -0.25334038734101244,
                    -0.2909850418340447,
                    0.9225759337695436
                ],
                [
                    -0.9661332124286361,
                    0.027756786245671294,
                    -0.256546636422379
                ]
            ],
            "object_pose": [
                0.7987340352584328,
                -0.17819476567384615,
                0.937784029324246,
                0.34865963728614774,
                0.6263504214497885,
                0.5017631549416376,
                -0.48410261641534086
            ]
        },
        {
            "contact_pose": [
                [
                    0.042832098538675256,
                    0.023991884248612094,
                    -0.0039443538053094305
                ],
                [
                    0.09879016526414541,
                    -0.99280261224528,
                    0.06770137639686763
                ],
                [
                    -0.3424165994437705,
                    -0.09779445737466358,
                    -0.934444817275027
                ],
                [
                    0.93434007495796,
                    0.06913188284534602,
                    -0.3496132250098816
                ]
            ],
            "object_pose": [
                0.8119746484574636,
                -0.17500157866462857,
                0.9392440371461109,
                0.44565027201788027,
                -0.5796220979854565,
                0.36081509853178795,
                0.5790047696252795
            ]
        },
        {
            "contact_pose": [
                [
                    0.04522176216798118,
                    0.01877513738297798,
                    0.0019343651427931295
                ],
                [
                    0.07824679205575924,
                    -0.9781789110503651,
                    0.19246676988328407
                ],
                [
                    -0.02085369599095141,
                    -0.19462240361767458,
                    -0.9806565369045355
                ],
                [
                    0.9967158887549151,
                    0.07271958461378378,
                    -0.03562722438106841
                ]
            ],
            "object_pose": [
                0.8071720233153777,
                -0.171353728610654,
                0.93836561293913,
                0.557748298631676,
                -0.4746331506335844,
                0.4224807538551256,
                0.5339945882826089
            ]
        },
        {
            "contact_pose": [
                [
                    0.04242672185848023,
                    -0.0115508987652031,
                    0.004676000215113202
                ],
                [
                    0.08152409226612051,
                    -0.9846249492685513,
                    0.15449120252651233
                ],
                [
                    -0.3634325626548136,
                    -0.1737024712149658,
                    -0.9152836849283226
                ],
                [
                    0.9280466554987092,
                    0.018470537937937168,
                    -0.3720057048567174
                ]
            ],
            "object_pose": [
                0.8075264487166177,
                -0.17710344130767336,
                0.9383002605837574,
                0.44986919704777406,
                -0.5539431148742257,
                0.34044298233358283,
                0.61226081600152
            ]
        },
        {
            "contact_pose": [
                [
                    0.01719084578269675,
                    0.03204085887609276,
                    -0.02122538643959603
                ],
                [
                    0.0022965453881177433,
                    -0.9605647794522967,
                    -0.2780468132438151
                ],
                [
                    -0.2919045365868417,
                    -0.26658174308327487,
                    0.9185455436583992
                ],
                [
                    -0.9564447016944062,
                    0.0790536446373192,
                    -0.2810054338802987
                ]
            ],
            "object_pose": [
                0.7988888756913534,
                -0.1799015406905059,
                0.9382598402598217,
                0.3567570233389465,
                0.6420679470406493,
                0.4762060037472371,
                -0.4834263332467801
            ]
        },
        {
            "contact_pose": [
                [
                    0.02072526694665361,
                    0.03508063170087006,
                    0.01610447573348207
                ],
                [
                    0.01739761313358623,
                    -0.984020143573257,
                    0.17720519207777485
                ],
                [
                    0.0312430235232585,
                    -0.17661043831087248,
                    -0.9837848476982998
                ],
                [
                    0.9993603937210938,
                    0.022651934171468574,
                    0.027671164411933846
                ]
            ],
            "object_pose": [
                0.808987039062644,
                -0.17392561645405313,
                0.9382287106087971,
                0.5547747628030005,
                -0.4511661884966656,
                0.4559018253072736,
                0.5299316546459194
            ]
        },
        {
            "contact_pose": [
                [
                    0.04301041547276746,
                    0.02409031927516625,
                    0.004020923106084384
                ],
                [
                    0.07847432620275119,
                    -0.9250489345205631,
                    -0.37165339884009574
                ],
                [
                    -0.3253767344686852,
                    -0.3761537510840822,
                    0.8675473106475918
                ],
                [
                    -0.9423225354375853,
                    0.05284717861669949,
                    -0.3305078137029981
                ]
            ],
            "object_pose": [
                0.805109507830686,
                -0.176329535522001,
                0.9382862450309998,
                0.298252009761845,
                0.6614146414930426,
                0.49835466430914216,
                -0.4745724805053202
            ]
        },
        {
            "contact_pose": [
                [
                    0.014109999872744083,
                    0.039142999798059464,
                    -0.02121799997985362
                ],
                [
                    -0.5473238631009619,
                    0.7276272007379745,
                    0.41351571388093467
                ],
                [
                    0.6924254531065088,
                    0.6712185267441746,
                    -0.26459909532276493
                ],
                [
                    -0.4700889073042305,
                    0.14150740652559224,
                    -0.8712015112061706
                ]
            ],