{
    "hook_path": "models/hook/Hook_90/base.urdf",
    "obj_path": "models/geo_data/mug/173/base.urdf",
    "hook_pose": [
        0.8,
        -0.2,
        1.0,
        4.329780281177466e-17,
        0.7071067811865475,
        0.7071067811865476,
        4.329780281177467e-17
    ],
    "contact_info": [
        {
            "contact_pose": [
                [
                    -0.029310567909495815,
                    0.04561127468202656,
                    0.024785281985842553
                ],
                [
                    0.10765360490378009,
                    0.2384440915879214,
                    0.9651710296823212
                ],
                [
                    0.9114157684958223,
                    -0.41148669108095537,
                    -6.452632612882758e-07
                ],
                [
                    0.3971548794719647,
                    0.8796721652127327,
                    -0.26161973064268657
                ]
            ],
            "object_pose": [
                0.7975170210566462,
                -0.13701045383290356,
                0.9715977431025706,
                0.9690535283707082,
                -0.02777304014052839,
                -0.12900830748518521,
                0.20861633203908445
            ]
        },
        {
            "contact_pose": [
                [
                    0.04293046465740658,
                    0.0012056196260063256,
                    -0.004346757290932549
                ],
                [
                    0.14154025999160824,
                    -0.9882444250708762,
                    -0.057786772862316316
                ],
                [
                    -0.00014033289604642452,
                    -0.05839448766276534,
                    0.998293576117407
                ],
                [
                    -0.9899324901770756,
                    -0.14129062292642128,
                    -0.008403854168036518
                ]
            ],
            "object_pose": [
                0.798868723648918,
                -0.1633724508395047,
                0.938108506631368,
                -0.44743219355429037,
                -0.47870567231649275,
                -0.5474799226667337,
                0.5204911581766186
            ]
        },
        {
            "contact_pose": [
                [
                    -0.020342393392142714,
                    0.04407557421929945,
                    0.028105589074216827
                ],
                [
                    0.19891330353731146,
                    0.5481964830214495,
                    0.8123509793671618
                ],
                [
                    0.9081563227411303,
                    -0.41466937664270553,
                    0.05745782401081667
                ],
                [
                    0.36835525127406743,
                    0.7263125526091806,
                    -0.5803313577441384
                ]
            ],
            "object_pose": [
                0.7925853549229633,
                -0.13781738934295198,
                0.9713286789736022,
                0.9282806492001049,
                -0.03809609724397097,
                -0.30392959331265684,
                0.21088035945581265
            ]
        },
        {
            "contact_pose": [
                [
                    -0.0172940008342266,
                    0.04651800170540813,
                    0.030679000541567844
                ],
                [
                    -0.24722577658519007,
                    -0.5489854832345796,
                    0.7984324358325786
                ],
                [
                    0.9117786369082431,
                    -0.4106820112195364,
                    -5.420721871683687e-05
                ],
                [
                    0.3279315975467989,
                    0.7279802365850131,
                    0.6020844147393559
                ]
            ],
            "object_pose": [
                0.8041345325703434,
                -0.13500618386345367,
                0.9760929719164232,
                0.9271180223312773,
                0.06665051358427644,
                0.3103892574214882,
                0.19916925110275074
            ]
        },
        {
            "contact_pose": [
                [
                    0.042595814826370766,
                    -0.002420209451163803,
                    0.001486885616104813
                ],
                [
                    0.1697996290527855,
                    -0.982903620256469,
                    0.07119381476127984
                ],
                [
                    -4.0217689546678814e-05,
                    -0.07224979341045756,
                    -0.9973865678535498
                ],
                [
                    0.9854786067470334,
                    0.16935300599302394,
                    -0.012307518232889891
                ]
            ],
            "object_pose": [
                0.7999309263392557,
                -0.16349671051192402,
                0.9381082235971879,
                0.5568901604142322,
                -0.5239750492440672,
                0.43572151701406414,
                0.4748370842872855
            ]
        },
        {
            "contact_pose": [
                [
                    -0.02069574805871887,
                    0.044082247897295014,
                    0.02795230174906442
                ],
                [
                    0.19932389460148778,
                    0.538856807459539,
                    0.8184762220708728
                ],
                [
                    0.9087897394334088,
                    -0.4140883316794219,
                    0.05130363600672275
                ],
                [
                    0.3665667668262525,
                    0.7335967520521522,
                    -0.572245236622448
                ]
            ],
            "object_pose": [
                0.7929287368302003,
                -0.13778710966278984,
                0.9712551971308129,
                0.9301697040804482,
                -0.03978313256856061,
                -0.2986288521352149,
                0.20981523454298542
            ]
        },
        {
            "contact_pose": [
                [
                    0.0380229696130634,
                    0.013721071704468433,
                    0.0003560419032923448
                ],
                [
                    0.1884910449876972,
                    -0.920390865477069,
                    0.3425664617352631
                ],
                [
                    -1.9331473585793013e-05,
                    -0.3488225527773511,
                    -0.9371887890388927
                ],
                [
                    0.982074908337312,
                    0.17664507188218903,
                    -0.06576771999998365
                ]
            ],