{
    "hook_path": "models/hook/Hook_90/base.urdf",
    "obj_path": "models/geo_data/mug/11/base.urdf",
    "hook_pose": [
        0.8,
        -0.2,
        1.0,
        4.329780281177466e-17,
        0.7071067811865475,
        0.7071067811865476,
        4.329780281177467e-17
    ],
    "contact_info": [
        {
            "contact_pose": [
                [
                    0.012260529262875278,
                    0.032506118786069065,
                    0.019668078617823423
                ],
                [
                    0.17691097431997016,
                    -0.8883780441424878,
                    0.42365901129413774
                ],
                [
                    0.08062216436431399,
                    -0.41592169794771816,
                    -0.9058196331442039
                ],
                [
                    0.9809192493668232,
                    0.19440574030067784,
                    -0.0019581521322437068
                ]
            ],
            "object_pose": [
                0.8008253370140186,
                -0.1652501606158003,
                0.9429368718384762,
                0.6516684195123946,
                -0.4153686810058703,
                0.34005786741725963,
                0.5358710448020927
            ]
        },
        {
            "contact_pose": [
                [
                    -0.040575999766587954,
                    0.04685200005769718,
                    0.004554999992251437
                ],
                [
                    -0.47148873908478495,
                    0.7484758861195361,
                    -0.466349886687897
                ],
                [
                    0.8527693095828118,
                    0.5216956721922337,
                    -0.024862225353885575
                ],
                [
                    0.22468394145976142,
                    -0.4094111301778059,
                    -0.8842508993134458
                ]
            ],
            "object_pose": [
                0.7990336240335263,
                -0.12910790793238297,
                1.0073601773792564,
                -0.4942186491617624,
                -0.2259255667953934,
                0.8259131804325008,
                0.15024308129419534
            ]
        },
        {
            "contact_pose": [
                [
                    -0.03349191526292385,
                    0.046852000057697456,
                    -0.003445340505403531
                ],
                [
                    -0.5457003495136338,
                    0.5597771552665451,
                    0.6235869345828153
                ],
                [
                    0.8003710640429254,
                    0.5686064038934773,
                    0.18998136038602173
                ],
                [
                    -0.24822829891753612,
                    0.6027738331190415,
                    -0.7583181507279675
                ]
            ],
            "object_pose": [
                0.800719434884569,
                -0.13001659405452365,
                1.008905402596438,
                0.8698752542383279,
                0.21143310673431742,
                -0.37881733604108875,
                -0.23475627649801428
            ]
        },
        {
            "contact_pose": [
                [
                    0.012509861362737943,
                    0.033885960393771446,
                    0.019074884866664324
                ],
                [
                    0.16751663271479594,
                    -0.9060707767599963,
                    0.38855363241827173
                ],
                [
                    0.08955957273407075,
                    -0.37850726940918256,
                    -0.921255301171231
                ],
                [
                    0.9817928807521407,
                    0.18912428322651137,
                    0.017741048403954462
                ]
            ],
            "object_pose": [
                0.8029879041423179,
                -0.16551067056419666,
                0.9430354259694979,
                0.645607754054049,
                -0.42160736416545463,
                0.3577295266990439,
                0.5267517860571737
            ]
        },
        {
            "contact_pose": [
                [
                    0.012445207263488004,
                    0.033698472575138354,
                    0.019193586877561022
                ],
                [
                    0.16950183696789878,
                    -0.903228301690103,
                    0.3942686422866013
                ],
                [
                    0.08769924253175213,
                    -0.3846465924695134,
                    -0.9188883728511036
                ],
                [
                    0.9816200742262072,
                    0.19033032844926287,
                    0.014014133884437674
                ]
            ],
            "object_pose": [
                0.8026898186568611,
                -0.16545588018563992,
                0.9430287447879474,
                0.646586849013266,
                -0.42082135272313276,
                0.354647808323937,
                0.5282610792273046
            ]
        },
        {
            "contact_pose": [
                [
                    0.009971950723751935,
                    0.0323027145675318,
                    -0.02265151633287811
                ],
                [
                    0.09902317816765077,
                    -0.9048898443733568,
                    -0.4139671239791147
                ],
                [
                    0.08329301131775618,
                    -0.40701444451264057,
                    0.9096161367432347
                ],
                [
                    -0.9915930034299344,
                    -0.12455364911566685,
                    0.03506713619293006
                ]
            ],
            "object_pose": [
                0.799267013377354,
                -0.16536323566056807,
                0.9428517206307342,
                0.3690434385756556,
                0.5491175792910139,
                0.6367522643093894,
                -0.3960093161210971
            ]
        },
        {
            "contact_pose": [
                [
                    0.012255657901396858,
                    0.03273426394954176,
                    0.01962706720805736
                ],
                [
                    0.17647377178064694,
                    -0.8905043327527107,
                    0.4193555069653449
                ],
                [
                    0.08110718763679463,
                    -0.4114374933971386,
                    -0.9078220162238461
                ],
                [
                    0.9809580174437444,
                    0.1942195210984951,
                    -0.0003816243038153311
                ]
            ],
            "object_pose": [
                0.8011760354476283,
                -0.1652640112259496,
                0.9429641942907295,
                0.6508998032916884,
                -0.4164603301925513,
                0.3418816167816553,
                0.5347964094471033
            ]
        },
        {
            "contact_pose": [
                [
                    0.004832000005990192,
                    0.046852000057697234,
                    0.02339700050651998
                ],
                [
                    0.13710794892224618,
                    0.7746618406242056,
                    0.617333332182098
                ],
                [
                    0.8765119799499288,
                    -0.38520073331330396,
                    0.2886990544826026
                ],
                [
                    0.4614413931872504,
                    0.5015171260641162,
                    -0.7318144661851107
                ]
            ],