{
    "hook_path": "models/hook/Hook_90/base.urdf",
    "obj_path": "models/geo_data/mug/150/base.urdf",
    "hook_pose": [
        0.8,
        -0.2,
        1.0,
        4.329780281177466e-17,
        0.7071067811865475,
        0.7071067811865476,
        4.329780281177467e-17
    ],
    "contact_info": [
        {
            "contact_pose": [
                [
                    0.040473521772488,
                    -0.001316753421730715,
                    -0.0076891299564107495
                ],
                [
                    0.3676180880389782,
                    -0.9265546796911395,
                    0.0797080101935565
                ],
                [
                    0.01033858504101065,
                    -0.0816325906315184,
                    -0.9966088670115959
                ],
                [
                    0.9299193809174621,
                    0.367195514255331,
                    -0.020430352538494123
                ]
            ],
            "object_pose": [
                0.8022996540265593,
                -0.16310442876342152,
                0.9430823112561277,
                0.6035814173518553,
                -0.5650550678962104,
                0.37531155743998984,
                0.4189790898413711
            ]
        },
        {
            "contact_pose": [
                [
                    0.040172301590196496,
                    -0.0012195423469671448,
                    -0.016457655471138786
                ],
                [
                    -0.0054579886449374615,
                    -0.9885625781378615,
                    -0.15071243965040299
                ],
                [
                    2.1231926186970895e-05,
                    -0.15071479906286617,
                    0.9885772852400794
                ],
                [
                    -0.9999851048436459,
                    0.005392443682089243,
                    0.0008435887495993888
                ]
            ],
            "object_pose": [
                0.8010433791179515,
                -0.16628523406776732,
                0.9417771138242713,
                0.46225026661914254,
                0.53760665253657,
                0.5351030806990604,
                -0.4593130426902008
            ]
        },
        {
            "contact_pose": [
                [
                    0.04046526392106389,
                    -0.00134002984530685,
                    -0.0076861287417083245
                ],
                [
                    0.37274424282199864,
                    -0.9264282319592908,
                    0.052843736353869575
                ],
                [
                    -0.06544193299061896,
                    -0.08305080576161294,
                    -0.9943942462971103
                ],
                [
                    0.9256236183511667,
                    0.36719653414912456,
                    -0.09158396398586677
                ]
            ],
            "object_pose": [
                0.8033085949330472,
                -0.16363119720151528,
                0.9430674376013248,
                -0.5819360655416485,
                0.5873233204091836,
                -0.35864947947347803,
                -0.4333269940804992
            ]
        },
        {
            "contact_pose": [
                [
                    0.035995831679322327,
                    0.012578391322207222,
                    -0.009151239494092332
                ],
                [
                    0.01246467905564308,
                    -0.9394093181017333,
                    -0.34257081726217764
                ],
                [
                    3.3450840096593826e-05,
                    -0.3425970407303077,
                    0.9394824461180088
                ],
                [
                    -0.9999223123108522,
                    -0.011721806450901429,
                    -0.0042389381272313065
                ]
            ],
            "object_pose": [
                0.8001126300538756,
                -0.1663208670026492,
                0.9434168264130474,
                0.4017900033372587,
                0.5768048976844726,
                0.5818775804568294,
                -0.4089980251629057
            ]
        },
        {
            "contact_pose": [
                [
                    0.04036902433184322,
                    -0.0006476606252607316,
                    -0.01651129207653246
                ],
                [
                    -0.002625730790740466,
                    -0.9891653037938786,
                    -0.1467825170385718
                ],
                [
                    1.3696571589005835e-05,
                    -0.14678305859477808,
                    0.9891687083212681
                ],
                [
                    -0.9999965526691674,
                    0.0025952803174235095,
                    0.00039896096990815755
                ]
            ],
            "object_pose": [
                0.8000656540055033,
                -0.16631159950809962,
                0.9419505977987053,
                0.4625544454035765,
                0.5360419994702855,
                0.5348366417170615,
                -0.4611421977200785
            ]
        },
        {
            "contact_pose": [
                [
                    0.040181504912026905,
                    -0.001192787882842999,
                    -0.016460164763847904
                ],
                [
                    -0.005400076249384433,
                    -0.9868842664376514,
                    -0.16133903382108156
                ],
                [
                    1.153665967590367e-06,
                    -0.16134139241032203,
                    0.9868986549255034
                ],
                [
                    -0.9999854194812894,
                    0.00532914185566008,
                    0.0008723943559896807
                ]
            ],
            "object_pose": [
                0.8015720024354693,
                -0.1662850080059015,
                0.9417960526794961,
                0.45934498519646055,
                0.5400618071134947,
                0.5375897705572971,
                -0.45643473538319007
            ]
        },
        {
            "contact_pose": [
                [
                    -0.04587551551981536,
                    0.04796399921178834,
                    0.007401945137092576
                ],
                [
                    -0.7127499761220837,
                    0.5934505206306645,
                    -0.3739036655358738
                ],
                [
                    0.6317931752443054,
                    0.7747248384174606,
                    0.025274660309444252
                ],
                [
                    0.3046717171853789,
                    -0.21821527055234435,
                    -0.9271230988628639
                ]
            ],