{
    "hook_path": "models/hook/Hook_90/base.urdf",
    "obj_path": "models/geo_data/mug/159/base.urdf",
    "hook_pose": [
        0.8,
        -0.2,
        1.0,
        4.329780281177466e-17,
        0.7071067811865475,
        0.7071067811865476,
        4.329780281177467e-17
    ],
    "contact_info": [
        {
            "contact_pose": [
                [
                    0.043496248923687905,
                    -0.002316528976988298,
                    0.0081120003014803
                ],
                [
                    0.12322010390356614,
                    -0.9899231693850037,
                    0.06977768059160538
                ],
                [
                    0.0010246796021774196,
                    -0.07018656086572844,
                    -0.9975333561869271
                ],
                [
                    0.9923788369497344,
                    0.12298766356261559,
                    -0.00763404124311734
                ]
            ],
            "object_pose": [
                0.7993520862660408,
                -0.1701100787532719,
                0.9409599234593115,
                0.5463034925195881,
                -0.5128804206071901,
                0.44951622202317587,
                0.486252336093826
            ]
        },
        {
            "contact_pose": [
                [
                    0.043572464673278286,
                    -0.0007390869435811476,
                    0.006000143592486122
                ],
                [
                    0.1223281811150293,
                    -0.9878146400136627,
                    0.09621877716831667
                ],
                [
                    0.0009947334578508105,
                    -0.09682480083252587,
                    -0.995300943659298
                ],
                [
                    0.99248920730174,
                    0.12184906613683705,
                    -0.010861789500091423
                ]
            ],
            "object_pose": [
                0.7974939875961213,
                -0.17010904514413852,
                0.9409779688861131,
                0.5520558343055085,
                -0.506121417129988,
                0.4424157801640604,
                0.49329883883241316
            ]
        },
        {
            "contact_pose": [
                [
                    0.04358152840565892,
                    -0.0006122633334107908,
                    0.0063715735491888595
                ],
                [
                    0.12278273093456821,
                    -0.9883220232193033,
                    0.09024399926838717
                ],
                [
                    0.0010089058336534562,
                    -0.09080767911362103,
                    -0.9958679367883156
                ],
                [
                    0.9924330622733548,
                    0.12236643262635738,
                    -0.010152490976646222
                ]
            ],
            "object_pose": [
                0.7981597928199964,
                -0.17010978941959234,
                0.9409785992386982,
                0.5508219625542354,
                -0.5077188019771173,
                0.44395902793470393,
                0.49164739926302276
            ]
        },
        {
            "contact_pose": [
                [
                    0.003544999985024371,
                    0.04918900132179261,
                    -0.02482400089502338
                ],
                [
                    0.34434090872143697,
                    0.7871943181352453,
                    -0.5116194328565731
                ],
                [
                    0.8970151637773148,
                    -0.43670614178346406,
                    -0.06820221171016491
                ],
                [
                    -0.277115742126737,
                    -0.4354455777984058,
                    -0.8565010299126093
                ]
            ],
            "object_pose": [
                0.8013630794555716,
                -0.1329133639583282,
                0.9723173995165996,
                -0.48732693161837876,
                0.21163570780993723,
                0.8432200445957588,
                -0.08187029553586259
            ]
        },
        {
            "contact_pose": [
                [
                    0.04357083662206977,
                    -0.0007618673306358692,
                    0.005933426376613683
                ],
                [
                    0.1224362289138421,
                    -0.9882321100301403,
                    0.09168787572375078
                ],
                [
                    0.000958123375598724,
                    -0.09226519367575237,
                    -0.9957340086768016
                ],
                [
                    0.9924759200348159,
                    0.12200176532064047,
                    -0.010349754088527285
                ]
            ],
            "object_pose": [
                0.7977063648234576,
                -0.17010908329235458,
                0.9409666464612323,
                0.5510552976834516,
                -0.5072858578309893,
                0.44364075622377375,
                0.4921199007933716
            ]
        },
        {
            "contact_pose": [
                [
                    0.01544899959117178,
                    -0.0169774113139911,
                    0.008181693123646548
                ],
                [
                    0.5996026740568687,
                    -0.7773964144503055,
                    0.1900827400467009
                ],
                [
                    -0.5892557269257768,
                    -0.5895681082214188,
                    -0.5524374480910867
                ],
                [
                    0.5415296128089646,
                    0.21923562796230606,
                    -0.8115919035346192
                ]
            ],
            "object_pose": [
                0.7913491234822803,
                -0.13956621670877126,
                0.9749550652827633,
                0.45278655045264715,
                -0.6360834487002044,
                -0.018880579077563533,
                0.624520383776657
            ]
        },
        {
            "contact_pose": [
                [
                    0.043759687224366,
                    0.0012937568386425335,
                    0.008112000301480328
                ],
                [
                    0.1222017209122459,
                    -0.985143122951192,
                    0.12066385833404542
                ],
                [
                    0.00098158963623024,
                    -0.12145500790524211,
                    -0.9925964525105477
                ],
                [
                    0.9925047989243538,
                    0.12141543706098756,
                    -0.013875004699738624
                ]
            ],