{
    "hook_path": "models/hook/Hook_90/base.urdf",
    "obj_path": "models/geo_data/mug/57/base.urdf",
    "hook_pose": [
        0.8,
        -0.2,
        1.0,
        4.329780281177466e-17,
        0.7071067811865475,
        0.7071067811865476,
        4.329780281177467e-17
    ],
    "contact_info": [
        {
            "contact_pose": [
                [
                    0.03973310097272063,
                    0.0041704208743136165,
                    -0.0032250539196397687
                ],
                [
                    0.1277697169376909,
                    -0.9841526674556819,
                    -0.12295701107919432
                ],
                [
                    9.554874593420415e-06,
                    -0.12397189046798796,
                    0.99228573016168
                ],
                [
                    -0.991803861326607,
                    -0.12678524170288888,
                    -0.01583044989800697
                ]
            ],
            "object_pose": [
                0.8000581467134598,
                -0.1667238121274611,
                0.9414564575109607,
                -0.4330898584856584,
                -0.49903963131742163,
                -0.5589614941247467,
                0.5009537592805102
            ]
        },
        {
            "contact_pose": [
                [
                    0.03973957219658606,
                    0.00418336165816001,
                    -0.003225592842216542
                ],
                [
                    0.12778048401169473,
                    -0.983622702009815,
                    -0.12711619879719233
                ],
                [
                    1.3633120715672575e-06,
                    -0.12816667565456402,
                    0.9917526421693057
                ],
                [
                    -0.9918024742376266,
                    -0.12672680593531926,
                    -0.016375858864606574
                ]
            ],
            "object_pose": [
                0.8002657509795764,
                -0.16672414712674313,
                0.9414563800345541,
                0.4319022917800853,
                0.5000969979788424,
                0.5598759612728035,
                -0.4999023014114996
            ]
        },
        {
            "contact_pose": [
                [
                    0.0396755056373441,
                    0.0040552450125016385,
                    -0.0032202573885355373
                ],
                [
                    0.12768950351912717,
                    -0.987968175701419,
                    -0.08725981029230154
                ],
                [
                    -5.579308636205482e-07,
                    -0.08798006924639967,
                    0.9961222351775343
                ],
                [
                    -0.9918141916159131,
                    -0.12719430496924136,
                    -0.011234682579588595
                ]
            ],
            "object_pose": [
                0.7982863854129446,
                -0.16672504903811033,
                0.9414929167256245,
                -0.4431549748134374,
                -0.48991480464819687,
                -0.5510112424739352,
                0.5098860295712668
            ]
        },
        {
            "contact_pose": [
                [
                    0.03972879454786569,
                    0.004161809131873682,
                    -0.003224695281207789
                ],
                [
                    0.12778294673231172,
                    -0.9845793142986492,
                    -0.11947841804949166
                ],
                [
                    -8.582367540088676e-06,
                    -0.12046707692834224,
                    0.9927173229588995
                ],
                [
                    -0.9918021569097086,
                    -0.1268513193922034,
                    -0.015402088095679334
                ]
            ],
            "object_pose": [
                0.7998824108381632,
                -0.1667260147629051,
                0.9414558406719757,
                -0.43406845087807433,
                -0.4981555181428859,
                -0.5581937734949565,
                0.5018419780444467
            ]
        },
        {
            "contact_pose": [
                [
                    0.039722361169729915,
                    0.00414894402975595,
                    -0.003224159510417875
                ],
                [
                    0.12774737028463268,
                    -0.9852251624234791,
                    -0.11407010437879536
                ],
                [
                    2.0161092624593202e-05,
                    -0.11500985154317012,
                    0.9933643509012932
                ],
                [
                    -0.9918067397325401,
                    -0.12690198334008146,
                    -0.014672342875710231
                ]
            ],
            "object_pose": [
                0.7996092054364322,
                -0.1667244177544343,
                0.9414556305958072,
                -0.4356168251381446,
                -0.49677659967687915,
                -0.5569991581707061,
                0.5031927359046087
            ]
        }
    ]
}