{
    "hook_path": "models/hook/Hook_90/base.urdf",
    "obj_path": "models/geo_data/mug/204/base.urdf",
    "hook_pose": [
        0.8,
        -0.2,
        1.0,
        4.329780281177466e-17,
        0.7071067811865475,
        0.7071067811865476,
        4.329780281177467e-17
    ],
    "contact_info": [
        {
            "contact_pose": [
                [
                    0.018506052772473344,
                    0.04759614908804962,
                    -0.023843492511495742
                ],
                [
                    0.29666594490680653,
                    -0.8833796620128145,
                    -0.3628080620309828
                ],
                [
                    -0.008664975278105946,
                    -0.3823854847569165,
                    0.9239622607285689
                ],
                [
                    -0.9549420062684337,
                    -0.270964414249074,
                    -0.12109521408658047
                ]
            ],
            "object_pose": [
                0.7867713794790612,
                -0.16183328448692857,
                0.9354160514783799,
                0.2989826702510688,
                0.5245256483385762,
                0.6373985215314574,
                -0.478753936666895
            ]
        },
        {
            "contact_pose": [
                [
                    0.043556999415159045,
                    -0.022622737853838316,
                    -0.004211120140460199
                ],
                [
                    0.2651812041762066,
                    -0.9356339851817709,
                    0.23295487701384365
                ],
                [
                    0.0004770891982026071,
                    0.24173195953701143,
                    0.9703429456250475
                ],
                [
                    -0.9641984761124415,
                    -0.25720557052924553,
                    0.06454915298570019
                ]
            ],
            "object_pose": [
                0.8069871319614061,
                -0.16228074997173064,
                0.9406293264479462,
                -0.49402084867007406,
                -0.35684816913454537,
                -0.5061441945517119,
                0.6102629266031336
            ]
        },
        {
            "contact_pose": [
                [
                    0.018866000697016758,
                    0.04190966875013121,
                    0.023671999573707594
                ],
                [
                    0.31044732838596867,
                    -0.8274301283633863,
                    0.4679549540015195
                ],
                [
                    -0.026841413403353623,
                    -0.4997120726124237,
                    -0.8657755962210448
                ],
                [
                    0.9502115526684173,
                    0.25621714845409044,
                    -0.17734367204253382
                ]
            ],
            "object_pose": [
                0.8084849770416386,
                -0.16018660773094062,
                0.9341036043705656,
                0.6514082224404786,
                -0.4514154427619652,
                0.24949272741957643,
                0.5564573700991798
            ]
        },
        {
            "contact_pose": [
                [
                    0.01763099990785126,
                    0.045370001345872955,
                    0.024289999157190365
                ],
                [
                    0.29269066841404096,
                    -0.8589741272588236,
                    0.42011381948620163
                ],
                [
                    -0.019763030291936295,
                    -0.44469477265841356,
                    -0.8954641153077896
                ],
                [
                    0.956002926385177,
                    0.2537912683096578,
                    -0.1471339419466267
                ]
            ],
            "object_pose": [
                0.8116502308027642,
                -0.1605260343482654,
                0.9343906607311928,
                0.6430672704904059,
                -0.4619092116193919,
                0.27673628326992306,
                0.5445377813954878
            ]
        },
        {
            "contact_pose": [
                [
                    0.01994239702371807,
                    -0.04126859160969563,
                    -0.021927086023931633
                ],
                [
                    0.2682371502280165,
                    -0.9177429277919545,
                    0.29291082213773556
                ],
                [
                    0.00033311660518062225,
                    0.30414184151224327,
                    0.9526266998540767
                ],
                [
                    -0.9633528534607039,
                    -0.2554322977412864,
                    0.0818878562408798
                ]
            ],
            "object_pose": [
                0.8033956594678232,
                -0.16228114815880246,
                0.9404297871088602,
                -0.509365203219073,
                -0.33590317187985796,
                -0.4906257718997066,
                0.6220952505995045
            ]
        },
        {
            "contact_pose": [
                [
                    0.01869757060942738,
                    0.04519641121430059,
                    -0.023604230919872224
                ],
                [
                    0.31683934768515115,
                    -0.8635111917004664,
                    -0.392378961676704
                ],
                [
                    -0.018871542814060283,
                    -0.41935014005648946,
                    0.9076284068419298
                ],
                [
                    -0.9482914597476164,
                    -0.28016759598969165,
                    -0.1491624132517705
                ]
            ],
            "object_pose": [
                0.7888820616359762,
                -0.16134392816237106,
                0.9353370172591681,
                0.2777507423570386,
                0.5317619083060277,
                0.6429764799066011,
                -0.4760935247215215
            ]
        },
        {
            "contact_pose": [
                [
                    0.04355699941515927,
                    -0.02258385407177036,
                    -0.004211875432757376
                ],
                [
                    0.2655068374710179,
                    -0.9324278404737989,
                    0.24512127929966887
                ],
                [
                    0.0004583629100849973,
                    0.2543684966051066,
                    0.9671072628402191
                ],
                [
                    -0.9641088678980094,
                    -0.25666123634905547,
                    0.06796396542428296
                ]
            ],