{
    "hook_path": "models/hook/Hook_90/base.urdf",
    "obj_path": "models/geo_data/mug/112/base.urdf",
    "hook_pose": [
        0.8,
        -0.2,
        1.0,
        4.329780281177466e-17,
        0.7071067811865475,
        0.7071067811865476,
        4.329780281177467e-17
    ],
    "contact_info": [
        {
            "contact_pose": [
                [
                    0.04423756353956996,
                    0.01759909485753042,
                    -0.001797999953851043
                ],
                [
                    0.11636334273064303,
                    -0.9449317232331209,
                    -0.3058816942810332
                ],
                [
                    -0.06538834076886546,
                    -0.3145941867859116,
                    0.9469714159001874
                ],
                [
                    -0.9910519347441109,
                    -0.0901916629639096,
                    -0.09839474870011555
                ]
            ],
            "object_pose": [
                0.7990699134457693,
                -0.1673192268537531,
                0.9357764155970734,
                0.3669258446832928,
                0.5659236635991618,
                0.5767766067716507,
                -0.4608954082684438
            ]
        },
        {
            "contact_pose": [
                [
                    -0.02571793035263239,
                    0.0404159753647475,
                    0.027550553550059923
                ],
                [
                    -0.47256084774461216,
                    0.6657210744963723,
                    -0.5774960572595185
                ],
                [
                    0.596433718135798,
                    0.723997519538163,
                    0.34654640608913323
                ],
                [
                    0.6488089588234743,
                    -0.18067385719572893,
                    -0.7391913773011808
                ]
            ],
            "object_pose": [
                0.7952188714067472,
                -0.13559977683344934,
                1.010273467859698,
                -0.4577837381560617,
                -0.44732216632087196,
                0.7672358882037267,
                0.04106117935596943
            ]
        },
        {
            "contact_pose": [
                [
                    0.04322524259204134,
                    0.019623868288484173,
                    -0.001797999953851154
                ],
                [
                    0.12376249020667879,
                    -0.8894446671813026,
                    -0.4399670783599423
                ],
                [
                    -0.06524656742950896,
                    -0.4497103991103056,
                    0.8907881018349517
                ],
                [
                    -0.9901644971702976,
                    -0.08153981208459815,
                    -0.11369049031779288
                ]
            ],
            "object_pose": [
                0.8041133730297891,
                -0.16733822679680402,
                0.9361792839265166,
                0.3214212742359902,
                0.59658901969967,
                0.603378057898825,
                -0.420362730613147
            ]
        },
        {
            "contact_pose": [
                [
                    0.04343263542583218,
                    0.019209055673320045,
                    0.002349870131153472
                ],
                [
                    0.12511681303840283,
                    -0.9173061918651797,
                    0.3780147265132882
                ],
                [
                    -0.06643083784628358,
                    -0.387899196486692,
                    -0.9193047139811805
                ],
                [
                    0.9899155150204257,
                    0.08990864102399422,
                    -0.10947013013175977
                ]
            ],
            "object_pose": [
                0.7982742136242118,
                -0.16683424241109263,
                0.9360546388279065,
                0.5919232487601326,
                -0.44111357731229206,
                0.3411912200718368,
                0.5819228736128994
            ]
        },
        {
            "contact_pose": [
                [
                    0.04312566337615884,
                    0.019823039659072065,
                    0.0023307019310550067
                ],
                [
                    0.1283659077381708,
                    -0.928092143850678,
                    0.34952419981055405
                ],
                [
                    -0.06640357326373067,
                    -0.3596925994793225,
                    -0.9307050012424002
                ],
                [
                    0.9895012679063953,
                    0.09626113651136922,
                    -0.10780090170854689
                ]
            ],
            "object_pose": [
                0.8007356282447412,
                -0.16682721987338794,
                0.9361388531951069,
                0.5872354219259497,
                -0.45087151993792696,
                0.349217371566173,
                0.5743837211661982
            ]
        },
        {
            "contact_pose": [
                [
                    0.04408158590801579,
                    0.017911070387588716,
                    0.0023903924285734925
                ],
                [
                    0.12024199867022423,
                    -0.9432527283147532,
                    0.3095418425392025
                ],
                [
                    -0.0665285944374005,
                    -0.3187594361542931,
                    -0.9454979471076504
                ],
                [
                    0.9905129014192464,
                    0.0930951791951215,
                    -0.10108154991220969
                ]
            ],
            "object_pose": [
                0.8011010138880238,
                -0.16683422027485426,
                0.9359153777675308,
                0.5779507823545452,
                -0.4609994390162855,
                0.36429191036457137,
                0.5663424886456696
            ]
        },
        {
            "contact_pose": [
                [
                    -0.030229260572914106,
                    0.04052399843931204,
                    0.026147423359070724
                ],
                [
                    -0.5665084023403708,
                    0.6936291443076971,
                    -0.444912171382996
                ],
                [
                    0.6408410517926887,
                    0.7102521453308338,
                    0.29131535556882054
                ],
                [
                    0.5180646450154661,
                    -0.12008538720393858,
                    -0.8468698385023988
                ]
            ],