{
    "hook_path": "models/hook/Hook_90/base.urdf",
    "obj_path": "models/geo_data/mug/193/base.urdf",
    "hook_pose": [
        0.8,
        -0.2,
        1.0,
        4.329780281177466e-17,
        0.7071067811865475,
        0.7071067811865476,
        4.329780281177467e-17
    ],
    "contact_info": [
        {
            "contact_pose": [
                [
                    0.042444442754572764,
                    0.011236696863358278,
                    -0.00851879270480452
                ],
                [
                    0.03765141076699019,
                    -0.9509346853497944,
                    -0.307092161192602
                ],
                [
                    -0.13800867782532433,
                    -0.30931350744477615,
                    0.9408925331604647
                ],
                [
                    -0.9897150984561978,
                    0.006955451883093766,
                    -0.14288332854794766
                ]
            ],
            "object_pose": [
                0.7995713882363404,
                -0.16973432230001545,
                0.9377166015841468,
                0.374784809212289,
                0.602506491853204,
                0.5390102112864338,
                -0.4538615055139697
            ]
        },
        {
            "contact_pose": [
                [
                    0.042426015116347304,
                    0.011191940557433791,
                    -0.008505630787107395
                ],
                [
                    0.033265702459775504,
                    -0.9451622617012668,
                    -0.3249025886255808
                ],
                [
                    -0.1519352849765095,
                    -0.3260866018237185,
                    0.9330504794973133
                ],
                [
                    -0.9878304825317774,
                    0.018325587761524764,
                    -0.15445099745301138
                ]
            ],
            "object_pose": [
                0.800573461456121,
                -0.17027818817178608,
                0.9377212416038422,
                0.3679292439313007,
                0.6113843842795658,
                0.5372712806133291,
                -0.4496407200725385
            ]
        },
        {
            "contact_pose": [
                [
                    0.043121268401274004,
                    0.010761119189359639,
                    -0.0006869999924674373
                ],
                [
                    0.21589527815849974,
                    -0.9285693624694096,
                    0.3019075486833983
                ],
                [
                    -0.1526464397692684,
                    -0.3374954421510995,
                    -0.9288680697241138
                ],
                [
                    0.9644108529535694,
                    0.15445311783964843,
                    -0.21460647962021207
                ]
            ],
            "object_pose": [
                0.7994737203964012,
                -0.17010814359815365,
                0.9377097271857288,
                0.5709015297653743,
                -0.5012963217812192,
                0.3126471228508608,
                0.5701098294655641
            ]
        },
        {
            "contact_pose": [
                [
                    0.04310506520668772,
                    0.01072692415664657,
                    -0.0006869999924674373
                ],
                [
                    0.21829060670455658,
                    -0.9349388059403593,
                    0.27971170903516207
                ],
                [
                    -0.15047984608320522,
                    -0.3154437505417224,
                    -0.9369370609421669
                ],
                [
                    0.9642121275670259,
                    0.16243358455376825,
                    -0.20954785530203435
                ]
            ],
            "object_pose": [
                0.8007611355765017,
                -0.17004577942232163,
                0.937714305896576,
                0.5682573025280284,
                -0.5082326538116699,
                0.3191296211290422,
                0.5629737939204184
            ]
        },
        {
            "contact_pose": [
                [
                    0.04312090298185817,
                    0.010760348012490165,
                    -0.0006869999924674928
                ],
                [
                    0.21598085744076523,
                    -0.9287151775321347,
                    0.30139739255774417
                ],
                [
                    -0.15263557382281584,
                    -0.3370024183425541,
                    -0.9290488424378179
                ],
                [
                    0.9643934108147625,
                    0.1546528016323186,
                    -0.21454104531381196
                ]
            ],
            "object_pose": [
                0.7995029994280536,
                -0.1701084739479946,
                0.9377095117513369,
                0.5708359265952098,
                -0.5014705831096651,
                0.31277557129158967,
                0.5699517884760608
            ]
        },
        {
            "contact_pose": [
                [
                    0.043107170253828764,
                    0.010731366623561014,
                    -0.0006869999924674373
                ],
                [
                    0.21827102736259674,
                    -0.9344014953587061,
                    0.2815166142263906
                ],
                [
                    -0.15062149894249954,
                    -0.31727197549737585,
                    -0.9362967786019063
                ],
                [
                    0.9641944423561002,
                    0.16196400536973143,
                    -0.20999223389021426
                ]
            ],
            "object_pose": [
                0.8006574638167343,
                -0.1700502572598781,
                0.9377129942091251,
                0.5685198151018183,
                -0.50770781215327,
                0.3185505774054484,
                0.5635100060777889
            ]
        },
        {
            "contact_pose": [
                [
                    0.04239200670277282,
                    0.011283703999750996,
                    -0.0033628660699957257
                ],
                [
                    0.033074622525390895,
                    -0.9415747321917132,
                    -0.33517621192875036
                ],
                [
                    -0.15191914757944913,
                    -0.33619914100371967,
                    0.929457212671511
                ],
                [
                    -0.9878393806401606,
                    0.020178237942512278,
                    -0.15416289037897185
                ]
            ],