{
    "hook_path": "models/hook/Hook_90/base.urdf",
    "obj_path": "models/geo_data/mug/70/base.urdf",
    "hook_pose": [
        0.8,
        -0.2,
        1.0,
        4.329780281177466e-17,
        0.7071067811865475,
        0.7071067811865476,
        4.329780281177467e-17
    ],
    "contact_info": [
        {
            "contact_pose": [
                [
                    0.04367023291005254,
                    -0.0014012163009624046,
                    0.004138711861720909
                ],
                [
                    0.017856839411681258,
                    -0.9951773390878975,
                    0.09645308212886486
                ],
                [
                    -0.06123664773896234,
                    -0.09737592765574765,
                    -0.9933619691164329
                ],
                [
                    0.9979635295239601,
                    0.011831841746521105,
                    -0.06268015045423564
                ]
            ],
            "object_pose": [
                0.7999824490303926,
                -0.17778652783224144,
                0.9396316420440369,
                0.5116268845888632,
                -0.4941192688401806,
                0.4556529458880003,
                0.5352237588432772
            ]
        },
        {
            "contact_pose": [
                [
                    0.015207778873382729,
                    0.02775057286110666,
                    -0.02004599943757061
                ],
                [
                    0.1383675524223334,
                    -0.9660781026345788,
                    -0.21805393838824716
                ],
                [
                    -0.17586823908247734,
                    -0.24064046340657197,
                    0.9545483381440143
                ],
                [
                    -0.9746408481685354,
                    -0.09372975504845307,
                    -0.20319928666182757
                ]
            ],
            "object_pose": [
                0.7968217293145938,
                -0.17446207630878924,
                0.9421399874147588,
                -0.3578924655119267,
                -0.5701299023955575,
                -0.5328966725253178,
                0.5127241109365454
            ]
        },
        {
            "contact_pose": [
                [
                    0.043712245613928474,
                    -0.0013042475475599224,
                    -0.004114220602869129
                ],
                [
                    0.02447222548746819,
                    -0.9950412293805677,
                    -0.09640571566302075
                ],
                [
                    -0.04609971967025056,
                    -0.09745525135967759,
                    0.994171660141621
                ],
                [
                    -0.9986370341750876,
                    -0.01988531657356124,
                    -0.04825606862099757
                ]
            ],
            "object_pose": [
                0.7999572021436607,
                -0.17939699213890345,
                0.939507191366235,
                0.4576049737746432,
                0.529768845525978,
                0.51725025678252,
                -0.4923360947007621
            ]
        },
        {
            "contact_pose": [
                [
                    0.04371917408484535,
                    -0.0012882560705587687,
                    -0.004114753261854243
                ],
                [
                    0.026230637202142526,
                    -0.9952016924978697,
                    -0.09426316842407506
                ],
                [
                    -0.042160975676297674,
                    -0.09531307191852423,
                    0.9945541063468981
                ],
                [
                    -0.998766442068411,
                    -0.022113560790388453,
                    -0.044458796960529456
                ]
            ],
            "object_pose": [
                0.7998470340543445,
                -0.1789153984289153,
                0.9395266662465162,
                0.4586562697459937,
                0.5278045526778792,
                0.518221900718738,
                -0.49244577570596826
            ]
        },
        {
            "contact_pose": [
                [
                    0.04365571972646473,
                    -0.001434713914554575,
                    0.004119729471221969
                ],
                [
                    0.014455419942451142,
                    -0.9952093289334286,
                    0.0966924631921321
                ],
                [
                    -0.0691084333494687,
                    -0.09746573123082691,
                    -0.9928365704765423
                ],
                [
                    0.9975044186740574,
                    0.007669604912551975,
                    -0.07018626565230501
                ]
            ],
            "object_pose": [
                0.7999651167023696,
                -0.17798435809311428,
                0.9396318576160309,
                0.5087370722571767,
                -0.4949963573274778,
                0.4545683387967774,
                0.5380825428382361
            ]
        },
        {
            "contact_pose": [
                [
                    0.0437028132526682,
                    -0.0013260182080667149,
                    -0.004113495445466281
                ],
                [
                    0.023339905923834448,
                    -0.9952938632069999,
                    -0.09404985196135496
                ],
                [
                    -0.0489692508367669,
                    -0.09510073306023131,
                    0.9942624719076412
                ],
                [
                    -0.9985275465724281,
                    -0.018600441766066983,
                    -0.05095843700659186
                ]
            ],
            "object_pose": [
                0.7998393754347131,
                -0.17954792059107025,
                0.9395026404652204,
                0.457815589357716,
                0.5301930452750335,
                0.515674568621203,
                -0.4933355452026235
            ]
        },
        {
            "contact_pose": [
                [
                    0.04367084065739654,
                    -0.0013998135704334502,
                    0.004139506759500369
                ],
                [
                    0.01773313491919415,
                    -0.9951240364954685,
                    0.09702416150064164
                ],
                [
                    -0.06158369317393675,
                    -0.09794226300941627,
                    -0.9932848341999653
                ],
                [
                    0.9979443795427658,
                    0.01163894778574337,
                    -0.06302023669778362
                ]
            ],
            "object_pose": [
                0.7999542772082695,
                -0.17779334693350524,
                0.9396309612764412,
                0.511634492609824,
                -0.4940137850958813,
                0.4554539486983503,
                0.5354831712782473
            ]
        }
    ]
}