{
    "hook_path": "models/hook/Hook_90/base.urdf",
    "obj_path": "models/geo_data/mug/57/base.urdf",
    "hook_pose": [
        0.8,
        -0.2,
        1.0,
        4.329780281177466e-17,
        0.7071067811865475,
        0.7071067811865476,
        4.329780281177467e-17
    ],
    "contact_info": [
        {
            "contact_pose": [
                [
                    0.041112980988287154,
                    0.0046621882328686855,
                    -0.0020461495488021306
                ],
                [
                    0.11442054694322451,
                    -0.9769689752193225,
                    -0.1801098550777282
                ],
                [
                    0.0011796576620121124,
                    -0.18116681863275358,
                    0.9834516725463878
                ],
                [
                    -0.9934317021542114,
                    -0.11273954623553295,
                    -0.019576717538758004
                ]
            ],
            "object_pose": [
                0.8012222601723128,
                -0.16697694619111075,
                0.9390868283759338,
                0.4208117917634768,
                0.5162825416330149,
                0.5687769903431558,
                -0.48255829531150757
            ]
        },
        {
            "contact_pose": [
                [
                    0.04165797279071955,
                    0.004406631472021921,
                    -0.003328742873002601
                ],
                [
                    0.11429052002100842,
                    -0.9780862436633393,
                    -0.17402579403601648
                ],
                [
                    0.001180306068030268,
                    -0.1750398305056574,
                    0.9845606454729623
                ],
                [
                    -0.9934466688810794,
                    -0.11273135186401914,
                    -0.018850952124428055
                ]
            ],
            "object_pose": [
                0.8008960833926944,
                -0.16697633989564914,
                0.9390758537841508,
                0.4226177824488679,
                0.5148092209993832,
                0.5674366598943149,
                -0.4841294382084125
            ]
        },
        {
            "contact_pose": [
                [
                    0.041087123052873056,
                    0.0046124763719048775,
                    -0.0020441578678317605
                ],
                [
                    0.11424526994267281,
                    -0.9803619329041338,
                    -0.16074358092376995
                ],
                [
                    0.001186681359146402,
                    -0.16166819033481172,
                    0.9868444598928541
                ],
                [
                    -0.9934518660121775,
                    -0.11293306312297499,
                    -0.01730644881494997
                ]
            ],
            "object_pose": [
                0.8001908088173234,
                -0.16697656142366352,
                0.9390715234378635,
                0.4264709947090193,
                0.5115231755359791,
                0.5645492284570698,
                -0.487596862387377
            ]
        },
        {
            "contact_pose": [
                [
                    0.04109884116060332,
                    0.004635004425012084,
                    0.0023461563002459434
                ],
                [
                    0.11629129924475667,
                    -0.969464987344975,
                    0.21590269111841628
                ],
                [
                    1.7585118490454077e-05,
                    -0.21737555557872962,
                    -0.976088042918057
                ],
                [
                    0.993215149607944,
                    0.11351434336261837,
                    -0.02526183762562645
                ]
            ],
            "object_pose": [
                0.796789987379506,
                -0.16709731849518497,
                0.9392765192462672,
                0.5765055549601247,
                -0.47370720575206365,
                0.4094510198538575,
                0.5249692282975517
            ]
        },
        {
            "contact_pose": [
                [
                    0.04111721036351275,
                    0.004670319203490042,
                    -0.002046475312093695
                ],
                [
                    0.11432976225986236,
                    -0.9765150648290428,
                    -0.18261170177054264
                ],
                [
                    0.0011884553249881247,
                    -0.18368244302018533,
                    0.9829849173309205
                ],
                [
                    -0.993442143778662,
                    -0.11260145775284894,
                    -0.019839825513081333
                ]
            ],
            "object_pose": [
                0.8013538820661187,
                -0.16697680507373155,
                0.9390891732884195,
                0.4201116803308367,
                0.5169191882423948,
                0.569298167669715,
                -0.4818716895236008
            ]
        },
        {
            "contact_pose": [
                [
                    0.04108531313130899,
                    0.004608996799088666,
                    -0.0020440184604785436
                ],
                [
                    0.11410833226653311,
                    -0.980552246428994,
                    -0.15967648709313487
                ],
                [
                    0.0011815736870792737,
                    -0.16059223791250093,
                    0.9870201299902028
                ],
                [
                    -0.993467610136824,
                    -0.11281589048227333,
                    -0.0171663177099588
                ]
            ],
            "object_pose": [
                0.8001349906336088,
                -0.1669760924027784,
                0.9390709474936301,
                0.42681646995859684,
                0.5112922410236103,
                0.5642858210301069,
                -0.4878416315009563
            ]
        },
        {
            "contact_pose": [
                [
                    0.041038485703628405,
                    0.00451897110535549,
                    -0.002040411625860513
                ],
                [
                    0.11243043002317271,
                    -0.985612759010692,
                    -0.12620177368062685
                ],
                [
                    0.0011582224448728473,
                    -0.1268769739524797,
                    0.9919177849002558
                ],
                [
                    -0.9936589238393487,
                    -0.11166791283082833,
                    -0.013123273922076906
                ]
            ],