{
    "hook_path": "models/hook/Hook_90/base.urdf",
    "obj_path": "models/geo_data/mug/147/base.urdf",
    "hook_pose": [
        0.8,
        -0.2,
        1.0,
        4.329780281177466e-17,
        0.7071067811865475,
        0.7071067811865476,
        4.329780281177467e-17
    ],
    "contact_info": [
        {
            "contact_pose": [
                [
                    0.042884090317030645,
                    0.0009225458049664159,
                    0.003176377928259315
                ],
                [
                    0.17373301230018007,
                    -0.9825670466315752,
                    0.06617279887392685
                ],
                [
                    -1.2533125286789959e-05,
                    -0.0671968479013606,
                    -0.9977397373438837
                ],
                [
                    0.9847927905300821,
                    0.17333950070836446,
                    -0.011686625438878495
                ]
            ],
            "object_pose": [
                0.8011065078388704,
                -0.16393331263043975,
                0.9422879519094586,
                0.5566641192085683,
                -0.5261129239430743,
                0.4360261366284198,
                0.47245259849292
            ]
        },
        {
            "contact_pose": [
                [
                    0.0428609211533769,
                    -0.0030785272951873244,
                    0.0034472472794181462
                ],
                [
                    0.1736601371254709,
                    -0.9833193977991371,
                    0.05408436636871072
                ],
                [
                    -2.5386932652166072e-05,
                    -0.05492329244463012,
                    -0.9984905764715786
                ],
                [
                    0.9848056438348971,
                    0.17339663739237826,
                    -0.009562949960644329
                ]
            ],
            "object_pose": [
                0.8016921447168971,
                -0.1639260747018627,
                0.9423076050563115,
                0.5539529801410127,
                -0.5289937754729066,
                0.4394580780080902,
                0.4692315835248584
            ]
        },
        {
            "contact_pose": [
                [
                    0.04312169055986723,
                    -0.0025406759917016098,
                    -0.001583785039677678
                ],
                [
                    0.23910563694036202,
                    -0.9598821344095148,
                    -0.1464745111778108
                ],
                [
                    1.89731046142394e-05,
                    -0.15084551788727352,
                    0.9885573475389994
                ],
                [
                    -0.9709935602378451,
                    -0.23637241331161116,
                    -0.03604980168988181
                ]
            ],
            "object_pose": [
                0.8026406400257402,
                -0.16374408734532162,
                0.9426863513688427,
                -0.3928014920462983,
                -0.4769913848177936,
                -0.5879765934104088,
                0.5219863334008819
            ]
        },
        {
            "contact_pose": [
                [
                    0.04309018784433669,
                    -0.002605652082415374,
                    -0.0015857437166489866
                ],
                [
                    0.23888382512762707,
                    -0.9627782968954206,
                    -0.12646133448428468
                ],
                [
                    3.4571806397099003e-06,
                    -0.13023094177577288,
                    0.9914836871034454
                ],
                [
                    -0.9710481543571569,
                    -0.23684985292659166,
                    -0.03110673702288158
                ]
            ],
            "object_pose": [
                0.8016470112438705,
                -0.16374368632212516,
                0.9426415270581993,
                -0.398964995259535,
                -0.47159517183095,
                -0.5838053281256338,
                0.5268740507136566
            ]
        },
        {
            "contact_pose": [
                [
                    0.04283784841657288,
                    -0.0031261160891799056,
                    0.003448687678615452
                ],
                [
                    0.17350517185144693,
                    -0.984005082105464,
                    0.040372685462067986
                ],
                [
                    -1.4929350218739756e-05,
                    -0.040997077999612275,
                    -0.9991592662697015
                ],
                [
                    0.9848329579770949,
                    0.17335869746312962,
                    -0.007127895620217706
                ]
            ],
            "object_pose": [
                0.8023567846786689,
                -0.1639271885916794,
                0.9423336755175158,
                0.5508440009601128,
                -0.5322125847232665,
                0.4433547359971989,
                0.46557193787565126
            ]
        },
        {
            "contact_pose": [
                [
                    0.04286869222406595,
                    -0.003062499032685858,
                    0.0034467621421724647
                ],
                [
                    0.17371976934928407,
                    -0.9830836912148693,
                    0.05803359203581132
                ],
                [
                    6.559137248202118e-06,
                    -0.05892845423844012,
                    -0.9982622086596515
                ],
                [
                    0.984795126762013,
                    0.17341826128875676,
                    -0.010230589297554549
                ]
            ],
            "object_pose": [
                0.8015028726972991,
                -0.16392669339632684,
                0.9423009401525725,
                0.5548554794858334,
                -0.5280573146249603,
                0.43833625956926037,
                0.4702682137912912
            ]
        },
        {
            "contact_pose": [
                [
                    0.04286436587713347,
                    -0.0030714223621832815,
                    0.003447032230055912
                ],
                [
                    0.17366776784574156,
                    -0.9832246272043341,
                    0.05575696252824233
                ],
                [
                    3.1094703255019063e-06,
                    -0.056616754681503734,
                    -0.9983959851079459
                ],
                [
                    0.9848042985293113,
                    0.17338937553446757,
                    -0.009829448100405092
                ]
            ],