{
    "hook_path": "models/hook/Hook_90/base.urdf",
    "obj_path": "models/geo_data/mug/100/base.urdf",
    "hook_pose": [
        0.8,
        -0.2,
        1.0,
        4.329780281177466e-17,
        0.7071067811865475,
        0.7071067811865476,
        4.329780281177467e-17
    ],
    "contact_info": [
        {
            "contact_pose": [
                [
                    0.014642822692353025,
                    0.03136097050679766,
                    -0.023294072924857717
                ],
                [
                    0.20779502865028981,
                    -0.852513936412947,
                    -0.47962611927409377
                ],
                [
                    -7.99785597063174e-05,
                    -0.4903436310471189,
                    0.8715291831573726
                ],
                [
                    -0.9781723875021495,
                    -0.18106107177753283,
                    -0.10195915169868708
                ]
            ],
            "object_pose": [
                0.804217130315579,
                -0.16388648379417117,
                0.9390770549024222,
                0.2912184877324357,
                0.5697905374030591,
                0.6443227476373778,
                -0.41878244085179406
            ]
        },
        {
            "contact_pose": [
                [
                    0.01466867014405045,
                    0.03222740397948855,
                    -0.02326174834736397
                ],
                [
                    0.20735123468364264,
                    -0.8677387394911275,
                    -0.4517022752450098
                ],
                [
                    -8.609111228091715e-05,
                    -0.46175360118125824,
                    0.8870082324220336
                ],
                [
                    -0.9782665577762995,
                    -0.18388336461596838,
                    -0.09581988391780427
                ]
            ],
            "object_pose": [
                0.8025481680571792,
                -0.16388666836900698,
                0.9389272511981751,
                0.30179805707904295,
                0.5630064390709316,
                0.6394332546772762,
                -0.42786305650384204
            ]
        },
        {
            "contact_pose": [
                [
                    0.01988213517398398,
                    9.514206851936411e-05,
                    -0.01425798203695719
                ],
                [
                    0.7934178281392176,
                    -0.5664660879058661,
                    -0.2227202757798908
                ],
                [
                    -0.2821646511225736,
                    -0.6665148789778341,
                    0.6900297281697648
                ],
                [
                    -0.5393248183124186,
                    -0.4846380993625932,
                    -0.6886614937677944
                ]
            ],
            "object_pose": [
                0.7947877449523209,
                -0.13032884569014833,
                0.9770251572560505,
                0.05117854466214925,
                -0.5050363421427886,
                -0.5969073889683203,
                0.6213055759256624
            ]
        },
        {
            "contact_pose": [
                [
                    -0.04920500144362454,
                    0.03868899866938581,
                    0.0017839999636636013
                ],
                [
                    -0.7666288740752243,
                    0.6357241933523776,
                    -0.09019378814875545
                ],
                [
                    0.6357740519782699,
                    0.7712155488563184,
                    0.031905047145863674
                ],
                [
                    0.08984166219124673,
                    -0.0328835397838535,
                    -0.9954130542372837
                ]
            ],
            "object_pose": [
                0.7986402461717387,
                -0.1336831143537137,
                1.008666577011034,
                -0.6149586823611934,
                -0.32462909465520495,
                0.6631084715020007,
                0.2769998644660445
            ]
        },
        {
            "contact_pose": [
                [
                    0.022357871866997298,
                    0.0012940996141293107,
                    -0.007823610747682369
                ],
                [
                    0.8582170853052562,
                    -0.5131210301985835,
                    -0.013047714669427724
                ],
                [
                    -0.36112031948843565,
                    -0.6216637437144861,
                    0.6950728771887591
                ],
                [
                    -0.36476780195450437,
                    -0.5918116238456574,
                    -0.7188208765321479
                ]
            ],
            "object_pose": [
                0.7896524352728989,
                -0.13142054423744318,
                0.9762054744842258,
                0.09222302044023374,
                -0.44225456761694554,
                -0.5576152389924995,
                0.6963986338054996
            ]
        },
        {
            "contact_pose": [
                [
                    -0.03491799905896202,
                    0.03868899866938587,
                    -0.02890300005674365
                ],
                [
                    -0.22498699111106346,
                    -0.15468432534260737,
                    0.9620049965172179
                ],
                [
                    0.6769275766143517,
                    0.6853253689215046,
                    0.26851107003552876
                ],
                [
                    -0.7008208828579605,
                    0.7116192087106039,
                    -0.049479207191331705
                ]
            ],
            "object_pose": [
                0.7992325827250425,
                -0.13507603904819432,
                1.0098512287830823,
                0.9152256254391828,
                0.1348022955841574,
                0.02873748156384706,
                -0.3786351182841676
            ]
        },
        {
            "contact_pose": [
                [
                    0.014668227077471525,
                    0.032212551926797964,
                    -0.02326230244221747
                ],
                [
                    0.2073122295084816,
                    -0.8674369494531888,
                    -0.45229943424635016
                ],
                [
                    9.85609696080303e-07,
                    -0.462343750475718,
                    0.8867007704942381
                ],
                [
                    -0.9782748282028171,
                    -0.18382435942875686,
                    -0.09584865875616605
                ]
            ],
            "object_pose": [
                0.8025833425120961,
                -0.16388911175807705,
                0.9389277279590414,
                0.30161117019044115,
                0.5631327750202205,
                0.6395554665712746,
                -0.4276458638794226
            ]
        }
    ]
}