{
    "hook_path": "models/hook/Hook_90/base.urdf",
    "obj_path": "models/geo_data/mug/184/base.urdf",
    "hook_pose": [
        0.8,
        -0.2,
        1.0,
        4.329780281177466e-17,
        0.7071067811865475,
        0.7071067811865476,
        4.329780281177467e-17
    ],
    "contact_info": [
        {
            "contact_pose": [
                [
                    0.011746999807655747,
                    0.03541227323639489,
                    -0.021816000342369097
                ],
                [
                    0.21169289329176755,
                    -0.904913344752337,
                    -0.369212618173998
                ],
                [
                    -0.001421932687440064,
                    -0.37805917854399185,
                    0.9257803387554061
                ],
                [
                    -0.9773352019840443,
                    -0.19545612297336767,
                    -0.08131916720569066
                ]
            ],
            "object_pose": [
                0.7962413918690547,
                -0.16518725255943287,
                0.9399671994510268,
                0.32935897064039193,
                0.5420282344786271,
                0.6251493438491169,
                -0.45488059902759365
            ]
        },
        {
            "contact_pose": [
                [
                    0.008482393351882769,
                    0.034798364610532144,
                    0.025423116080993093
                ],
                [
                    0.12183247032521527,
                    -0.8808770751939294,
                    0.45739745033421864
                ],
                [
                    -0.021106405849617135,
                    -0.46302537551862155,
                    -0.8860936865015746
                ],
                [
                    0.9923262411155753,
                    0.09830096654472957,
                    -0.07500367437536087
                ]
            ],
            "object_pose": [
                0.8012467193394737,
                -0.1646442799965481,
                0.9391901304199085,
                0.6193932537228128,
                -0.40681996081194444,
                0.32526726597962274,
                0.5874101824192159
            ]
        },
        {
            "contact_pose": [
                [
                    0.03925664629767294,
                    0.011426227673291203,
                    0.004591118257188133
                ],
                [
                    0.08146981988740537,
                    -0.9525196677585186,
                    0.29337510286443036
                ],
                [
                    -3.412313760794983e-05,
                    -0.29435625592155235,
                    -0.9556957640564581
                ],
                [
                    0.996675808517055,
                    0.07785035088583,
                    -0.024013654112357008
                ]
            ],
            "object_pose": [
                0.7989549950613811,
                -0.1656147985454284,
                0.9402149045359534,
                0.5854893958503118,
                -0.4428626680922111,
                0.39646576873424133,
                0.5512619330037691
            ]
        },
        {
            "contact_pose": [
                [
                    0.011746999807655747,
                    0.03636701657167923,
                    -0.02241900004446511
                ],
                [
                    0.22089798016198198,
                    -0.8988733831889311,
                    -0.3784583508853276
                ],
                [
                    -0.006288528518162639,
                    -0.3893488726422153,
                    0.9210688952414539
                ],
                [
                    -0.975276646275011,
                    -0.20108231241638616,
                    -0.09165897044941107
                ]
            ],
            "object_pose": [
                0.7953917555264525,
                -0.16500116990893748,
                0.9398439803105619,
                0.3217805184361398,
                0.5439817476228187,
                0.6271467401620515,
                -0.4552231568278412
            ]
        }
    ]
}