{
    "hook_path": "models/hook/Hook_90/base.urdf",
    "obj_path": "models/geo_data/mug/145/base.urdf",
    "hook_pose": [
        0.8,
        -0.2,
        1.0,
        4.329780281177466e-17,
        0.7071067811865475,
        0.7071067811865476,
        4.329780281177467e-17
    ],
    "contact_info": [
        {
            "contact_pose": [
                [
                    0.04171719806429948,
                    -0.0035581096534698063,
                    0.0024674394138323548
                ],
                [
                    0.17509270071600563,
                    -0.9772340548351319,
                    0.11981714496040011
                ],
                [
                    0.0005234833646801385,
                    -0.12160470652227956,
                    -0.9925784711128873
                ],
                [
                    0.9845518128169497,
                    0.17385596746190943,
                    -0.020780530713658096
                ]
            ],
            "object_pose": [
                0.7969468118395443,
                -0.16223348292052994,
                0.9441339391925585,
                0.5688138086814941,
                -0.5132044765823923,
                0.4203719694932009,
                0.48616810213490214
            ]
        },
        {
            "contact_pose": [
                [
                    -0.03236699849367135,
                    0.02498099952936173,
                    -0.03216800093650817
                ],
                [
                    -0.33022593918973997,
                    0.18646104939656832,
                    0.9253016298181823
                ],
                [
                    0.5896423675803858,
                    0.8062388834708495,
                    0.04796604146555292
                ],
                [
                    -0.7370703544713023,
                    0.5614366748241592,
                    -0.3761863271331644
                ]
            ],
            "object_pose": [
                0.8078338363336798,
                -0.14267944079349362,
                1.0020163075121133,
                0.8769807113361626,
                0.10781080352356948,
                -0.16039331574137092,
                -0.4399495958100307
            ]
        },
        {
            "contact_pose": [
                [
                    -0.003794000018387967,
                    0.02498099952936173,
                    -0.03663200139999389
                ],
                [
                    0.04102133943033803,
                    0.3235054556363262,
                    0.9453366965715833
                ],
                [
                    0.7821540353588525,
                    0.5783408466103339,
                    -0.2318554077736914
                ],
                [
                    -0.6217333147606001,
                    0.7489099313773151,
                    -0.22930678141132527
                ]
            ],
            "object_pose": [
                0.7970474473412479,
                -0.14513609062882532,
                0.9991166909250176,
                0.9322554187704879,
                -0.07317649801486673,
                -0.14824591681556865,
                -0.3218201088478684
            ]
        },
        {
            "contact_pose": [
                [
                    -0.03459699824452371,
                    0.02498099952936173,
                    0.025420999154448575
                ],
                [
                    -0.5639746056938297,
                    0.43037769504872647,
                    -0.704774917074263
                ],
                [
                    0.5620021924190125,
                    0.8253524891757871,
                    0.05428447593516206
                ],
                [
                    0.6050505597458051,
                    -0.3654699826468344,
                    -0.707351052826961
                ]
            ],
            "object_pose": [
                0.7988422928613179,
                -0.14203431421509724,
                1.0000315994762172,
                -0.35062704284535545,
                -0.4408238712934044,
                0.8112100671435405,
                0.15707710937112915
            ]
        },
        {
            "contact_pose": [
                [
                    0.041711221645417476,
                    -0.0035724490349888748,
                    0.002466244130835081
                ],
                [
                    0.17514263114617024,
                    -0.9777707886380688,
                    0.11527941551415691
                ],
                [
                    0.0005204676459252822,
                    -0.11699728914537033,
                    -0.9931320976819066
                ],
                [
                    0.9845429334816365,
                    0.1739997678697409,
                    -0.019982314997272432
                ]
            ],
            "object_pose": [
                0.7971625856273696,
                -0.16223343169725649,
                0.9441199440618188,
                0.5678467335095411,
                -0.5143442146825554,
                0.42167561118175534,
                0.484963704827096
            ]
        },
        {
            "contact_pose": [
                [
                    -0.022990999743342445,
                    0.02498099952936173,
                    0.035686001181602374
                ],
                [
                    -0.09753501747992871,
                    0.011011743101274871,
                    -0.9951711721503298
                ],
                [
                    0.7750651035903862,
                    0.628101365846979,
                    -0.069012748225116
                ],
                [
                    0.6243084218249932,
                    -0.7780536072373361,
                    -0.06979669550455253
                ]
            ],
            "object_pose": [
                0.8002621257256292,
                -0.1448181312287499,
                0.9989461997830933,
                -0.021449500010024776,
                -0.3324351295074753,
                0.9418452477687155,
                0.044207837248105716
            ]
        },
        {
            "contact_pose": [
                [
                    -0.0349510645730947,
                    0.024980999529361617,
                    -0.02574358844051171
                ],
                [
                    -0.5140832954720804,
                    0.2624348314375412,
                    0.8166065910613964
                ],
                [
                    0.5748424430974963,
                    0.8120162730837742,
                    0.10092441657418083
                ],
                [
                    -0.6366117583977436,
                    0.5213036845213033,
                    -0.5683026813012994
                ]
            ],