{
    "hook_path": "models/hook/Hook_90/base.urdf",
    "obj_path": "models/geo_data/mug/129/base.urdf",
    "hook_pose": [
        0.8,
        -0.2,
        1.0,
        4.329780281177466e-17,
        0.7071067811865475,
        0.7071067811865476,
        4.329780281177467e-17
    ],
    "contact_info": [
        {
            "contact_pose": [
                [
                    0.008169047815733504,
                    0.03889407512386438,
                    -0.01973594509713629
                ],
                [
                    0.08329738693963074,
                    -0.7617228541877576,
                    -0.6425261385633165
                ],
                [
                    0.08872541685209206,
                    -0.6365372725323906,
                    0.7661253820892819
                ],
                [
                    -0.9925670484825961,
                    -0.12082464187855863,
                    0.01456228627194639
                ]
            ],
            "object_pose": [
                0.8008321783573285,
                -0.16615470166367288,
                0.9337579306362294,
                0.28520809789091595,
                0.5985348945200827,
                0.6804550310810347,
                -0.312078950933554
            ]
        },
        {
            "contact_pose": [
                [
                    0.041847960508001256,
                    -0.009690643171504768,
                    0.005071000196039691
                ],
                [
                    0.1315715342164177,
                    -0.9905374346059932,
                    -0.039045128097060566
                ],
                [
                    0.10228135438649283,
                    0.05274211549665936,
                    -0.9933563277081401
                ],
                [
                    0.9860159511533282,
                    0.12670382747618508,
                    0.10825287143573809
                ]
            ],
            "object_pose": [
                0.8007107342350813,
                -0.1675178598470359,
                0.9448473676488228,
                0.5454218674030262,
                -0.5156228275558484,
                0.5036423966981355,
                0.4277761359754251
            ]
        },
        {
            "contact_pose": [
                [
                    0.00813203547348344,
                    0.03873519319494016,
                    -0.019789932649440747
                ],
                [
                    0.08407283635242385,
                    -0.7581056926826144,
                    -0.6466896604321674
                ],
                [
                    0.08819248168707766,
                    -0.6407794217229629,
                    0.7626426547671326
                ],
                [
                    -0.9925491647074886,
                    -0.1211506971445016,
                    0.012987078958265397
                ]
            ],
            "object_pose": [
                0.8011350660889572,
                -0.16613160848866496,
                0.9337670489140265,
                0.28299828802945465,
                0.5994469287602924,
                0.6811814808227956,
                -0.31075253620254517
            ]
        },
        {
            "contact_pose": [
                [
                    0.00816094661217907,
                    0.03886861080212582,
                    -0.019746852226044206
                ],
                [
                    0.08342086108238639,
                    -0.761042779509112,
                    -0.6433155117773226
                ],
                [
                    0.08864135782212612,
                    -0.6373396514404879,
                    0.7654677513685129
                ],
                [
                    -0.9925641891685006,
                    -0.12088033942193721,
                    0.014292442811299155
                ]
            ],
            "object_pose": [
                0.8008850362773933,
                -0.16615057316755474,
                0.9337584634093982,
                0.28480059103821503,
                0.5987056485730821,
                0.6805948150370722,
                -0.31181864513787844
            ]
        },
        {
            "contact_pose": [
                [
                    0.008166947597687473,
                    0.038891861943952374,
                    -0.019738344071142472
                ],
                [
                    0.08328752358269342,
                    -0.7616025729782308,
                    -0.642669984710972
                ],
                [
                    0.08872948223215349,
                    -0.6366816007274865,
                    0.7660049727501117
                ],
                [
                    -0.9925675127658955,
                    -0.1208224322219359,
                    0.014548968131776807
                ]
            ],
            "object_pose": [
                0.8008396205251418,
                -0.16615428884756042,
                0.9337576267545372,
                0.28514779733466533,
                0.598564547533698,
                0.6804817960763281,
                -0.3120188156501184
            ]
        },
        {
            "contact_pose": [
                [
                    0.008125281056118022,
                    0.03869978873110062,
                    -0.019800411036391144
                ],
                [
                    0.08422374978976149,
                    -0.7574455312858923,
                    -0.6474431458486408
                ],
                [
                    0.08806514142437383,
                    -0.6415510151247471,
                    0.7620084158710532
                ],
                [
                    -0.9925476768585261,
                    -0.1211963783594181,
                    0.012670715658717857
                ]
            ],
            "object_pose": [
                0.8011955109685738,
                -0.16612635242879617,
                0.9337713957586621,
                0.28258875473747846,
                0.5996210524291257,
                0.6813047529616304,
                -0.31051895718554917
            ]
        },
        {
            "contact_pose": [
                [
                    0.04047666273620369,
                    -0.019322600800203163,
                    -0.0038739999290555846
                ],
                [
                    0.1621060895251598,
                    -0.9587577704984154,
                    0.23346338738176742
                ],
                [
                    0.10884299803527783,
                    0.2525220246516843,
                    0.9614498576860402
                ],
                [
                    -0.9807521692647708,
                    -0.13044602168990235,
                    0.14528942806592693
                ]
            ],