{
    "hook_path": "models/hook/Hook_90/base.urdf",
    "obj_path": "models/geo_data/mug/59/base.urdf",
    "hook_pose": [
        0.8,
        -0.2,
        1.0,
        4.329780281177466e-17,
        0.7071067811865475,
        0.7071067811865476,
        4.329780281177467e-17
    ],
    "contact_info": [
        {
            "contact_pose": [
                [
                    0.017232233928524507,
                    0.03276500105857847,
                    0.02050651948413973
                ],
                [
                    -0.06544999126861195,
                    -0.9538644098244665,
                    0.2930170409944801
                ],
                [
                    -0.044461016528580255,
                    -0.2905673708047491,
                    -0.9558210193508305
                ],
                [
                    0.9968648437236534,
                    -0.0755863128736789,
                    -0.023392149409115714
                ]
            ],
            "object_pose": [
                0.8015303225291878,
                -0.17489837094190663,
                0.9344204248862515,
                0.5415186311642982,
                -0.4110528137175384,
                0.42956613441663977,
                0.5943619205494114
            ]
        },
        {
            "contact_pose": [
                [
                    0.014717999845743164,
                    0.032765001058578526,
                    0.024276999756694034
                ],
                [
                    0.48600314305995207,
                    -0.21732696017071806,
                    -0.8465045406368491
                ],
                [
                    0.645244092170481,
                    0.7425112226751218,
                    0.17982532002081195
                ],
                [
                    0.5894582313064596,
                    -0.63359772457329,
                    0.5010917250969225
                ]
            ],
            "object_pose": [
                0.7954103747925356,
                -0.14055466140872774,
                1.0037311867915093,
                0.2031882298266449,
                -0.3767169772830387,
                0.8839324574565384,
                -0.1883142929824765
            ]
        },
        {
            "contact_pose": [
                [
                    0.010823000222444463,
                    0.03276500105857847,
                    -0.0281029995530844
                ],
                [
                    0.29517255736529485,
                    -0.0777404644884503,
                    0.9522760007264446
                ],
                [
                    0.7341208277646587,
                    0.6563544840281929,
                    -0.17396954198427067
                ],
                [
                    -0.6115061501085365,
                    0.7504366805248825,
                    0.25080872572985047
                ]
            ],
            "object_pose": [
                0.8000321016828574,
                -0.13992850030101744,
                1.0026758611913473,
                0.9269349369044175,
                -0.12653048252672072,
                0.08861171834657573,
                -0.34194973769433695
            ]
        },
        {
            "contact_pose": [
                [
                    0.04065097354681273,
                    -0.020481999963521978,
                    0.004475780759914531
                ],
                [
                    0.1593924662896294,
                    -0.9870850382046272,
                    -0.016036490971506334
                ],
                [
                    0.26550528387398187,
                    0.027216268965602697,
                    0.9637251781180092
                ],
                [
                    -0.9508422508098311,
                    -0.15786830605337424,
                    0.2664143615099091
                ]
            ],
            "object_pose": [
                0.8113759185744722,
                -0.1693602337308789,
                0.9373837090415645,
                0.522398431958094,
                0.3849230121219535,
                0.5998770875977142,
                -0.468061569456382
            ]
        },
        {
            "contact_pose": [
                [
                    0.04631999880075448,
                    -0.01152828874986913,
                    0.004796999972313613
                ],
                [
                    0.0578822854525467,
                    -0.9555235063459719,
                    -0.28917895817484573
                ],
                [
                    0.421066231388663,
                    0.2860058394674566,
                    -0.8607577409321768
                ],
                [
                    0.9051811254190726,
                    -0.07194086884945661,
                    0.41889335346153017
                ]
            ],
            "object_pose": [
                0.8065754883816263,
                -0.17288023875990718,
                0.9368192414644617,
                0.5147684927140453,
                -0.4461423141601585,
                0.6674927075281357,
                0.3007057030079193
            ]
        },
        {
            "contact_pose": [
                [
                    0.022747543703920667,
                    -0.03173699975013746,
                    -0.006569922991022966
                ],
                [
                    0.011422001201145726,
                    -0.9942797927843134,
                    0.1061943103435585
                ],
                [
                    -0.3974579279707928,
                    0.09293684421620757,
                    0.9129019325646632
                ],
                [
                    -0.9175493084198394,
                    -0.05263493752171991,
                    -0.3941228615170142
                ]
            ],
            "object_pose": [
                0.8018569346898522,
                -0.17402499789499687,
                0.9366884062526039,
                -0.40500044594143536,
                -0.5564684807124107,
                -0.37046683360571186,
                0.6237561975315499
            ]
        },
        {
            "contact_pose": [
                [
                    0.019540227457571377,
                    0.03267616531442905,
                    -0.016293830002341678
                ],
                [
                    0.1253404057591942,
                    -0.9248129426685343,
                    -0.35918073967974296
                ],
                [
                    0.0159864788393162,
                    -0.3601061518723469,
                    0.9327743520691436
                ],
                [
                    -0.9919849873755353,
                    -0.12265635106449596,
                    -0.030351348653765653
                ]
            ],