{
    "hook_path": "models/hook/Hook_90/base.urdf",
    "obj_path": "models/geo_data/mug/115/base.urdf",
    "hook_pose": [
        0.8,
        -0.2,
        1.0,
        4.329780281177466e-17,
        0.7071067811865475,
        0.7071067811865476,
        4.329780281177467e-17
    ],
    "contact_info": [
        {
            "contact_pose": [
                [
                    0.03902171179998928,
                    0.024856413014185143,
                    -0.002898850560160235
                ],
                [
                    0.20798511734704994,
                    -0.9658805871900588,
                    0.1543271921973604
                ],
                [
                    -0.3830787590585986,
                    -0.22560945862501713,
                    -0.895740496202472
                ],
                [
                    0.8999960307247238,
                    0.12718122293921325,
                    -0.41693174646628683
                ]
            ],
            "object_pose": [
                0.8123179027631128,
                -0.17217294997631116,
                0.9384007860628892,
                0.47392764639709906,
                -0.582222635638733,
                0.2895741812579411,
                0.5937644163127211
            ]
        },
        {
            "contact_pose": [
                [
                    0.038093000650405905,
                    -0.01819100044667724,
                    -0.002405999926850175
                ],
                [
                    0.20075565160374187,
                    -0.8740065825957356,
                    -0.4425038552696243
                ],
                [
                    -0.41436747528411755,
                    -0.4850620737761977,
                    0.7700742691523985
                ],
                [
                    -0.887691818017843,
                    0.028762443624597706,
                    -0.4595388537010975
                ]
            ],
            "object_pose": [
                0.806751427921198,
                -0.1730382587551603,
                0.9372157827395953,
                0.2072987657168126,
                0.6865919046599551,
                0.49984345958532583,
                -0.4855669820915276
            ]
        },
        {
            "contact_pose": [
                [
                    0.013887570707032748,
                    0.025763772374428586,
                    -0.021890031600331847
                ],
                [
                    0.08525714978329862,
                    -0.9107808939187606,
                    -0.4039918089310369
                ],
                [
                    -0.34620634602025746,
                    -0.40728359142833126,
                    0.8451397766810778
                ],
                [
                    -0.9342763961409546,
                    0.06781031946380614,
                    -0.35004196346736294
                ]
            ],
            "object_pose": [
                0.80316029669192,
                -0.17898651920560818,
                0.936984397916848,
                0.28178545230037677,
                0.6741677229026729,
                0.4974874730701702,
                -0.46754791669555495
            ]
        },
        {
            "contact_pose": [
                [
                    0.034863564999122375,
                    -0.013485357893829684,
                    0.003942000214010502
                ],
                [
                    0.18275678426712705,
                    -0.981394977010257,
                    0.058854540210388884
                ],
                [
                    -0.43631200712124507,
                    -0.13460444228235208,
                    -0.8896704314293512
                ],
                [
                    0.8810401751601171,
                    0.13691436453818293,
                    -0.4527942872176462
                ]
            ],
            "object_pose": [
                0.815892495473156,
                -0.17440534605881378,
                0.9394571221622375,
                0.4357341212331572,
                -0.6152990800109,
                0.3032816711120964,
                0.5827203838020109
            ]
        },
        {
            "contact_pose": [
                [
                    0.036200554855889376,
                    -0.01630515447831563,
                    -0.00399400014430282
                ],
                [
                    0.1199521041648372,
                    -0.8946945661121511,
                    -0.4302709914412283
                ],
                [
                    -0.37338954175933187,
                    -0.4422360774286497,
                    0.8154799212275416
                ],
                [
                    -0.9198868097821514,
                    0.06284015587115444,
                    -0.38711674208035085
                ]
            ],
            "object_pose": [
                0.804651388982302,
                -0.1766394438777589,
                0.9370707715003496,
                0.2545484348167329,
                0.6830996795987601,
                0.49850809768015353,
                -0.46911576248484477
            ]
        }
    ]
}