{
    "hook_path": "models/hook/Hook_90/base.urdf",
    "obj_path": "models/geo_data/mug/64/base.urdf",
    "hook_pose": [
        0.8,
        -0.2,
        1.0,
        4.329780281177466e-17,
        0.7071067811865475,
        0.7071067811865476,
        4.329780281177467e-17
    ],
    "contact_info": [
        {
            "contact_pose": [
                [
                    0.03871753775945932,
                    0.010170389675486065,
                    -0.003571362627120888
                ],
                [
                    0.11874033241537074,
                    -0.962983124048837,
                    -0.24200048812973413
                ],
                [
                    -0.08527158044136351,
                    -0.2527141440521891,
                    0.9637760730403103
                ],
                [
                    -0.9892570399177958,
                    -0.09380332719638318,
                    -0.11212245439682877
                ]
            ],
            "object_pose": [
                0.7982216378342497,
                -0.1693839962724041,
                0.9437115358816349,
                0.3804354755515445,
                0.5553081895161268,
                0.5591359930474772,
                -0.4840130213919902
            ]
        },
        {
            "contact_pose": [
                [
                    0.0387177219202284,
                    0.010170744661237303,
                    -0.003571388935810226
                ],
                [
                    0.1187363006937403,
                    -0.962948682832799,
                    -0.24213947453511858
                ],
                [
                    -0.08527269362963402,
                    -0.25285289294152014,
                    0.9637395821757302
                ],
                [
                    -0.9892574278814956,
                    -0.09378298759200338,
                    -0.11213604513984732
                ]
            ],
            "object_pose": [
                0.7982284888899732,
                -0.16938432234374984,
                0.9437112338260443,
                0.380396123877217,
                0.5553443032418603,
                0.5591622681515376,
                -0.4839721600171127
            ]
        },
        {
            "contact_pose": [
                [
                    0.0387274900832413,
                    0.010189573637146294,
                    0.0028409244965408482
                ],
                [
                    0.14353331820580467,
                    -0.9518352757034585,
                    0.27093872829728916
                ],
                [
                    -0.0870430428824864,
                    -0.28485450071955976,
                    -0.9546106128184244
                ],
                [
                    0.9858101720161894,
                    0.11343509750659783,
                    -0.12373675041425553
                ]
            ],
            "object_pose": [
                0.8001659573228911,
                -0.16994017720121513,
                0.9437590506311943,
                0.5695021472570144,
                -0.4820631214093739,
                0.36351861414294406,
                0.5577962606707707
            ]
        },
        {
            "contact_pose": [
                [
                    0.038717597843912176,
                    0.010170505493446398,
                    -0.0035713712106167465
                ],
                [
                    0.11874094870515178,
                    -0.962967936010178,
                    -0.24206061496430636
                ],
                [
                    -0.08526672455764506,
                    -0.2527739298718802,
                    0.9637608240950326
                ],
                [
                    -0.9892573844979936,
                    -0.09379815879548739,
                    -0.11212373799854036
                ]
            ],
            "object_pose": [
                0.7982246785288595,
                -0.16938397633348515,
                0.9437114265571653,
                0.3804190129589218,
                0.5553217942613238,
                0.5591493649290297,
                -0.4839949039992121
            ]
        },
        {
            "contact_pose": [
                [
                    0.038719316154771,
                    0.010173817685689875,
                    -0.003571616683671685
                ],
                [
                    0.11874997760346118,
                    -0.9625897910174201,
                    -0.24355561387128172
                ],
                [
                    -0.08527115463398632,
                    -0.25427159187011666,
                    0.9633663829277123
                ],
                [
                    -0.9892559188635488,
                    -0.09363146798419969,
                    -0.11227588875871586
                ]
            ],
            "object_pose": [
                0.7983000408943818,
                -0.16938583719975997,
                0.9437076052418383,
                0.37998084277714983,
                0.5556967024648132,
                0.5594452446892133,
                -0.48356669879834163
            ]
        }
    ]
}