{
    "hook_path": "models/hook/Hook_90/base.urdf",
    "obj_path": "models/geo_data/mug/43/base.urdf",
    "hook_pose": [
        0.8,
        -0.2,
        1.0,
        4.329780281177466e-17,
        0.7071067811865475,
        0.7071067811865476,
        4.329780281177467e-17
    ],
    "contact_info": [
        {
            "contact_pose": [
                [
                    0.015715605630745245,
                    0.030848360911595155,
                    0.024396723899043897
                ],
                [
                    0.2318430931414217,
                    -0.8876645122665556,
                    0.39786994586823976
                ],
                [
                    -0.0016279255556364974,
                    -0.4093677612225211,
                    -0.9123680101417664
                ],
                [
                    0.972751833727906,
                    0.2108785189018525,
                    -0.09635413973855855
                ]
            ],
            "object_pose": [
                0.8002242852943626,
                -0.1617081162582191,
                0.9431515083054914,
                0.6338612898762741,
                -0.4512860784993398,
                0.3120991868277901,
                0.5451191045363444
            ]
        },
        {
            "contact_pose": [
                [
                    -0.021148502389136247,
                    0.044396016286189,
                    -0.029657192395216407
                ],
                [
                    0.14470988556436534,
                    0.4281281167416858,
                    -0.8920568169545959
                ],
                [
                    0.9136430665739601,
                    -0.40394545436257,
                    -0.04565541371126706
                ],
                [
                    -0.3798886625332195,
                    -0.8084147361070517,
                    -0.4496111859414613
                ]
            ],
            "object_pose": [
                0.8032122395862425,
                -0.1369743095582107,
                0.9721276444955999,
                -0.23085250351269332,
                0.20615468359558559,
                0.9505412431393505,
                -0.02605212361063663
            ]
        },
        {
            "contact_pose": [
                [
                    -0.019851000783208683,
                    0.045505602211097784,
                    0.028022990598024496
                ],
                [
                    -0.37002122534732695,
                    -0.7993598189387838,
                    0.47340064708301566
                ],
                [
                    0.9161734664222587,
                    -0.3984327892172823,
                    0.04333003462218288
                ],
                [
                    0.15398205160435285,
                    0.44975014434982885,
                    0.8797808451205464
                ]
            ],
            "object_pose": [
                0.7972771383364283,
                -0.1355304731810053,
                0.9757930555021309,
                0.8425147265560263,
                0.12265401628621336,
                0.4982526153943937,
                0.16391845252360113
            ]
        },
        {
            "contact_pose": [
                [
                    0.015755736901539297,
                    0.03096478352035215,
                    0.024353172807841543
                ],
                [
                    0.23154350271163815,
                    -0.8895874340967281,
                    0.3937280831350813
                ],
                [
                    -0.0016282314282333454,
                    -0.40508052583507054,
                    -0.9142795614316221
                ],
                [
                    0.9728231880534317,
                    0.21105441167239952,
                    -0.09524221805048216
                ]
            ],
            "object_pose": [
                0.8004463028039734,
                -0.16170624871951128,
                0.9431466970590973,
                0.6330786411219478,
                -0.4524805410085476,
                0.31368346854922324,
                0.5441281794970086
            ]
        },
        {
            "contact_pose": [
                [
                    0.04144699871540068,
                    -0.009995762927866744,
                    -0.003421999979764188
                ],
                [
                    0.2062702236242484,
                    -0.9684496392926207,
                    0.13984952985260674
                ],
                [
                    0.0038609688100308404,
                    0.14372751877757628,
                    0.9896097681742482
                ],
                [
                    -0.9784874489567305,
                    -0.20358707350918442,
                    0.0333858612906035
                ]
            ],
            "object_pose": [
                0.7988724977465754,
                -0.16133191420423257,
                0.9469302589342291,
                -0.48479981052839044,
                -0.40395000551682686,
                -0.5166232942063802,
                0.5787001889043584
            ]
        },
        {
            "contact_pose": [
                [
                    -0.01997228363964788,
                    0.04550379447911812,
                    0.027988606628638453
                ],
                [
                    -0.3706253202152632,
                    -0.8032486185649521,
                    0.4662923211772096
                ],
                [
                    0.9163313702157367,
                    -0.3981652710710808,
                    0.04244098103771268
                ],
                [
                    0.15157074907080303,
                    0.4430079837727409,
                    0.8836120383628365
                ]
            ],
            "object_pose": [
                0.7975814449548915,
                -0.1355375403959364,
                0.9757486117912927,
                0.8404807664613283,
                0.1228660778854306,
                0.5017546873886148,
                0.16351832251213624
            ]
        },
        {
            "contact_pose": [
                [
                    0.01540857112212123,
                    0.029988597746759996,
                    -0.025074767760184268
                ],
                [
                    0.22137731725446413,
                    -0.873739508517517,
                    -0.43309508732007584
                ],
                [
                    0.001587645055400877,
                    -0.44379084447426415,
                    0.8961289894563156
                ],
                [
                    -0.9751869373552919,
                    -0.19907023287369527,
                    -0.09685803836139945
                ]
            ],