{
    "hook_path": "models/hook/Hook_90/base.urdf",
    "obj_path": "models/geo_data/mug/205/base.urdf",
    "hook_pose": [
        0.8,
        -0.2,
        1.0,
        4.329780281177466e-17,
        0.7071067811865475,
        0.7071067811865476,
        4.329780281177467e-17
    ],
    "contact_info": [
        {
            "contact_pose": [
                [
                    0.044293999671936035,
                    0.007992271880850966,
                    -0.00758387260204866
                ],
                [
                    0.2818064982941835,
                    -0.9421589853464107,
                    -0.18144294929864857
                ],
                [
                    0.013278653647801675,
                    -0.1852594112179009,
                    0.9825999327867361
                ],
                [
                    -0.9593793696325097,
                    -0.27931236436330253,
                    -0.03969670310377965
                ]
            ],
            "object_pose": [
                0.7974290298805938,
                -0.16217732274416014,
                0.9447191523115838,
                -0.3716595686868059,
                -0.4713947208252189,
                -0.6070490028222089,
                0.5207184367335317
            ]
        },
        {
            "contact_pose": [
                [
                    0.019119417890659074,
                    0.005174127352065483,
                    0.01228700019419198
                ],
                [
                    0.5576349411867456,
                    -0.6035271910685399,
                    0.5699106965205804
                ],
                [
                    0.8282982299511336,
                    0.3595241121780991,
                    -0.42972602320823994
                ],
                [
                    0.054454702528559495,
                    0.7116862668363554,
                    0.7003837112391024
                ]
            ],
            "object_pose": [
                0.7755218591557044,
                -0.137753873284306,
                0.9870636983366748,
                0.8817447466965808,
                -0.27994523587866316,
                0.3696962491675423,
                -0.08649595327686078
            ]
        },
        {
            "contact_pose": [
                [
                    0.044293999671936035,
                    0.008085870895475878,
                    -0.00757346845817792
                ],
                [
                    0.28226992704259946,
                    -0.9408877590898805,
                    -0.18722690266675887
                ],
                [
                    0.012859282413156148,
                    -0.19143478181876067,
                    0.9814210937033205
                ],
                [
                    -0.9592488348406705,
                    -0.27943326413443687,
                    -0.041937140484179125
                ]
            ],
            "object_pose": [
                0.7976333856976366,
                -0.1621935274570293,
                0.9446955126670484,
                -0.36952642517550766,
                -0.47300485095799116,
                -0.60817749243423,
                0.5194581501561318
            ]
        },
        {
            "contact_pose": [
                [
                    0.044293999671936035,
                    0.008097305363596452,
                    -0.007572197442111247
                ],
                [
                    0.2824442398681073,
                    -0.940796802412679,
                    -0.18742099118136624
                ],
                [
                    0.013303819115362825,
                    -0.19151559715761024,
                    0.9813994010810838
                ],
                [
                    -0.9591914614727725,
                    -0.27968402281046134,
                    -0.041576286778457816
                ]
            ],
            "object_pose": [
                0.7976352201126246,
                -0.16217898194300678,
                0.9446987168210023,
                -0.3695263201463244,
                -0.4728723795210348,
                -0.6083602619145975,
                0.5193648073641812
            ]
        },
        {
            "contact_pose": [
                [
                    0.04157700017094612,
                    0.012376000173390045,
                    0.0008709999965503733
                ],
                [
                    0.2871969262283408,
                    -0.9364736351512195,
                    0.20133319704324396
                ],
                [
                    0.010482965816655393,
                    -0.20710263043501148,
                    -0.9782630565929523
                ],
                [
                    0.9578141954432915,
                    0.2830647119185996,
                    -0.04966221776925012
                ]
            ],
            "object_pose": [
                0.8017139672510074,
                -0.16145856790321525,
                0.9447613156109609,
                0.6113266055838112,
                -0.5175056881471691,
                0.36265860559719654,
                0.4763888955748205
            ]
        },
        {
            "contact_pose": [
                [
                    0.044293999671936035,
                    0.008167166020523942,
                    -0.007564431972266424
                ],
                [
                    0.28254437191062737,
                    -0.9412420784769535,
                    -0.18501899255485516
                ],
                [
                    0.012617586309310092,
                    -0.1892145940018053,
                    0.9818546908440471
                ],
                [
                    -0.9591712435312874,
                    -0.27975201003945693,
                    -0.041585315455427097
                ]
            ],
            "object_pose": [
                0.7974372818813809,
                -0.16220242611775523,
                0.9446861862955693,
                -0.37008329593315814,
                -0.4724006234664832,
                -0.6077393744245189,
                0.5201238869671561
            ]
        }
    ]
}