{
    "hook_path": "models/hook/Hook35#16/base.urdf",
    "obj_path": "models/geo_data/hanging_exp/daily_5/base.urdf",
    "hook_pose": [
        0.5,
        -0.1,
        1.3,
        0.0,
        0.0,
        -0.7071067811865475,
        0.7071067811865476
    ],
    "contact_info": [
        {
            "contact_point_hook": [
                5.081731960185398e-05,
                0.0019985579175415547,
                0.027596760549070565,
                1.0
            ],
            "contact_point_obj": [
                -0.0009742132884332649,
                0.0033133868091769214,
                0.040938279140277034,
                1.0
            ],
            "obj_pose": [
                0.4928172018705381,
                -0.10239030126141509,
                1.2876205196218653,
                -0.06432702029766525,
                0.036998789697560784,
                -0.7165107713857283,
                0.693617645759368
            ]
        }
    ]
}