{
    "hook_path": "models/hook/Hook35#1/base.urdf",
    "obj_path": "models/geo_data/hanging_exp/daily_5/base.urdf",
    "hook_pose": [
        0.5,
        -0.1,
        1.3,
        0.0,
        0.0,
        -0.7071067811865475,
        0.7071067811865476
    ],
    "contact_info": [
        {
            "contact_point_hook": [
                0.0007636749678844731,
                0.0010209521194762816,
                0.026616435060572874,
                1.0
            ],
            "contact_point_obj": [
                -0.001173435814434326,
                0.0019754911650193274,
                0.040625119438890245,
                1.0
            ],
            "obj_pose": [
                0.49346300861797526,
                -0.10222785606962737,
                1.2866612913353006,
                -0.047856264009820404,
                0.052362182818746245,
                -0.6636427197080548,
                0.7446786692151017
            ]
        }
    ]
}