{
    "hook_path": "models/hook_1120/Hook124#7/base.urdf",
    "obj_path": "models/geo_data/hanging_exp/daily_5/base.urdf",
    "hook_pose": [
        0.5,
        -0.1,
        1.3,
        0.0,
        0.0,
        -0.7071067811865475,
        0.7071067811865476
    ],
    "contact_info": [
        {
            "contact_point_hook": [
                -0.0017581155311823385,
                0.000742232042017843,
                -0.001076523791245565,
                1.0
            ],
            "contact_point_obj": [
                -0.001746233688053947,
                -0.0007363650928979282,
                0.04066720979131966,
                1.0
            ],
            "obj_pose": [
                0.4987474507059102,
                -0.0997992587478713,
                1.2582908667598083,
                -0.020200821509187214,
                0.021266294389515304,
                -0.7743345352020108,
                0.6320962736219685
            ]
        }
    ]
}