{
    "hook_path": "models/hook/Hook145#15/base.urdf",
    "obj_path": "models/geo_data/hanging_exp/daily_5/base.urdf",
    "hook_pose": [
        0.5,
        -0.1,
        1.3,
        0.0,
        0.0,
        -0.7071067811865475,
        0.7071067811865476
    ],
    "contact_info": [
        {
            "contact_point_hook": [
                -0.03142780482301144,
                0.0061039035960014365,
                0.04786484833552285,
                1.0
            ],
            "contact_point_obj": [
                0.005784810338397978,
                -0.0062470311257227795,
                0.03869875155283653,
                1.0
            ],
            "obj_pose": [
                0.503425858990934,
                -0.07395275453518582,
                1.308699041074963,
                -0.018430970463676026,
                -0.03485495097988191,
                0.7451325036982668,
                0.6657499407828059
            ]
        }
    ]
}