{
    "file": "models/everyday_objects/mug_147/base.urdf",
    "contact_pose": [
        -0.004465264886036324,
        0.05949455949728444,
        -0.0013728812617639363,
        0.31041248544770356,
        0.6163854724278112,
        0.6046754797317776,
        -0.39759351411871363
    ],
    "obj_pose": [
        0.5012095445669594,
        -0.06659827816853287,
        1.2391813754342635,
        0.6545343562381086,
        0.21586087467250933,
        0.14553152723262242,
        0.709795346470322
    ],
    "initial_pose": [
        {
            "robot_pose": [
                0.4976015090942383,
                0.11342873424291611,
                1.2423698902130127,
                0.7186755537986755,
                -0.04342605173587799,
                0.693047821521759,
                0.03611676022410393
            ],
            "obj_pose": [
                0.5377695879862504,
                0.07261345182839742,
                1.236024884090291,
                0.7016285399088275,
                -0.0090371926443093,
                -0.06793465647994808,
                0.709239454333632
            ]
        },
        {
            "robot_pose": [
                0.4666299693021783,
                0.11299727700939582,
                1.2093572346214363,
                0.7216577714291585,
                -0.041675977466050104,
                0.6903025952527186,
                0.030911176385101692
            ],
            "obj_pose": [
                0.5071443138544209,
                0.07261345182839742,
                1.2024757019141152,
                0.7033471343176139,
                -0.0026651230593780642,
                -0.06720581081309164,
                0.7076574628725636
            ]
        },
        {
            "robot_pose": [
                0.4705864232550746,
                0.11201004604457954,
                1.2452734973107553,
                0.7195648880870257,
                -0.017933234954714806,
                0.6933443924331552,
                0.03432673007823428
            ],
            "obj_pose": [
                0.5123137394139341,
                0.07261345182839742,
                1.240139259928897,
                0.689887076764475,
                0.004497681455627035,
                -0.054730068629218837,
                0.7218311518372784
            ]
        },
        {
            "robot_pose": [
                0.4682343624063568,
                0.11487168775942021,
                1.2724585361889198,
                0.7187480106676712,
                -0.05139598869488743,
                0.6913602182755019,
                0.05273327311470957
            ],
            "obj_pose": [
                0.5069440180773156,
                0.07261345182839742,
                1.2665066459863856,
                0.6967384605768685,
                -0.0204024057534884,
                -0.08132723240737612,
                0.7124079875053354
            ]
        },
        {
            "robot_pose": [
                0.49877827581956247,
                0.11453139903109445,
                1.2758137921617863,
                0.7218578915701914,
                -0.04730916715311909,
                0.6885752983460888,
                0.050468659470120844
            ],
            "obj_pose": [
                0.5378163935623826,
                0.07261345182839742,
                1.269606376551501,
                0.6958367075739371,
                -0.01429962317862085,
                -0.08105191631397558,
                0.7134685585444147
            ]
        },
        {
            "robot_pose": [
                0.5305958074418665,
                0.11351884822204139,
                1.2722702912004709,
                0.7218823378114039,
                -0.04714450679939061,
                0.6895298691622911,
                0.03481156945065936
            ],
            "obj_pose": [
                0.5705594742497788,
                0.07261345182839742,
                1.2652506883417451,
                0.7039730366815606,
                -0.006777808993002464,
                -0.07241194112591465,
                0.7064931250288098
            ]
        },
        {
            "robot_pose": [
                0.5283861546409605,
                0.11374084062785451,
                1.2417683764307164,
                0.7230577044477712,
                -0.04483403081193205,
                0.6881712325596565,
                0.03997274567999518
            ],
            "obj_pose": [
                0.5681662240216537,
                0.07261345182839742,
                1.2350078354941696,
                0.7001111251160189,
                -0.006986447697894703,
                -0.07519438477974953,
                0.7100291589328861
            ]
        },
        {
            "robot_pose": [
                0.5246084991793108,
                0.11310604805704799,
                1.2107904513373247,
                0.7112811518623247,
                -0.030853591918032053,
                0.7010386362836717,
                0.040890210426093296
            ],
            "obj_pose": [
                0.565350192474408,
                0.07261345182839742,
                1.2063088197972591,
                0.6932198848392569,
                -0.01314549938230235,
                -0.056609329713109426,
                0.7183792667518112
            ]
        },
        {
            "robot_pose": [
                0.49936226863796385,
                0.11344558227466431,
                1.2164815386360104,
                0.7247150940980565,
                -0.0517630840444384,
                0.6864261568891126,
                0.030458933912677462
            ],
            "obj_pose": [
                0.5392438502623463,
                0.07261345182839742,
                1.2086191272052875,
                0.7083162252859827,
                -0.0038137551942002083,
                -0.07536615538276671,
                0.7018500715186659
            ]
        }
    ]
}