{
    "hook_path": "models/hook_1120/Hook12#8/base.urdf",
    "obj_path": "models/geo_data/hanging_exp/daily_5/base.urdf",
    "hook_pose": [
        0.5,
        -0.1,
        1.3,
        0.5,
        -0.4999999999999999,
        -0.5,
        0.5000000000000001
    ],
    "contact_info": [
        {
            "contact_point_hook": [
                0.009535059349123156,
                0.028920958500211702,
                0.013854776666381963,
                1.0
            ],
            "contact_point_obj": [
                -0.004988223609978859,
                0.017675792015484013,
                0.037323796629634254,
                1.0
            ],
            "obj_pose": [
                0.4887430871009769,
                -0.08805125954771088,
                1.2933952038573167,
                0.2797210216220592,
                -0.015100330026328988,
                0.700738173327274,
                0.6561205243991098
            ]
        }
    ]
}