{
    "hook_path": "models/hook/Hook44#3/base.urdf",
    "obj_path": "models/geo_data/hanging_exp/daily_5/base.urdf",
    "hook_pose": [
        0.5,
        -0.1,
        1.3,
        0.0,
        0.0,
        -0.7071067811865475,
        0.7071067811865476
    ],
    "contact_info": [
        {
            "contact_point_hook": [
                0.0029835079545790927,
                -0.00046788910137185447,
                -0.04519013035520514,
                1.0
            ],
            "contact_point_obj": [
                -0.0038787508196267695,
                -0.00139979776935778,
                0.04242613622517788,
                1.0
            ],
            "obj_pose": [
                0.4949783436808711,
                -0.10676354968966514,
                1.2125966529310603,
                -0.0499820830584039,
                0.05334202652671404,
                -0.6818148308793762,
                0.7278632810989257
            ]
        }
    ]
}