{
    "hook_path": "models/hook_all_new/Hook_hs_154_hard/base.urdf",
    "obj_path": "models/everyday_objects_50/tool_35/base.urdf",
    "hook_pose": [
        0.5,
        -0.1,
        1.3,
        4.329780281177466e-17,
        0.7071067811865475,
        0.7071067811865476,
        4.329780281177467e-17
    ],
    "contact_info": [
        {
            "contact_point_hook": [],
            "obj_pose": [
                0.49014886055568246,
                -0.08305273211040246,
                1.2505297235857902,
                0.7022705311287258,
                -0.004421592949675899,
                0.11254795381211666,
                0.702943460540512
            ],
            "contact_point_obj": []
        }
    ],
    "initial_pose": [
        {
            "robot_pose": [
                0.5302949547767639,
                0.07600031048059464,
                1.2359974384307861,
                0.7109158039093018,
                -0.04924658313393593,
                0.7000828981399536,
                0.04535915330052376
            ],
            "obj_pose": [
                0.5650037515941314,
                0.0712979685186055,
                1.2328974024953006,
                0.6780359215144915,
                -0.15670092015675002,
                0.06841377996449391,
                0.7148647882424981
            ]
        },
        {
            "robot_pose": [
                0.5179271446074937,
                0.0749890877162687,
                1.2092488418637448,
                0.7151907460691711,
                -0.0417987989967758,
                0.6969074409032655,
                0.032788350875135486
            ],
            "obj_pose": [
                0.5527221239733486,
                0.0712979685186055,
                1.2057692054981943,
                0.6834247012694724,
                -0.14380618251349012,
                0.07452186893031659,
                0.7118264891227087
            ]
        },
        {
            "robot_pose": [
                0.5181989996550009,
                0.07738739370820336,
                1.2363591972984898,
                0.7115436709542275,
                -0.05425673255891796,
                0.6973114148199404,
                0.06722054789143837
            ],
            "obj_pose": [
                0.5526825873507092,
                0.0712979685186055,
                1.2331617139551747,
                0.6666295394667303,
                -0.1663754743661557,
                0.054491530802626476,
                0.724537736567667
            ]
        },
        {
            "robot_pose": [
                0.5241699216900171,
                0.07616853385691011,
                1.2641351786489972,
                0.7059894013246218,
                -0.04046238064551187,
                0.7048406202155435,
                0.056048738290596416
            ],
            "obj_pose": [
                0.5588999996883313,
                0.0712979685186055,
                1.2615813394304078,
                0.6671967713853136,
                -0.1607906546805342,
                0.07373186307370974,
                0.7235733867328858
            ]
        },
        {
            "robot_pose": [
                0.5290576241463556,
                0.07623335788557914,
                1.269957080590417,
                0.7225300176910858,
                -0.04498161531639324,
                0.687806817080625,
                0.05337424656392897
            ],
            "obj_pose": [
                0.5636136962394883,
                0.0712979685186055,
                1.2657212061200547,
                0.6733039015253055,
                -0.1454221429486068,
                0.05592246782643445,
                0.7227634012062578
            ]
        },
        {
            "robot_pose": [
                0.5757792648264219,
                0.07533253928448011,
                1.2630239783639952,
                0.7131361893300833,
                -0.03760988857281493,
                0.6987111016808657,
                0.04272081620497287
            ],
            "obj_pose": [
                0.6105583033411163,
                0.0712979685186055,
                1.259773818680741,
                0.6754161559994334,
                -0.14728537572310144,
                0.07464792305909579,
                0.718712544690864
            ]
        },
        {
            "robot_pose": [
                0.5794050915337143,
                0.07518100114377745,
                1.24023436272037,
                0.7071071882089367,
                -0.0486149772753313,
                0.7047785911085018,
                0.03038331586390299
            ],
            "obj_pose": [
                0.6142470446711918,
                0.0712979685186055,
                1.237517162242716,
                0.6862112650064905,
                -0.15471969705778946,
                0.07925511898089833,
                0.706324671263762
            ]
        },
        {
            "robot_pose": [
                0.5812270996335569,
                0.07570173285963852,
                1.2270807993456059,
                0.7060767323195253,
                -0.038141066481664224,
                0.7053918610449331,
                0.049226308984003354
            ],
            "obj_pose": [
                0.6160197123673932,
                0.0712979685186055,
                1.2245305487657543,
                0.6704753275258493,
                -0.1570375688590527,
                0.07822750203023489,
                0.7208900714200833
            ]
        },
        {
            "robot_pose": [
                0.5268816286927631,
                0.07547197336187791,
                1.210579732171909,
                0.7127655615167635,
                -0.03216294051709911,
                0.6988817993411204,
                0.04995027650278485
            ],
            "obj_pose": [
                0.5616502363747671,
                0.0712979685186055,
                1.2073947011420252,
                0.6687681464968706,
                -0.14731228884039094,
                0.07504090247213523,
                0.7248566194385707
            ]
        }
    ]
}