{
    "hook_path": "models/hook/Hook_180#2/base.urdf",
    "obj_path": "models/geo_data/hanging_exp/daily_5/base.urdf",
    "hook_pose": [
        0.5,
        -0.1,
        1.3,
        4.329780281177466e-17,
        0.7071067811865475,
        0.7071067811865476,
        4.329780281177467e-17
    ],
    "contact_info": [
        {
            "contact_point_hook": [
                -0.0033445360851996897,
                -0.017669647505123898,
                0.033430705789693774,
                1.0
            ],
            "contact_point_obj": [
                -0.002873461206886717,
                0.00012175532629021824,
                0.04188728006179776,
                1.0
            ],
            "obj_pose": [
                0.49520240293709106,
                -0.06917818458128089,
                1.2412242070483235,
                -0.06701096779589531,
                0.06366957085401972,
                -0.7422674738877513,
                0.6636977573795311
            ]
        }
    ]
}