{
    "hook_path": "models/hook_1120/Hook_skew#5/base.urdf",
    "obj_path": "models/geo_data/hanging_exp/daily_5/base.urdf",
    "hook_pose": [
        0.5,
        -0.1,
        1.3,
        4.329780281177466e-17,
        0.7071067811865475,
        0.7071067811865476,
        4.329780281177467e-17
    ],
    "contact_info": [
        {
            "contact_point_hook": [
                0.0011546574628520379,
                0.001549743611574561,
                0.018223498257672572,
                1.0
            ],
            "contact_point_obj": [
                0.002743746253800722,
                0.0019343563235086902,
                0.04102179110611481,
                1.0
            ],
            "obj_pose": [
                0.5011541107793972,
                -0.07907672760759163,
                1.2605444021025682,
                0.043548080687158874,
                -0.049987913745119496,
                0.7065950981562865,
                0.7045055999844025
            ]
        }
    ]
}