{
    "hook_path": "models/hook_1120/Hook1#24/base.urdf",
    "obj_path": "models/geo_data/hanging_exp/daily_5/base.urdf",
    "hook_pose": [
        0.5,
        -0.1,
        1.3,
        0.0,
        0.0,
        -0.7071067811865475,
        0.7071067811865476
    ],
    "contact_info": [
        {
            "contact_point_hook": [
                -0.013318970795739904,
                -8.298022920566472e-05,
                -0.00650148496210079,
                1.0
            ],
            "contact_point_obj": [
                0.0004792000237020255,
                0.0007080227130085159,
                0.04047327548421209,
                1.0
            ],
            "obj_pose": [
                0.5018371488320537,
                -0.08460955355242464,
                1.253114866734932,
                0.01330871068789465,
                -0.03325122072636813,
                0.6749039316080193,
                0.7370358998312567
            ]
        }
    ]
}