{
    "hook_path": "models/hook_1120/Hook40#0/base.urdf",
    "obj_path": "models/geo_data/hanging_exp/daily_5/base.urdf",
    "hook_pose": [
        0.5,
        -0.1,
        1.3,
        0.0,
        0.0,
        -0.7071067811865475,
        0.7071067811865476
    ],
    "contact_info": [
        {
            "contact_point_hook": [
                3.845480995461097e-05,
                0.0017194610574043923,
                -0.031446399130034886,
                1.0
            ],
            "contact_point_obj": [
                0.004644939793209048,
                0.0028264411923462074,
                0.042782123446339027,
                1.0
            ],
            "obj_pose": [
                0.49650223965895207,
                -0.10475727265575151,
                1.2260049501147199,
                0.06412209008693362,
                0.06600469056531803,
                0.69216501224848,
                0.7158486810809399
            ]
        }
    ]
}