{
    "hook_path": "models/hook_1120/Hook23#21/base.urdf",
    "obj_path": "models/geo_data/hanging_exp/daily_5/base.urdf",
    "hook_pose": [
        0.5,
        -0.1,
        1.3,
        0.0,
        0.0,
        -0.7071067811865475,
        0.7071067811865476
    ],
    "contact_info": [
        {
            "contact_point_hook": [
                -0.01375903940088824,
                -0.06297994599163126,
                0.0024119309647132603,
                1.0
            ],
            "contact_point_obj": [
                -0.001793954640334744,
                -0.0053954127905768146,
                0.04041155064481239,
                1.0
            ],
            "obj_pose": [
                0.43988957470600126,
                -0.088780119889466,
                1.2617826225899134,
                -0.018954170442767475,
                0.01842970453401273,
                -0.7651543825207152,
                0.6433038600249175
            ]
        }
    ]
}