{
    "hook_path": "models/hook/Hook47#15/base.urdf",
    "obj_path": "models/geo_data/hanging_exp/daily_5/base.urdf",
    "hook_pose": [
        0.5,
        -0.1,
        1.3,
        0.0,
        0.0,
        -0.7071067811865475,
        0.7071067811865476
    ],
    "contact_info": [
        {
            "contact_point_hook": [
                -0.003764423610251358,
                0.03683954192562,
                -0.03638675087606602,
                1.0
            ],
            "contact_point_obj": [
                0.0037247438212178186,
                -0.007619605394613482,
                0.03980653962627412,
                1.0
            ],
            "obj_pose": [
                0.5315776219366389,
                -0.10011686778139445,
                1.2234418603617299,
                -0.010596631794764012,
                -0.022396904860218288,
                0.7506482927095136,
                0.6602372533412371
            ]
        }
    ]
}