{
    "hook_path": "models/hook_1120/Hook23#19/base.urdf",
    "obj_path": "models/geo_data/hanging_exp/daily_5/base.urdf",
    "hook_pose": [
        0.5,
        -0.1,
        1.3,
        0.0,
        0.0,
        -0.7071067811865475,
        0.7071067811865476
    ],
    "contact_info": [
        {
            "contact_point_hook": [
                -0.005510823474124497,
                -0.04371310503170833,
                0.0031002736092424765,
                1.0
            ],
            "contact_point_obj": [
                -0.0038956170382269673,
                -0.0002383959840096539,
                0.04100275908448814,
                1.0
            ],
            "obj_pose": [
                0.45056656352997054,
                -0.10190562532485854,
                1.2629912595009138,
                -0.07100502908691113,
                -0.007585448821254324,
                -0.8289234114580285,
                0.5547852960806832
            ]
        }
    ]
}