{
    "hook_path": "models/hook_1120/Hook23#1/base.urdf",
    "obj_path": "models/geo_data/hanging_exp/daily_5/base.urdf",
    "hook_pose": [
        0.5,
        -0.1,
        1.3,
        0.0,
        0.0,
        -0.7071067811865475,
        0.7071067811865476
    ],
    "contact_info": [
        {
            "contact_point_hook": [
                -0.0071479217274174715,
                -0.04860842244567992,
                0.004909985816618612,
                1.0
            ],
            "contact_point_obj": [
                -0.0059966754668962785,
                -0.0021278776559028323,
                0.04282419032896012,
                1.0
            ],
            "obj_pose": [
                0.4559385468954822,
                -0.09892444478969467,
                1.2622854542415132,
                0.03415757475864871,
                -0.02481122934954476,
                -0.7710139954249523,
                0.6354172501936214
            ]
        }
    ]
}