{
    "file": "models/everyday_objects/daily_84/base.urdf",
    "contact_pose": [
        0.014753260069091612,
        -0.0007651711321762233,
        -0.004446379937828912,
        0.7082603873272127,
        0.011293896014719107,
        0.7058531424798136,
        0.0033185700666372203
    ],
    "obj_pose": [
        0.49949030440481623,
        -0.07495369605720094,
        1.2861902116339274,
        0.5087790705005704,
        -0.4929013315749316,
        0.5016530827185289,
        0.4965242384327594
    ],
    "initial_pose": [
        {
            "robot_pose": [
                0.49400606751441956,
                0.08987916260957718,
                1.2607929706573486,
                0.7158371210098267,
                -0.0417625717818737,
                0.6960179209709167,
                0.037312839180231094
            ],
            "obj_pose": [
                0.5533898217367061,
                0.0861269805523492,
                1.2611666279035392,
                0.4787327596500375,
                -0.4832186408558349,
                0.5137640013419581,
                0.5228395938453778
            ]
        },
        {
            "robot_pose": [
                0.4659283642413953,
                0.08968448141066213,
                1.227713589110119,
                0.7080954409696465,
                -0.02910429439834946,
                0.7038568431384723,
                0.04836662994999898
            ],
            "obj_pose": [
                0.5253010546752167,
                0.0861269805523492,
                1.2294096356171091,
                0.46504494179939576,
                -0.4788355695759106,
                0.5275567226244949,
                0.5254841613497134
            ]
        },
        {
            "robot_pose": [
                0.46520271904726035,
                0.09045391493098762,
                1.2654237398901147,
                0.7267293701624494,
                -0.04255447985154263,
                0.6842273228677186,
                0.04343396630667075
            ],
            "obj_pose": [
                0.5245287705433102,
                0.0861269805523492,
                1.2638920714429107,
                0.48315107828204834,
                -0.475449995988149,
                0.5048104273333823,
                0.5344892602524871
            ]
        },
        {
            "robot_pose": [
                0.4652018473888831,
                0.0896576525763966,
                1.295056476011299,
                0.7161852735925343,
                -0.04636082363548827,
                0.6957291134962837,
                0.029838373861544695
            ],
            "obj_pose": [
                0.5245995214764633,
                0.0861269805523492,
                1.2953717909417615,
                0.48410548175685986,
                -0.48670761260802037,
                0.5106176608903934,
                0.5177134214497271
            ]
        },
        {
            "robot_pose": [
                0.49030764095738016,
                0.088862186274238,
                1.2882523389109348,
                0.7210679393893729,
                -0.03870713662850556,
                0.6912064641939502,
                0.028220705435610387
            ],
            "obj_pose": [
                0.5497462536672154,
                0.0861269805523492,
                1.2877846592659647,
                0.4888338929749228,
                -0.4779783020970505,
                0.5126265696488734,
                0.5194152172332183
            ]
        },
        {
            "robot_pose": [
                0.5209812442212326,
                0.08984768930529644,
                1.2938718216994187,
                0.7277105229896145,
                -0.048423376497448135,
                0.6835019874936051,
                0.03029198625147472
            ],
            "obj_pose": [
                0.580344186326051,
                0.0861269805523492,
                1.292184757238029,
                0.49283732525190194,
                -0.4797917022869846,
                0.5006190568949155,
                0.5256347145392455
            ]
        },
        {
            "robot_pose": [
                0.5245046499058432,
                0.08852375129181893,
                1.26414009139442,
                0.7107242618363205,
                -0.029954392242303934,
                0.7020479260844081,
                0.033203426076128445
            ],
            "obj_pose": [
                0.58394521679956,
                0.0861269805523492,
                1.2654528186460463,
                0.47725432856313504,
                -0.47878265707606377,
                0.5260338055186302,
                0.516027042510878
            ]
        },
        {
            "robot_pose": [
                0.5227625696886289,
                0.0907889522772292,
                1.2298626268791728,
                0.7264749996622134,
                -0.041261650280360405,
                0.6842191816587183,
                0.048740768687023185
            ],
            "obj_pose": [
                0.5820639810623516,
                0.0861269805523492,
                1.2283601675013223,
                0.47937648982840136,
                -0.4742890403915376,
                0.5055626008024825,
                0.5381956371377464
            ]
        },
        {
            "robot_pose": [
                0.48989175395096446,
                0.08963724647718165,
                1.235515162201283,
                0.7158644569699912,
                -0.047015296982033446,
                0.6960548543374678,
                0.02890122575250151
            ],
            "obj_pose": [
                0.5492903265757687,
                0.0861269805523492,
                1.2358844300362923,
                0.48449699354811726,
                -0.48745256436054824,
                0.5104246971077083,
                0.5168358436908815
            ]
        }
    ]
}