{
    "hook_path": "models/hook_1120/Hook23#22/base.urdf",
    "obj_path": "models/geo_data/hanging_exp/daily_5/base.urdf",
    "hook_pose": [
        0.5,
        -0.1,
        1.3,
        0.0,
        0.0,
        -0.7071067811865475,
        0.7071067811865476
    ],
    "contact_info": [
        {
            "contact_point_hook": [
                -0.0038376430766574434,
                -0.05095108824020639,
                0.0020801208343905753,
                1.0
            ],
            "contact_point_obj": [
                -0.011154201123496271,
                0.0053120184865849684,
                0.03949591827412369,
                1.0
            ],
            "obj_pose": [
                0.4401566365350187,
                -0.1056976376860438,
                1.262804591996133,
                -0.016498273495041686,
                0.04076448160547634,
                -0.7195133986916843,
                0.6930847950390061
            ]
        }
    ]
}