{
    "hook_path": "models/hook/Hook122#9/base.urdf",
    "obj_path": "models/geo_data/hanging_exp/daily_5/base.urdf",
    "hook_pose": [
        0.5,
        -0.1,
        1.3,
        0.7071067811865476,
        -0.7071067811865475,
        -4.329780281177466e-17,
        4.329780281177467e-17
    ],
    "contact_info": [
        {
            "contact_point_hook": [
                -0.008624258739316907,
                -0.003952577495136944,
                0.042323161679424626,
                1.0
            ],
            "contact_point_obj": [
                -0.004762177489233035,
                0.0040405708429069875,
                0.0428988643948387,
                1.0
            ],
            "obj_pose": [
                0.500222923147884,
                -0.09418764311760439,
                1.2145781144422596,
                0.018577840546813225,
                0.012728736552873638,
                -0.7111020778327029,
                0.7027280256318211
            ]
        }
    ]
}