{
    "hook_path": "models/hook_1120/Hook23#3/base.urdf",
    "obj_path": "models/geo_data/hanging_exp/daily_5/base.urdf",
    "hook_pose": [
        0.5,
        -0.1,
        1.3,
        0.0,
        0.0,
        -0.7071067811865475,
        0.7071067811865476
    ],
    "contact_info": [
        {
            "contact_point_hook": [
                -0.0034531206252465525,
                -0.061219526408994585,
                0.002565806465850251,
                1.0
            ],
            "contact_point_obj": [
                0.0001719050003371192,
                -0.003434148005339588,
                0.04045446583299084,
                1.0
            ],
            "obj_pose": [
                0.43959695211481725,
                -0.0981370474889443,
                1.2620048466908018,
                -0.040074113636900395,
                0.006502950460921115,
                -0.6787378802235531,
                0.733257572072159
            ]
        }
    ]
}