{
    "hook_path": "models/hook_1120/Hook136#21/base.urdf",
    "obj_path": "models/geo_data/hanging_exp/daily_5/base.urdf",
    "hook_pose": [
        0.5,
        -0.1,
        1.3,
        0.0,
        0.0,
        -0.7071067811865475,
        0.7071067811865476
    ],
    "contact_info": [
        {
            "contact_point_hook": [
                -0.006146664461556273,
                -0.049978153732599506,
                -0.011965807354694213,
                1.0
            ],
            "contact_point_obj": [
                -0.0019980625913469316,
                -0.005855336767566444,
                0.04137008971552136,
                1.0
            ],
            "obj_pose": [
                0.4580581219379609,
                -0.09812780523063197,
                1.2472063990721998,
                0.0141457927777709,
                -0.03252314989882705,
                -0.7650220837927622,
                0.6430267121797716
            ]
        }
    ]
}