{
    "hook_path": "models/hook/Hook_90#10/base.urdf",
    "obj_path": "models/geo_data/hanging_exp/daily_5/base.urdf",
    "hook_pose": [
        0.5,
        -0.1,
        1.3,
        4.329780281177466e-17,
        0.7071067811865475,
        0.7071067811865476,
        4.329780281177467e-17
    ],
    "contact_info": [
        {
            "contact_point_hook": [
                -0.0029528810693709717,
                -0.00033220514794907174,
                0.03054183675697796,
                1.0
            ],
            "contact_point_obj": [
                -0.006635029948170529,
                0.004703341153550089,
                0.04443776048300441,
                1.0
            ],
            "obj_pose": [
                0.5045977413873239,
                -0.0787839437441678,
                1.2554955880954992,
                0.016700353083526364,
                -0.05347285450104777,
                -0.6169652901921218,
                0.7849940017201064
            ]
        }
    ]
}