{
    "hook_path": "models/hook_1120/Hook122#6/base.urdf",
    "obj_path": "models/geo_data/hanging_exp/daily_5/base.urdf",
    "hook_pose": [
        0.5,
        -0.1,
        1.3,
        0.7071067811865476,
        -0.7071067811865475,
        -4.329780281177466e-17,
        4.329780281177467e-17
    ],
    "contact_info": [
        {
            "contact_point_hook": [
                -0.0074246374349354735,
                -0.0037040116916938204,
                0.028273088213553565,
                1.0
            ],
            "contact_point_obj": [
                -0.004992628269080061,
                0.00210263467871441,
                0.04470429859856995,
                1.0
            ],
            "obj_pose": [
                0.5002968806134301,
                -0.09780713683957099,
                1.227130480106641,
                -0.011832885877205079,
                0.007138742214502647,
                -0.7143550006662351,
                0.6996470211432012
            ]
        }
    ]
}