{
    "hook_path": "models/hook_1120/Hook122#1/base.urdf",
    "obj_path": "models/geo_data/hanging_exp/daily_5/base.urdf",
    "hook_pose": [
        0.5,
        -0.1,
        1.3,
        0.7071067811865476,
        -0.7071067811865475,
        -4.329780281177466e-17,
        4.329780281177467e-17
    ],
    "contact_info": [
        {
            "contact_point_hook": [
                -0.007249576612498615,
                0.0018733073039566839,
                0.034406409638689794,
                1.0
            ],
            "contact_point_obj": [
                -0.005087227387417327,
                -0.006696801335095509,
                0.044670229661235794,
                1.0
            ],
            "obj_pose": [
                0.4957125045883998,
                -0.09754929773011009,
                1.220457142235374,
                -0.06995480890680324,
                0.07395722226811655,
                -0.698016441583176,
                0.7088086492592749
            ]
        }
    ]
}