{
    "hook_path": "models/hook_1120/Hook145#26/base.urdf",
    "obj_path": "models/geo_data/hanging_exp/daily_5/base.urdf",
    "hook_pose": [
        0.5,
        -0.1,
        1.3,
        0.0,
        0.0,
        -0.7071067811865475,
        0.7071067811865476
    ],
    "contact_info": [
        {
            "contact_point_hook": [
                -0.02612105709965891,
                0.005276457184843153,
                0.062385804183027194,
                1.0
            ],
            "contact_point_obj": [
                0.004441046866181103,
                -0.004859455437670079,
                0.04065857054647304,
                1.0
            ],
            "obj_pose": [
                0.5008202062419747,
                -0.07751698738934548,
                1.3216014564117184,
                -0.003101148141513454,
                -0.009995106150612072,
                0.6756434957690889,
                0.7371542222345114
            ]
        }
    ]
}