{
    "hook_path": "models/hook/Hook209#8/base.urdf",
    "obj_path": "models/geo_data/hanging_exp/daily_5/base.urdf",
    "hook_pose": [
        0.5,
        -0.1,
        1.3,
        0.0,
        0.0,
        -0.7071067811865475,
        0.7071067811865476
    ],
    "contact_info": [
        {
            "contact_point_hook": [
                -0.007552729105366682,
                0.0006102357490829213,
                -0.04201431699960945,
                1.0
            ],
            "contact_point_obj": [
                0.001758714948961973,
                0.0026767039955122307,
                0.040599401841111105,
                1.0
            ],
            "obj_pose": [
                0.5018478965891153,
                -0.09463202603711594,
                1.2173376290122873,
                0.008758992040593038,
                0.010148806438352307,
                0.6420667391810211,
                0.7665315285255788
            ]
        }
    ]
}