{
    "hook_path": "models/hook_1120/Hook44#26/base.urdf",
    "obj_path": "models/geo_data/hanging_exp/daily_5/base.urdf",
    "hook_pose": [
        0.5,
        -0.1,
        1.3,
        0.0,
        0.0,
        -0.7071067811865475,
        0.7071067811865476
    ],
    "contact_info": [
        {
            "contact_point_hook": [
                0.0036461685744050565,
                -0.0008851061424706708,
                -0.05221570001575304,
                1.0
            ],
            "contact_point_obj": [
                -0.003808310401101911,
                -0.00391860736179421,
                0.04045365640411647,
                1.0
            ],
            "obj_pose": [
                0.488931504658249,
                -0.10581225977559612,
                1.2083132515873083,
                -0.10825298856363502,
                0.12357380030510307,
                -0.7762342318759634,
                0.6086634732010201
            ]
        }
    ]
}