{
    "hook_path": "models/hook_1120/Hook1#25/base.urdf",
    "obj_path": "models/geo_data/hanging_exp/daily_5/base.urdf",
    "hook_pose": [
        0.5,
        -0.1,
        1.3,
        0.0,
        0.0,
        -0.7071067811865475,
        0.7071067811865476
    ],
    "contact_info": [
        {
            "contact_point_hook": [
                -0.011746295105442783,
                -0.0025104621457863185,
                -0.007901502987745612,
                1.0
            ],
            "contact_point_obj": [
                0.0007597032850812438,
                0.0007464374974054389,
                0.03997981277209184,
                1.0
            ],
            "obj_pose": [
                0.49673806585561564,
                -0.08514772754501812,
                1.2522323717697645,
                0.04578027283203546,
                -0.022418938021538003,
                0.7563733634374353,
                0.6521509740234634
            ]
        }
    ]
}