{
    "hook_path": "models/hook/Hook186#11/base.urdf",
    "obj_path": "models/geo_data/hanging_exp/daily_5/base.urdf",
    "hook_pose": [
        0.5,
        -0.1,
        1.3,
        -0.5,
        0.5,
        0.4999999999999999,
        0.5000000000000001
    ],
    "contact_info": [
        {
            "contact_point_hook": [
                -0.013766272722201878,
                -0.0005018182207655597,
                0.006618899555662833,
                1.0
            ],
            "contact_point_obj": [
                0.0001572482871973228,
                0.0018845327292039138,
                0.04059298943751943,
                1.0
            ],
            "obj_pose": [
                0.4970512089070365,
                -0.09386591011579694,
                1.2732789260932575,
                0.04348352945798378,
                0.04931623642762167,
                0.7021574773013719,
                0.7089795261925869
            ]
        }
    ]
}