{
    "hook_path": "models/hook_1120/Hook124#0/base.urdf",
    "obj_path": "models/geo_data/hanging_exp/daily_5/base.urdf",
    "hook_pose": [
        0.5,
        -0.1,
        1.3,
        0.0,
        0.0,
        -0.7071067811865475,
        0.7071067811865476
    ],
    "contact_info": [
        {
            "contact_point_hook": [
                -0.0015073213622313758,
                -0.0003832614112613819,
                -0.0005303505557789912,
                1.0
            ],
            "contact_point_obj": [
                -0.002368973839331434,
                -0.0025502939744128095,
                0.04062064030572854,
                1.0
            ],
            "obj_pose": [
                0.5005177969635427,
                -0.0984116206068016,
                1.258710184547641,
                0.00612725538618779,
                0.03542306704544991,
                -0.6948495415721689,
                0.7182560669005676
            ]
        }
    ]
}