{
    "hook_path": "models/hook_1120/Hook23#11/base.urdf",
    "obj_path": "models/geo_data/hanging_exp/daily_5/base.urdf",
    "hook_pose": [
        0.5,
        -0.1,
        1.3,
        0.0,
        0.0,
        -0.7071067811865475,
        0.7071067811865476
    ],
    "contact_info": [
        {
            "contact_point_hook": [
                -0.011064602517905416,
                -0.04390238729848289,
                0.006280505483843513,
                1.0
            ],
            "contact_point_obj": [
                -0.004161946825943147,
                0.0032092953389855905,
                0.04295287207073506,
                1.0
            ],
            "obj_pose": [
                0.447003843085407,
                -0.09607211176195526,
                1.264579890853643,
                -0.07218742918815305,
                0.04761268449737106,
                -0.6148105877888911,
                0.7839196058811372
            ]
        }
    ]
}