{
    "hook_path": "models/hook/Hook_bar#8/base.urdf",
    "obj_path": "models/geo_data/hanging_exp/daily_5/base.urdf",
    "hook_pose": [
        0.5,
        -0.1,
        1.3,
        4.329780281177466e-17,
        0.7071067811865475,
        0.7071067811865476,
        4.329780281177467e-17
    ],
    "contact_info": [
        {
            "contact_point_hook": [
                0.003828140010435299,
                -0.0028906708184994745,
                0.027074455995395184,
                1.0
            ],
            "contact_point_obj": [
                -0.007894879277057674,
                -0.004770216963964458,
                0.04040067751386123,
                1.0
            ],
            "obj_pose": [
                0.5013242919711749,
                -0.08019264808506107,
                1.2566378518768564,
                0.0036334107432538687,
                0.0032314644342218,
                -0.6901519307356982,
                0.7236481662146108
            ]
        }
    ]
}