{
    "hook_path": "models/hook_1120/Hook186#16/base.urdf",
    "obj_path": "models/geo_data/hanging_exp/daily_5/base.urdf",
    "hook_pose": [
        0.5,
        -0.1,
        1.3,
        -0.5,
        0.5,
        0.4999999999999999,
        0.5000000000000001
    ],
    "contact_info": [
        {
            "contact_point_hook": [
                -0.014098699518471758,
                -0.004544029006384287,
                0.007388263944351923,
                1.0
            ],
            "contact_point_obj": [
                0.0018171574149067615,
                -0.0031099897828438527,
                0.04071486755235476,
                1.0
            ],
            "obj_pose": [
                0.4934917597353265,
                -0.09340669260789874,
                1.2747554672495567,
                0.0595777199645903,
                0.0731803190564619,
                0.6094711449909753,
                0.7871721918424233
            ]
        }
    ]
}