{
    "hook_path": "models/hook_all_new_2/Hook_hsr_34_devil/base.urdf",
    "obj_path": "models/geo_data/hanging_exp/daily_5/base.urdf",
    "hook_pose": [
        0.5,
        -0.1,
        1.3,
        4.329780281177466e-17,
        0.7071067811865475,
        0.7071067811865476,
        4.329780281177467e-17
    ],
    "contact_info": [
        {
            "contact_point_hook": [
                0.0015881907263972095,
                0.009081139556481377,
                0.026669888670545792,
                1.0
            ],
            "obj_pose": [
                0.49977681187279255,
                -0.07608752998490664,
                1.268269790942552,
                0.029947012435693306,
                0.038026304942513675,
                0.7097993169099115,
                0.702739002968256
            ],
            "contact_point_obj": [
                0.0023252980844908205,
                0.0052534685734769715,
                0.04052193013900829,
                1.0
            ]
        }
    ]
}