{
    "hook_path": "models/hook_1120/Hook12#18/base.urdf",
    "obj_path": "models/geo_data/hanging_exp/daily_5/base.urdf",
    "hook_pose": [
        0.5,
        -0.1,
        1.3,
        0.5,
        -0.4999999999999999,
        -0.5,
        0.5000000000000001
    ],
    "contact_info": [
        {
            "contact_point_hook": [
                0.00356627791758693,
                0.01853623470956456,
                -0.001736830345392515,
                1.0
            ],
            "contact_point_obj": [
                -0.0006106025026444417,
                -0.007675769643113561,
                0.03795054890304539,
                1.0
            ],
            "obj_pose": [
                0.513213786440994,
                -0.08458153479740431,
                1.286796772765273,
                0.09072468725275036,
                -0.2645050153448729,
                0.32287966423680703,
                0.9041873978344456
            ]
        }
    ]
}