{
    "hook_path": "models/hook_1120/Hook186#10/base.urdf",
    "obj_path": "models/geo_data/hanging_exp/daily_5/base.urdf",
    "hook_pose": [
        0.5,
        -0.1,
        1.3,
        -0.5,
        0.5,
        0.4999999999999999,
        0.5000000000000001
    ],
    "contact_info": [
        {
            "contact_point_hook": [
                -0.014748675841057324,
                0.00040957954182807566,
                0.004961488114888571,
                1.0
            ],
            "contact_point_obj": [
                0.00048714338444938443,
                0.003917703387747218,
                0.040617926683993444,
                1.0
            ],
            "obj_pose": [
                0.49803157907018997,
                -0.09491164957876491,
                1.2739693232701788,
                0.05337163385748812,
                0.04127983080147522,
                0.6799449343937953,
                0.7301522652574607
            ]
        }
    ]
}