{
    "hook_path": "models/hook_1120/Hook_60#6/base.urdf",
    "obj_path": "models/geo_data/hanging_exp/daily_5/base.urdf",
    "hook_pose": [
        0.5,
        -0.1,
        1.3,
        4.329780281177466e-17,
        0.7071067811865475,
        0.7071067811865476,
        4.329780281177467e-17
    ],
    "contact_info": [
        {
            "contact_point_hook": [
                -6.2211159113090275e-06,
                0.0045683532816394035,
                0.021113925360507133,
                1.0
            ],
            "contact_point_obj": [
                0.004619573723110941,
                0.0026941112176467885,
                0.04284699285750526,
                1.0
            ],
            "obj_pose": [
                0.5007926055768498,
                -0.08215004589583201,
                1.261519641515957,
                0.026933855318514662,
                0.004749256901387817,
                0.7083960802527899,
                0.7052850526411636
            ]
        }
    ]
}