{
    "hook_path": "models/hook_1120/Hook35#21/base.urdf",
    "obj_path": "models/geo_data/hanging_exp/daily_5/base.urdf",
    "hook_pose": [
        0.5,
        -0.1,
        1.3,
        0.0,
        0.0,
        -0.7071067811865475,
        0.7071067811865476
    ],
    "contact_info": [
        {
            "contact_point_hook": [
                -0.00022252069898254267,
                -0.0014208138291557093,
                0.020880413869262426,
                1.0
            ],
            "contact_point_obj": [
                -0.00787821972130183,
                -0.006588237271158315,
                0.041656630392238325,
                1.0
            ],
            "obj_pose": [
                0.502469422149419,
                -0.11183215476727042,
                1.2798889887246294,
                -0.008240738918784395,
                -0.02779432026511883,
                -0.8283624071190812,
                0.5594419437751821
            ]
        }
    ]
}