{
    "hook_path": "models/hook/Hook57#19/base.urdf",
    "obj_path": "models/geo_data/hanging_exp/daily_5/base.urdf",
    "hook_pose": [
        0.5,
        -0.1,
        1.3,
        0.0,
        0.0,
        -0.7071067811865475,
        0.7071067811865476
    ],
    "contact_info": [
        {
            "contact_point_hook": [
                -0.011642626141453267,
                0.004856542382023932,
                -0.03024703732395717,
                1.0
            ],
            "contact_point_obj": [
                -0.002444373204476359,
                0.0019617910317199505,
                0.04155235098148813,
                1.0
            ],
            "obj_pose": [
                0.5000889607848075,
                -0.09048219339108667,
                1.2284107715854429,
                -0.021916960579652124,
                0.022773429084270387,
                -0.7344475220109835,
                0.6779290930315792
            ]
        }
    ]
}