{
    "hook_path": "models/hook_1120/Hook15#3/base.urdf",
    "obj_path": "models/geo_data/hanging_exp/daily_5/base.urdf",
    "hook_pose": [
        0.5,
        -0.1,
        1.3,
        0.0,
        0.0,
        -0.7071067811865475,
        0.7071067811865476
    ],
    "contact_info": [
        {
            "contact_point_hook": [
                -0.008344758162754887,
                -0.0018342754391034721,
                0.007990332700693825,
                1.0
            ],
            "contact_point_obj": [
                -0.004599375233704628,
                -0.0003877537330162495,
                0.042795569411092194,
                1.0
            ],
            "obj_pose": [
                0.5064396896451806,
                -0.0968455206496963,
                1.266069360928196,
                0.04675087605481445,
                -0.06939061316837376,
                -0.6389834234609233,
                0.7646564476510891
            ]
        }
    ]
}