{
    "hook_path": "models/hook/Hook2#2/base.urdf",
    "obj_path": "models/geo_data/hanging_exp/daily_5/base.urdf",
    "hook_pose": [
        0.5,
        -0.1,
        1.3,
        0.0,
        0.0,
        -0.7071067811865475,
        0.7071067811865476
    ],
    "contact_info": [
        {
            "contact_point_hook": [
                -0.002716217202773598,
                -0.007627299439389723,
                -0.012846678599540251,
                1.0
            ],
            "contact_point_obj": [
                -0.007073898894625036,
                -0.006593689486615539,
                0.03946334625942716,
                1.0
            ],
            "obj_pose": [
                0.4976845003488662,
                -0.10385511255160061,
                1.2474107133723311,
                -0.005706998911870325,
                0.01584309874251969,
                -0.710868526767877,
                0.7031232922016756
            ]
        }
    ]
}