{
    "hook_path": "models/hook_1120/Hook42#7/base.urdf",
    "obj_path": "models/geo_data/hanging_exp/daily_5/base.urdf",
    "hook_pose": [
        0.5,
        -0.1,
        1.3,
        0.0,
        0.0,
        -0.7071067811865475,
        0.7071067811865476
    ],
    "contact_info": [
        {
            "contact_point_hook": [
                -0.006045830025768237,
                0.0005973748656550315,
                -0.012305330050430774,
                1.0
            ],
            "contact_point_obj": [
                -0.0035118053680263384,
                -0.00018564221670525072,
                0.04195167298903457,
                1.0
            ],
            "obj_pose": [
                0.4969518505918908,
                -0.0928312322861056,
                1.245769030177797,
                0.006592197219862443,
                0.07028355186403898,
                -0.7180797564432185,
                0.692371452805239
            ]
        }
    ]
}