{
    "hook_path": "models/hook/Hook35#3/base.urdf",
    "obj_path": "models/geo_data/hanging_exp/daily_5/base.urdf",
    "hook_pose": [
        0.5,
        -0.1,
        1.3,
        0.0,
        0.0,
        -0.7071067811865475,
        0.7071067811865476
    ],
    "contact_info": [
        {
            "contact_point_hook": [
                0.0028383130645296406,
                -0.0009444346289149141,
                0.023419676286642543,
                1.0
            ],
            "contact_point_obj": [
                -0.005062431559295505,
                -0.0031876841100284548,
                0.04103490139681876,
                1.0
            ],
            "obj_pose": [
                0.49456444290963214,
                -0.10684579181975236,
                1.282390142911436,
                -0.04264623641064337,
                0.05600488607837674,
                -0.8306312956704065,
                0.5523553221507486
            ]
        }
    ]
}