{
    "hook_path": "models/hook_1120/Hook42#4/base.urdf",
    "obj_path": "models/geo_data/hanging_exp/daily_5/base.urdf",
    "hook_pose": [
        0.5,
        -0.1,
        1.3,
        0.0,
        0.0,
        -0.7071067811865475,
        0.7071067811865476
    ],
    "contact_info": [
        {
            "contact_point_hook": [
                -0.006514024943776453,
                0.0009113258488152587,
                -0.011284044396762338,
                1.0
            ],
            "contact_point_obj": [
                -0.0042265708642868355,
                0.002195093708948992,
                0.04289948117263043,
                1.0
            ],
            "obj_pose": [
                0.5030037391150596,
                -0.09378115767906826,
                1.2456046752176448,
                0.06630017638119821,
                -0.0017800024289951095,
                -0.684029319549017,
                0.7264330720723579
            ]
        }
    ]
}