{
    "hook_path": "models/hook/Hook15#19/base.urdf",
    "obj_path": "models/geo_data/hanging_exp/daily_5/base.urdf",
    "hook_pose": [
        0.5,
        -0.1,
        1.3,
        0.0,
        0.0,
        -0.7071067811865475,
        0.7071067811865476
    ],
    "contact_info": [
        {
            "contact_point_hook": [
                -0.01002726496965027,
                -0.0015259963654760678,
                0.01087868187614438,
                1.0
            ],
            "contact_point_obj": [
                -0.004975573006039041,
                -0.0011455144896648228,
                0.04334513145578356,
                1.0
            ],
            "obj_pose": [
                0.49691978782482804,
                -0.09593540256784037,
                1.267671044123568,
                -0.03307542913922573,
                0.017200431154844157,
                -0.6815713700977908,
                0.7308013605750634
            ]
        }
    ]
}