{
    "hook_path": "models/hook/Hook15#14/base.urdf",
    "obj_path": "models/geo_data/hanging_exp/daily_5/base.urdf",
    "hook_pose": [
        0.5,
        -0.1,
        1.3,
        0.0,
        0.0,
        -0.7071067811865475,
        0.7071067811865476
    ],
    "contact_info": [
        {
            "contact_point_hook": [
                -0.00930119717445256,
                0.0007360536219677138,
                0.010483564703983594,
                1.0
            ],
            "contact_point_obj": [
                -0.004473460591403501,
                0.001085683159006201,
                0.043212582069296346,
                1.0
            ],
            "obj_pose": [
                0.4979681835707897,
                -0.09643699745099914,
                1.2674960104062512,
                -0.02557464022661947,
                0.00655918458041649,
                -0.687371800378612,
                0.7258256835626476
            ]
        }
    ]
}