{
    "hook_path": "models/hook/Hook145#1/base.urdf",
    "obj_path": "models/geo_data/hanging_exp/daily_5/base.urdf",
    "hook_pose": [
        0.5,
        -0.1,
        1.3,
        0.0,
        0.0,
        -0.7071067811865475,
        0.7071067811865476
    ],
    "contact_info": [
        {
            "contact_point_hook": [
                -0.027894088673654838,
                0.0028870795100816027,
                0.04926556518110137,
                1.0
            ],
            "contact_point_obj": [
                -0.008990476681073618,
                0.00019814710678556224,
                0.04229392354772199,
                1.0
            ],
            "obj_pose": [
                0.5051269347899129,
                -0.06154842114088098,
                1.3073947358174665,
                -0.004184737671538505,
                -0.030458654582466698,
                0.7075319696509511,
                0.7060122309517676
            ]
        }
    ]
}