{
    "hook_path": "models/hook_1120/Hook_60#15/base.urdf",
    "obj_path": "models/geo_data/hanging_exp/daily_5/base.urdf",
    "hook_pose": [
        0.5,
        -0.1,
        1.3,
        4.329780281177466e-17,
        0.7071067811865475,
        0.7071067811865476,
        4.329780281177467e-17
    ],
    "contact_info": [
        {
            "contact_point_hook": [
                -0.0003787091279190413,
                0.0049795888268218125,
                0.021854622517477374,
                1.0
            ],
            "contact_point_obj": [
                0.005047037555101275,
                0.0024359732709750004,
                0.04315987552071654,
                1.0
            ],
            "obj_pose": [
                0.5000181603588759,
                -0.08200082667273914,
                1.2616299991522926,
                0.033375035450102716,
                0.014398122786695966,
                0.7167306079198809,
                0.696402209028462
            ]
        }
    ]
}