{
    "hook_path": "models/hook_1120/Hook15#16/base.urdf",
    "obj_path": "models/geo_data/hanging_exp/daily_5/base.urdf",
    "hook_pose": [
        0.5,
        -0.1,
        1.3,
        0.0,
        0.0,
        -0.7071067811865475,
        0.7071067811865476
    ],
    "contact_info": [
        {
            "contact_point_hook": [
                -0.006191464665050786,
                -0.0008340814863875279,
                0.007353933101641674,
                1.0
            ],
            "contact_point_obj": [
                0.0005459256672174298,
                -0.00040613318307214374,
                0.04065448730865784,
                1.0
            ],
            "obj_pose": [
                0.5012990189521801,
                -0.09359723056523653,
                1.2667502934847352,
                0.011984027745704753,
                -0.01817339888863278,
                -0.7010390526347309,
                0.7127905423985534
            ]
        }
    ]
}