{
    "hook_path": "models/hook/Hook1#2/base.urdf",
    "obj_path": "models/geo_data/hanging_exp/daily_5/base.urdf",
    "hook_pose": [
        0.5,
        -0.1,
        1.3,
        0.0,
        0.0,
        -0.7071067811865475,
        0.7071067811865476
    ],
    "contact_info": [
        {
            "contact_point_hook": [
                -0.01260281657962449,
                -0.0015431786651457502,
                -0.005421131567575399,
                1.0
            ],
            "contact_point_obj": [
                0.004112614545955396,
                0.0031566145489416164,
                0.041520069796416204,
                1.0
            ],
            "obj_pose": [
                0.49260539937736475,
                -0.09110863104929763,
                1.253314113164925,
                0.07900038239029308,
                0.07264835389377436,
                0.6959030538319968,
                0.7100704865898972
            ]
        }
    ]
}