{
    "hook_path": "models/hook/Hook23#6/base.urdf",
    "obj_path": "models/geo_data/hanging_exp/daily_5/base.urdf",
    "hook_pose": [
        0.5,
        -0.1,
        1.3,
        0.0,
        0.0,
        -0.7071067811865475,
        0.7071067811865476
    ],
    "contact_info": [
        {
            "contact_point_hook": [
                -0.01166341469714001,
                -0.06212421205899821,
                0.0033262079455549376,
                1.0
            ],
            "contact_point_obj": [
                -0.0037778128662242227,
                -0.004788831159660278,
                0.04264404620131934,
                1.0
            ],
            "obj_pose": [
                0.4400297945876211,
                -0.09304084562340473,
                1.2605599871568174,
                -0.018219372129111337,
                0.012973967102170702,
                -0.7659393721626206,
                0.6425236251127139
            ]
        }
    ]
}