{
    "hook_path": "models/hook_1120/Hook47#12/base.urdf",
    "obj_path": "models/geo_data/hanging_exp/daily_5/base.urdf",
    "hook_pose": [
        0.5,
        -0.1,
        1.3,
        0.0,
        0.0,
        -0.7071067811865475,
        0.7071067811865476
    ],
    "contact_info": [
        {
            "contact_point_hook": [
                -0.004640255296659272,
                0.018180583439119546,
                -0.033656847007161206,
                1.0
            ],
            "contact_point_obj": [
                0.003833996017749086,
                0.011447197189883962,
                0.036442900183200067,
                1.0
            ],
            "obj_pose": [
                0.5329187935594405,
                -0.1003475814698057,
                1.2312471493803012,
                -0.03977984808700695,
                -0.029334257238252084,
                0.6891992297609172,
                0.7228841447530947
            ]
        }
    ]
}