{
    "hook_path": "models/hook/Hook_60#9/base.urdf",
    "obj_path": "models/geo_data/hanging_exp/daily_5/base.urdf",
    "hook_pose": [
        0.5,
        -0.1,
        1.3,
        4.329780281177466e-17,
        0.7071067811865475,
        0.7071067811865476,
        4.329780281177467e-17
    ],
    "contact_info": [
        {
            "contact_point_hook": [
                0.016090476332559722,
                -0.02161777602956172,
                0.007797481546600187,
                1.0
            ],
            "contact_point_obj": [
                -0.009873082016777932,
                0.014056902770762714,
                0.0170687509472065,
                1.0
            ],
            "obj_pose": [
                0.49699728726483844,
                -0.0811445738471312,
                1.261269397552287,
                0.053267748280360294,
                -0.005590067495772726,
                0.6998259256949032,
                0.7123025844848555
            ]
        }
    ]
}