{
    "hook_path": "models/hook_1120/Hook15#24/base.urdf",
    "obj_path": "models/geo_data/hanging_exp/daily_5/base.urdf",
    "hook_pose": [
        0.5,
        -0.1,
        1.3,
        0.0,
        0.0,
        -0.7071067811865475,
        0.7071067811865476
    ],
    "contact_info": [
        {
            "contact_point_hook": [
                -0.006656937070434162,
                -0.006603799331399263,
                0.004931348240612143,
                1.0
            ],
            "contact_point_obj": [
                -0.0006244395126896451,
                -0.006194738679878964,
                0.03917221218105338,
                1.0
            ],
            "obj_pose": [
                0.49879965308812524,
                -0.09335380238604753,
                1.2656372073823559,
                0.007428848765545285,
                0.020702006668166576,
                -0.7624398767983062,
                0.6466851423944374
            ]
        }
    ]
}