{
    "hook_path": "models/hook/Hook12#6/base.urdf",
    "obj_path": "models/geo_data/hanging_exp/daily_5/base.urdf",
    "hook_pose": [
        0.5,
        -0.1,
        1.3,
        0.5,
        -0.4999999999999999,
        -0.5,
        0.5000000000000001
    ],
    "contact_info": [
        {
            "contact_point_hook": [
                0.010792116198404365,
                0.020737036608682757,
                0.00932489239107287,
                1.0
            ],
            "contact_point_obj": [
                -0.004960858065571561,
                0.009081535553126963,
                0.04544310227069348,
                1.0
            ],
            "obj_pose": [
                0.507595202977265,
                -0.08214558361362581,
                1.2880989225649804,
                0.16123770163300488,
                -0.26766532695452794,
                0.6380494548438379,
                0.7037404134280716
            ]
        }
    ]
}