{
    "hook_path": "models/hook_1120/Hook186#24/base.urdf",
    "obj_path": "models/geo_data/hanging_exp/daily_5/base.urdf",
    "hook_pose": [
        0.5,
        -0.1,
        1.3,
        -0.5,
        0.5,
        0.4999999999999999,
        0.5000000000000001
    ],
    "contact_info": [
        {
            "contact_point_hook": [
                -0.01757074102558631,
                -0.00014384516499044153,
                0.007425218224257013,
                1.0
            ],
            "contact_point_obj": [
                0.004151475059733359,
                0.002024325640854363,
                0.040559827002842885,
                1.0
            ],
            "obj_pose": [
                0.4997319773548812,
                -0.09582047406019466,
                1.2768801026369596,
                0.02755838458786178,
                0.01097014436004447,
                0.685406441178746,
                0.7275563220550788
            ]
        }
    ]
}