{
    "hook_path": "models/hook_all_new_1/Hook_hsr_115_devil/base.urdf",
    "obj_path": "models/geo_data/hanging_exp/daily_5/base.urdf",
    "hook_pose": [
        0.5,
        -0.1,
        1.3,
        4.329780281177466e-17,
        0.7071067811865475,
        0.7071067811865476,
        4.329780281177467e-17
    ],
    "contact_info": [
        {
            "contact_point_hook": [
                0.001265708514559316,
                0.0020946791311995394,
                0.046874589278452936,
                1.0
            ],
            "obj_pose": [
                0.4995246196397686,
                -0.04917867035110273,
                1.2586164925875,
                0.08394551968792989,
                -0.0614133578339488,
                0.7020828822286183,
                0.7044580723403195
            ],
            "contact_point_obj": [
                0.005018372642500435,
                0.002182603235258762,
                0.0433198137393318,
                1.0
            ]
        }
    ]
}