{
    "hook_path": "models/hook/Hook124#18/base.urdf",
    "obj_path": "models/geo_data/hanging_exp/daily_5/base.urdf",
    "hook_pose": [
        0.5,
        -0.1,
        1.3,
        0.0,
        0.0,
        -0.7071067811865475,
        0.7071067811865476
    ],
    "contact_info": [
        {
            "contact_point_hook": [
                -0.002443467615477106,
                -0.005982628879245,
                -0.0033316254681758917,
                1.0
            ],
            "contact_point_obj": [
                -0.0031375733924160765,
                -0.006599969552396279,
                0.039960741280257395,
                1.0
            ],
            "obj_pose": [
                0.5040550475661466,
                -0.1023020444720297,
                1.2575916554377395,
                0.033850900468936754,
                -0.03866848762952359,
                -0.7604869296614315,
                0.6473163789183899
            ]
        }
    ]
}