{
    "hook_path": "models/hook_1120/Hook_bar#4/base.urdf",
    "obj_path": "models/geo_data/hanging_exp/daily_5/base.urdf",
    "hook_pose": [
        0.5,
        -0.1,
        1.3,
        4.329780281177466e-17,
        0.7071067811865475,
        0.7071067811865476,
        4.329780281177467e-17
    ],
    "contact_info": [
        {
            "contact_point_hook": [
                0.0003273587112229137,
                -0.002384303669042298,
                0.02460614384129942,
                1.0
            ],
            "contact_point_obj": [
                -0.0003397579980495835,
                0.0015034782177050787,
                0.04077921898816084,
                1.0
            ],
            "obj_pose": [
                0.49892343161922964,
                -0.0773474248804381,
                1.2568610298784737,
                -0.007343348984197588,
                -0.011185016752734209,
                -0.5307370128733012,
                0.8474309374764782
            ]
        }
    ]
}