{
    "hook_path": "models/hook_1120/Hook47#15/base.urdf",
    "obj_path": "models/geo_data/hanging_exp/daily_5/base.urdf",
    "hook_pose": [
        0.5,
        -0.1,
        1.3,
        0.0,
        0.0,
        -0.7071067811865475,
        0.7071067811865476
    ],
    "contact_info": [
        {
            "contact_point_hook": [
                -0.0013622206635178027,
                0.021075727928980936,
                -0.033809653317649735,
                1.0
            ],
            "contact_point_obj": [
                0.0038993323121104817,
                0.013235178794556046,
                0.02202146973815511,
                1.0
            ],
            "obj_pose": [
                0.5214508769093743,
                -0.10493023549284033,
                1.2409795525973668,
                0.14718937370239593,
                0.23919539006870696,
                0.7179656958396143,
                0.6369035352677154
            ]
        }
    ]
}