{
    "hook_path": "models/hook_1120/Hook40#23/base.urdf",
    "obj_path": "models/geo_data/hanging_exp/daily_5/base.urdf",
    "hook_pose": [
        0.5,
        -0.1,
        1.3,
        0.0,
        0.0,
        -0.7071067811865475,
        0.7071067811865476
    ],
    "contact_info": [
        {
            "contact_point_hook": [
                0.0006691546838911289,
                -0.002279306820008875,
                -0.04864529970290721,
                1.0
            ],
            "contact_point_obj": [
                0.004257059612135405,
                0.004833069513097532,
                0.042183599340223754,
                1.0
            ],
            "obj_pose": [
                0.4961463826357146,
                -0.10419828117498214,
                1.2088575947100497,
                0.04876396292071201,
                0.024005136585895696,
                0.5171278341625621,
                0.8541806790557239
            ]
        }
    ]
}