{
    "hook_path": "models/hook/Hook186#13/base.urdf",
    "obj_path": "models/geo_data/hanging_exp/daily_5/base.urdf",
    "hook_pose": [
        0.5,
        -0.1,
        1.3,
        -0.5,
        0.5,
        0.4999999999999999,
        0.5000000000000001
    ],
    "contact_info": [
        {
            "contact_point_hook": [
                -0.01428766042816254,
                0.00039434424591133777,
                0.007539057061782081,
                1.0
            ],
            "contact_point_obj": [
                0.001207252495276527,
                0.004187128796446782,
                0.04061626604860469,
                1.0
            ],
            "obj_pose": [
                0.5005357150239428,
                -0.09487562575312605,
                1.2735203344116774,
                0.01820605696011235,
                0.03627306265734586,
                0.6831992971454602,
                0.7291032332909864
            ]
        }
    ]
}