{
    "hook_path": "models/hook_1120/Hook47#19/base.urdf",
    "obj_path": "models/geo_data/hanging_exp/daily_5/base.urdf",
    "hook_pose": [
        0.5,
        -0.1,
        1.3,
        0.0,
        0.0,
        -0.7071067811865475,
        0.7071067811865476
    ],
    "contact_info": [
        {
            "contact_point_hook": [
                -0.004614939629212109,
                0.013533976606822207,
                -0.04121597585507786,
                1.0
            ],
            "contact_point_obj": [
                0.005753785682704272,
                0.012278184650979296,
                0.03872611441665974,
                1.0
            ],
            "obj_pose": [
                0.5235341747258779,
                -0.10291563684297002,
                1.2197089904098826,
                0.008892344821263552,
                0.01961282899226954,
                0.6683604814130876,
                0.7435257426799462
            ]
        }
    ]
}