{
    "hook_path": "models/hook/Hook145#8/base.urdf",
    "obj_path": "models/geo_data/hanging_exp/daily_5/base.urdf",
    "hook_pose": [
        0.5,
        -0.1,
        1.3,
        0.0,
        0.0,
        -0.7071067811865475,
        0.7071067811865476
    ],
    "contact_info": [
        {
            "contact_point_hook": [
                -0.03156947857684744,
                0.005331766333194432,
                0.05022225418478499,
                1.0
            ],
            "contact_point_obj": [
                0.010706537719085002,
                -0.007944262545284353,
                0.038637298212022886,
                1.0
            ],
            "obj_pose": [
                0.5066203786731639,
                -0.07936113540995905,
                1.3108592864796933,
                -0.0708584974450663,
                -0.07354696650358294,
                0.7417034991730029,
                0.6629071099124458
            ]
        }
    ]
}