{
    "hook_path": "models/hook_1120/Hook_bar#13/base.urdf",
    "obj_path": "models/geo_data/hanging_exp/daily_5/base.urdf",
    "hook_pose": [
        0.5,
        -0.1,
        1.3,
        4.329780281177466e-17,
        0.7071067811865475,
        0.7071067811865476,
        4.329780281177467e-17
    ],
    "contact_info": [
        {
            "contact_point_hook": [
                0.0012064860773145503,
                -0.0018713310206226463,
                0.024786353597916953,
                1.0
            ],
            "contact_point_obj": [
                -0.0005872261697131148,
                -0.0033734751676604002,
                0.04058615819008815,
                1.0
            ],
            "obj_pose": [
                0.5028072699935341,
                -0.07547419995761842,
                1.2575974059844928,
                0.011430913679728453,
                -0.00034101614893515433,
                -0.7360868260209203,
                0.676790515949271
            ]
        }
    ]
}