{
    "hook_path": "models/hook_1120/Hook40#10/base.urdf",
    "obj_path": "models/geo_data/hanging_exp/daily_5/base.urdf",
    "hook_pose": [
        0.5,
        -0.1,
        1.3,
        0.0,
        0.0,
        -0.7071067811865475,
        0.7071067811865476
    ],
    "contact_info": [
        {
            "contact_point_hook": [
                0.001168931174844928,
                -0.0006845426275431388,
                -0.040894933637781294,
                1.0
            ],
            "contact_point_obj": [
                0.004546535280496436,
                -0.0005083080002680207,
                0.042668953793913555,
                1.0
            ],
            "obj_pose": [
                0.4927798747799823,
                -0.10596972772737945,
                1.2169647354358344,
                0.062163647831108525,
                0.053932897249614954,
                0.7755658185413199,
                0.6258790494919325
            ]
        }
    ]
}