{
    "hook_path": "models/hook_1120/Hook_60#16/base.urdf",
    "obj_path": "models/geo_data/hanging_exp/daily_5/base.urdf",
    "hook_pose": [
        0.5,
        -0.1,
        1.3,
        4.329780281177466e-17,
        0.7071067811865475,
        0.7071067811865476,
        4.329780281177467e-17
    ],
    "contact_info": [
        {
            "contact_point_hook": [
                0.005886767046602681,
                -0.02261924865199605,
                0.008824697692725699,
                1.0
            ],
            "contact_point_obj": [
                -0.01000986161468799,
                0.0057585053372499195,
                0.0163269811074076,
                1.0
            ],
            "obj_pose": [
                0.49864859724017413,
                -0.08002557878366992,
                1.2614107118527682,
                0.04984748210296738,
                0.0011911746137342877,
                0.7080969155034329,
                0.7043525877609581
            ]
        }
    ]
}