{
    "hook_path": "models/hook/Hook1#13/base.urdf",
    "obj_path": "models/geo_data/hanging_exp/daily_5/base.urdf",
    "hook_pose": [
        0.5,
        -0.1,
        1.3,
        0.0,
        0.0,
        -0.7071067811865475,
        0.7071067811865476
    ],
    "contact_info": [
        {
            "contact_point_hook": [
                -0.01561561741168234,
                0.0008784242108913487,
                -0.006687573831818838,
                1.0
            ],
            "contact_point_obj": [
                0.0026240094631553275,
                -0.0013760123238648614,
                0.04087045067427719,
                1.0
            ],
            "obj_pose": [
                0.49982543460470913,
                -0.08696101245144364,
                1.2524293640845456,
                -0.0024141078366849687,
                -0.0032145825632224237,
                0.7067793179454137,
                0.7074226701674983
            ]
        }
    ]
}