{
    "hook_path": "models/hook_1120/Hook124#4/base.urdf",
    "obj_path": "models/geo_data/hanging_exp/daily_5/base.urdf",
    "hook_pose": [
        0.5,
        -0.1,
        1.3,
        0.0,
        0.0,
        -0.7071067811865475,
        0.7071067811865476
    ],
    "contact_info": [
        {
            "contact_point_hook": [
                -0.0018134669386271338,
                0.0006935033968133997,
                -0.0009501563856268991,
                1.0
            ],
            "contact_point_obj": [
                -0.002264625399860859,
                -0.0023387057907415243,
                0.04068833949709094,
                1.0
            ],
            "obj_pose": [
                0.5004871950042042,
                -0.09982490099609294,
                1.2582648925740016,
                -0.007288809704276261,
                0.024424248432190356,
                -0.8190208727844528,
                0.5731972952526999
            ]
        }
    ]
}