{
    "hook_path": "models/hook/Hook15#9/base.urdf",
    "obj_path": "models/geo_data/hanging_exp/daily_5/base.urdf",
    "hook_pose": [
        0.5,
        -0.1,
        1.3,
        0.0,
        0.0,
        -0.7071067811865475,
        0.7071067811865476
    ],
    "contact_info": [
        {
            "contact_point_hook": [
                -0.005832399179906327,
                0.005509783630678888,
                0.006363149271722435,
                1.0
            ],
            "contact_point_obj": [
                0.0026219004124241885,
                0.005116957463215721,
                0.03935407720502759,
                1.0
            ],
            "obj_pose": [
                0.5012565208872088,
                -0.09298703665603474,
                1.2668369929647672,
                -0.004707020027639439,
                -0.0204596540260362,
                -0.7041311652239604,
                0.7097595005915329
            ]
        }
    ]
}