{
    "hook_path": "models/hook/Hook15#15/base.urdf",
    "obj_path": "models/geo_data/hanging_exp/daily_5/base.urdf",
    "hook_pose": [
        0.5,
        -0.1,
        1.3,
        0.0,
        0.0,
        -0.7071067811865475,
        0.7071067811865476
    ],
    "contact_info": [
        {
            "contact_point_hook": [
                -0.005931154243493789,
                0.00042034556400916134,
                0.008154645763685853,
                1.0
            ],
            "contact_point_obj": [
                -0.00030974538865560786,
                -0.001015306003555927,
                0.04062838696516491,
                1.0
            ],
            "obj_pose": [
                0.4997893740044518,
                -0.09597319481295444,
                1.2675619377308378,
                -0.03083495505557202,
                0.002460009085826121,
                -0.6116939444657324,
                0.790489514292234
            ]
        }
    ]
}