{
    "hook_path": "models/hook_1120/Hook35#22/base.urdf",
    "obj_path": "models/geo_data/hanging_exp/daily_5/base.urdf",
    "hook_pose": [
        0.5,
        -0.1,
        1.3,
        0.0,
        0.0,
        -0.7071067811865475,
        0.7071067811865476
    ],
    "contact_info": [
        {
            "contact_point_hook": [
                0.0011170210352646345,
                0.0007000508829405616,
                0.02512986729078981,
                1.0
            ],
            "contact_point_obj": [
                -0.002075906145464609,
                -0.003875808244746065,
                0.04050756456943283,
                1.0
            ],
            "obj_pose": [
                0.48648608821901806,
                -0.10317780852746826,
                1.2869996891700128,
                -0.1580107875803152,
                0.15948660782508223,
                -0.6844354164449549,
                0.6936460002396888
            ]
        }
    ]
}