{
    "hook_path": "models/hook_1120/Hook84#11/base.urdf",
    "obj_path": "models/geo_data/hanging_exp/daily_5/base.urdf",
    "hook_pose": [
        0.5,
        -0.1,
        1.3,
        0.0,
        0.0,
        -0.7071067811865475,
        0.7071067811865476
    ],
    "contact_info": [
        {
            "contact_point_hook": [
                -0.01430582735996462,
                0.00044326242993852905,
                -0.03202079697212801,
                1.0
            ],
            "contact_point_obj": [
                0.003072469770484504,
                -0.0008424866012042981,
                0.040606742879834234,
                1.0
            ],
            "obj_pose": [
                0.48996435079498263,
                -0.08401754991811942,
                1.2286544173492715,
                -0.11996538582202147,
                0.08359950572759993,
                -0.7474898712051169,
                0.6479801858795008
            ]
        }
    ]
}