{
    "hook_path": "models/hook_all_new/Hook_hcu_364_normal/base.urdf",
    "obj_path": "models/everyday_objects_50/mug_193/base.urdf",
    "hook_pose": [
        0.5,
        -0.1,
        1.3,
        4.329780281177466e-17,
        0.7071067811865475,
        0.7071067811865476,
        4.329780281177467e-17
    ],
    "contact_info": [
        {
            "contact_point_hook": [],
            "obj_pose": [
                0.5051031326949166,
                -0.06142843432990618,
                1.2523568978130497,
                0.6794364935787859,
                0.2076631832582551,
                0.13805314799880852,
                0.6900604189779558
            ],
            "contact_point_obj": []
        }
    ],
    "initial_pose": [
        {
            "robot_pose": [
                0.4497838616371155,
                0.038044754415750504,
                1.26344895362854,
                0.714011013507843,
                -0.04633117839694023,
                0.69778972864151,
                0.033633314073085785
            ],
            "obj_pose": [
                0.4882874464774283,
                0.006832024557910317,
                1.2621715318337636,
                0.7011166160462826,
                -0.003455673912111525,
                -0.022689574786708525,
                0.7126771584789434
            ]
        },
        {
            "robot_pose": [
                0.43554925774215286,
                0.037352982408586526,
                1.235570705955369,
                0.7193556097031995,
                -0.051257235594764944,
                0.692537925415595,
                0.01707115839024104
            ],
            "obj_pose": [
                0.47452724006639263,
                0.006832024557910317,
                1.2328174564236443,
                0.712050812026761,
                0.007252689764428685,
                -0.021549164023480383,
                0.7017596975554383
            ]
        },
        {
            "robot_pose": [
                0.442904924156429,
                0.03830706447457908,
                1.266815512330958,
                0.714032983565407,
                -0.04034642907365224,
                0.6975478242046218,
                0.04422778526091917
            ],
            "obj_pose": [
                0.4812108303048004,
                0.006832024557910317,
                1.2662057799538315,
                0.6926751256179555,
                -0.005286392671966904,
                -0.025492777713194886,
                0.7207796769381979
            ]
        },
        {
            "robot_pose": [
                0.44463416267997036,
                0.03791136744180287,
                1.286970992386897,
                0.7013507925915266,
                -0.03461303500265222,
                0.7106844596054465,
                0.042855599569451334
            ],
            "obj_pose": [
                0.4832527669412953,
                0.006832024557910317,
                1.2880055009601115,
                0.6900715434466411,
                -0.014837857200144258,
                -0.009288037509366335,
                0.7235294294485216
            ]
        },
        {
            "robot_pose": [
                0.45425747072894196,
                0.03757126688284434,
                1.2887122028695381,
                0.7131161716723037,
                -0.04391718068378439,
                0.6991296281261893,
                0.027465797209651636
            ],
            "obj_pose": [
                0.4931392938215753,
                0.006832024557910317,
                1.287410215366682,
                0.7030339142431247,
                -0.0004402608722706427,
                -0.017148107511926775,
                0.7109494102980286
            ]
        },
        {
            "robot_pose": [
                0.4980151429630181,
                0.03736895028022486,
                1.2906049315536878,
                0.7079822544184389,
                -0.045108307766802185,
                0.7044261739618385,
                0.022586133721510398
            ],
            "obj_pose": [
                0.5370662122948492,
                0.006832024557910317,
                1.289654927003274,
                0.7059379270271762,
                -0.0040403910255368885,
                -0.010032064785356553,
                0.7081911296402098
            ]
        },
        {
            "robot_pose": [
                0.5008115040062416,
                0.037312527547337986,
                1.2678385834873893,
                0.714367108232571,
                -0.03975375409422916,
                0.6981233430565607,
                0.026889990524010515
            ],
            "obj_pose": [
                0.5398970580751772,
                0.006832024557910317,
                1.2665537652857553,
                0.7012778251143106,
                0.0031030069232556873,
                -0.015912404519228786,
                0.712703710340695
            ]
        },
        {
            "robot_pose": [
                0.5017528986504656,
                0.037456942445531896,
                1.2515054074048293,
                0.7129721813315427,
                -0.0387826142328674,
                0.6994598716189209,
                0.030372116742976962
            ],
            "obj_pose": [
                0.5407350459458268,
                0.006832024557910317,
                1.2505572756657548,
                0.6989847974058407,
                0.0005619676647443371,
                -0.01593729653803813,
                0.714958697944796
            ]
        },
        {
            "robot_pose": [
                0.4518317015424207,
                0.036681314537224896,
                1.2359848702799647,
                0.7125989601302621,
                -0.044426385167121975,
                0.700070691932004,
                0.011403710803796811
            ],
            "obj_pose": [
                0.49137774684657504,
                0.006832024557910317,
                1.2341080256651902,
                0.7113344850667087,
                0.006157351000457445,
                -0.008191633419174631,
                0.7027789371669183
            ]
        }
    ]
}