{
    "hook_path": "models/hook_all_new/Hook_hcu_364_normal/base.urdf",
    "obj_path": "models/everyday_objects_50/cooking_42/base.urdf",
    "hook_pose": [
        0.5,
        -0.1,
        1.3,
        4.329780281177466e-17,
        0.7071067811865475,
        0.7071067811865476,
        4.329780281177467e-17
    ],
    "contact_info": [
        {
            "contact_point_hook": [],
            "obj_pose": [
                0.5138200484904027,
                -0.053022294016087525,
                1.2283799194395124,
                0.7000125043853981,
                0.14460032615836096,
                0.07504779131710904,
                0.695299265350829
            ],
            "contact_point_obj": []
        }
    ],
    "initial_pose": [
        {
            "robot_pose": [
                0.5257219076156616,
                0.0648421123623848,
                1.2216578722000122,
                0.7133317589759827,
                -0.046230148524045944,
                0.697656512260437,
                0.04791704937815666
            ],
            "obj_pose": [
                0.5509738834789993,
                0.06191906552966215,
                1.2046420460594147,
                0.7150420083373925,
                0.04607977789044856,
                -0.16516816929358852,
                0.67772491191825
            ]
        },
        {
            "robot_pose": [
                0.5116178054220178,
                0.06441450543509196,
                1.191169540467331,
                0.7144953966100211,
                -0.048404901862770765,
                0.6967959179618278,
                0.040357680935332846
            ],
            "obj_pose": [
                0.5368568549582786,
                0.06191906552966215,
                1.1740666756423819,
                0.7194340169163779,
                0.05056483354033312,
                -0.16300377822752762,
                0.6732664117540353
            ]
        },
        {
            "robot_pose": [
                0.5186872631645231,
                0.0654225288063144,
                1.2210305093751577,
                0.7200702675003321,
                -0.04338929819474857,
                0.6900628228246438,
                0.05856175560424853
            ],
            "obj_pose": [
                0.5435332719988561,
                0.06191906552966215,
                1.2035334691366113,
                0.7074055033553807,
                0.04798882023463002,
                -0.17693890214795877,
                0.6826178666440573
            ]
        },
        {
            "robot_pose": [
                0.5173082590634085,
                0.0648719242017693,
                1.2570387674691776,
                0.7209959406166688,
                -0.05907777697462275,
                0.6888606455727786,
                0.046321494611855425
            ],
            "obj_pose": [
                0.5421337491987634,
                0.06191906552966215,
                1.2394115018775471,
                0.7208723594966209,
                0.04947272637316957,
                -0.1779609596020764,
                0.6680010385594385
            ]
        },
        {
            "robot_pose": [
                0.525730418650641,
                0.06489710212499668,
                1.254190650670346,
                0.7255600890542933,
                -0.04765978711096549,
                0.6847399638784895,
                0.04921670175609392
            ],
            "obj_pose": [
                0.5503511820483797,
                0.06191906552966215,
                1.2362827157032612,
                0.712938752890007,
                0.05688404508570953,
                -0.17910832526145096,
                0.675575863885298
            ]
        },
        {
            "robot_pose": [
                0.5787233398343069,
                0.0646161795878933,
                1.2543813180132797,
                0.71825432177997,
                -0.04904204941711717,
                0.6926650042400062,
                0.04382691564046644
            ],
            "obj_pose": [
                0.6037505419517594,
                0.06191906552966215,
                1.237000018954665,
                0.7174983751658972,
                0.05208002608739907,
                -0.1691191688115079,
                0.6737079925735912
            ]
        },
        {
            "robot_pose": [
                0.5746512277167863,
                0.065664293420552,
                1.2227589749125074,
                0.7071397358441922,
                -0.04822507124069196,
                0.7027841475218498,
                0.061009658956784694
            ],
            "obj_pose": [
                0.6000834530666317,
                0.06191906552966215,
                1.206178262960486,
                0.7109299706259697,
                0.03203436552456465,
                -0.16738163800093575,
                0.6823018126542829
            ]
        },
        {
            "robot_pose": [
                0.5736778167596112,
                0.06491133441625062,
                1.2069960387318024,
                0.7065778381123715,
                -0.05423627564423731,
                0.7039866836463259,
                0.04699930149839847
            ],
            "obj_pose": [
                0.5992238780045832,
                0.06191906552966215,
                1.1904373579626586,
                0.7206281401111059,
                0.03683061786570615,
                -0.16143654739678834,
                0.6732583682600931
            ]
        },
        {
            "robot_pose": [
                0.5294625245279255,
                0.06439373737644208,
                1.1936854865628226,
                0.7143170537225221,
                -0.05160432900173296,
                0.6968072909325044,
                0.03934131788286496
            ],
            "obj_pose": [
                0.5547043195625639,
                0.06191906552966215,
                1.1765836559673577,
                0.7215454380692811,
                0.04969486772916533,
                -0.16369803358418403,
                0.670899064482476
            ]
        }
    ]
}