{
    "hook_path": "models/hook_1120/Hook145#16/base.urdf",
    "obj_path": "models/geo_data/hanging_exp/daily_5/base.urdf",
    "hook_pose": [
        0.5,
        -0.1,
        1.3,
        0.0,
        0.0,
        -0.7071067811865475,
        0.7071067811865476
    ],
    "contact_info": [
        {
            "contact_point_hook": [
                -0.033168283351582936,
                0.004759190166679472,
                0.05086834772768434,
                1.0
            ],
            "contact_point_obj": [
                0.001633805322827253,
                -0.004198208028873329,
                0.04048891889966466,
                1.0
            ],
            "obj_pose": [
                0.4994281736316563,
                -0.06761793491192473,
                1.3104875484823049,
                0.019001440621308697,
                0.001487241838071111,
                0.7183281073860844,
                0.6954433575102691
            ]
        }
    ]
}