{
    "hook_path": "models/hook_1120/Hook15#6/base.urdf",
    "obj_path": "models/geo_data/hanging_exp/daily_5/base.urdf",
    "hook_pose": [
        0.5,
        -0.1,
        1.3,
        0.0,
        0.0,
        -0.7071067811865475,
        0.7071067811865476
    ],
    "contact_info": [
        {
            "contact_point_hook": [
                -0.00884942995607564,
                0.011237114339155752,
                0.001718122391315191,
                1.0
            ],
            "contact_point_obj": [
                -0.0038304545155807765,
                0.011654449042036052,
                0.03573649033272375,
                1.0
            ],
            "obj_pose": [
                0.5017054429526081,
                -0.09590783378379876,
                1.2654674535994384,
                0.014481559912196417,
                -0.02345786790305745,
                -0.6910007259196279,
                0.7223281869306357
            ]
        }
    ]
}