{
    "hook_path": "models/hook_1120/Hook124#20/base.urdf",
    "obj_path": "models/geo_data/hanging_exp/daily_5/base.urdf",
    "hook_pose": [
        0.5,
        -0.1,
        1.3,
        0.0,
        0.0,
        -0.7071067811865475,
        0.7071067811865476
    ],
    "contact_info": [
        {
            "contact_point_hook": [
                -0.001877711909313226,
                0.00035241070076175163,
                -0.0014476313173679145,
                1.0
            ],
            "contact_point_obj": [
                0.00276233692888439,
                0.00024022926372063713,
                0.04057068005620379,
                1.0
            ],
            "obj_pose": [
                0.49660864688059664,
                -0.09356741498271212,
                1.2583167419438857,
                -0.0335424591272458,
                0.050970874525682025,
                -0.8277191069692328,
                0.5578153398247843
            ]
        }
    ]
}