{
    "hook_path": "models/hook_all_new_2/Hook_hsr_129_normal/base.urdf",
    "obj_path": "models/geo_data/hanging_exp/daily_5/base.urdf",
    "hook_pose": [
        0.5,
        -0.1,
        1.3,
        4.329780281177466e-17,
        0.7071067811865475,
        0.7071067811865476,
        4.329780281177467e-17
    ],
    "contact_info": [
        {
            "contact_point_hook": [
                0.004584371582848357,
                0.00642819743836176,
                0.02102660916252286,
                1.0
            ],
            "obj_pose": [
                0.4949224191603388,
                -0.07954020350875561,
                1.265775851547455,
                0.0026174969959927735,
                0.004166070014162975,
                -0.7748018430043513,
                0.6321850177338701
            ],
            "contact_point_obj": [
                -0.001033254073395648,
                0.00024154237415408009,
                0.040645440109691844,
                1.0
            ]
        }
    ]
}