{
    "hook_path": "models/hook_all_new_2/Hook_hsr_104_hard/base.urdf",
    "obj_path": "models/geo_data/hanging_exp/daily_5/base.urdf",
    "hook_pose": [
        0.5,
        -0.1,
        1.3,
        4.329780281177466e-17,
        0.7071067811865475,
        0.7071067811865476,
        4.329780281177467e-17
    ],
    "contact_info": [
        {
            "contact_point_hook": [
                -0.009399980599508861,
                -0.0027547641714154025,
                0.02072055185997772,
                1.0
            ],
            "obj_pose": [
                0.49960899007033777,
                -0.07577368012438873,
                1.260155716738099,
                0.05186577043505986,
                0.04935150183378869,
                -0.6786595536661614,
                0.7309552526260236
            ],
            "contact_point_obj": [
                -0.0011024421225529213,
                0.009834384154135845,
                0.03722708477655168,
                1.0
            ]
        }
    ]
}