{
    "hook_path": "models/hook_1120/Hook57#15/base.urdf",
    "obj_path": "models/geo_data/hanging_exp/daily_5/base.urdf",
    "hook_pose": [
        0.5,
        -0.1,
        1.3,
        0.0,
        0.0,
        -0.7071067811865475,
        0.7071067811865476
    ],
    "contact_info": [
        {
            "contact_point_hook": [
                -0.011746496315691801,
                0.0025313629125851556,
                -0.025010865264944337,
                1.0
            ],
            "contact_point_obj": [
                -0.002895188569251833,
                0.001108375893051905,
                0.041418591300277585,
                1.0
            ],
            "obj_pose": [
                0.5037758866914989,
                -0.09082806989489169,
                1.2335532434249574,
                0.02407824786838262,
                -0.01854796192554621,
                -0.7254489398629846,
                0.6876045714941612
            ]
        }
    ]
}