{
    "hook_path": "models/hook_1120/Hook122#22/base.urdf",
    "obj_path": "models/geo_data/hanging_exp/daily_5/base.urdf",
    "hook_pose": [
        0.5,
        -0.1,
        1.3,
        0.7071067811865476,
        -0.7071067811865475,
        -4.329780281177466e-17,
        4.329780281177467e-17
    ],
    "contact_info": [
        {
            "contact_point_hook": [
                -0.004689657390721913,
                -0.0008925898232931551,
                0.04088292122187909,
                1.0
            ],
            "contact_point_obj": [
                -0.002470450181875125,
                0.0002972924586941428,
                0.04118017017724518,
                1.0
            ],
            "obj_pose": [
                0.5025083594787415,
                -0.09695978891583099,
                1.2179264665219731,
                0.019581915822070296,
                -0.00738128899987088,
                -0.6469634890528959,
                0.7622337626856615
            ]
        }
    ]
}