{
    "hook_path": "models/hook_1120/Hook_skew#16/base.urdf",
    "obj_path": "models/geo_data/hanging_exp/daily_5/base.urdf",
    "hook_pose": [
        0.5,
        -0.1,
        1.3,
        4.329780281177466e-17,
        0.7071067811865475,
        0.7071067811865476,
        4.329780281177467e-17
    ],
    "contact_info": [
        {
            "contact_point_hook": [
                -0.0006182999609058992,
                0.0033327414237269704,
                0.017357970246024288,
                1.0
            ],
            "contact_point_obj": [
                0.0031832243300256025,
                0.0026305739562951236,
                0.04123260419512875,
                1.0
            ],
            "obj_pose": [
                0.49954342781633987,
                -0.07904182865147172,
                1.2620645492282683,
                0.08954707481181898,
                -0.026289263024285414,
                0.7023234315878909,
                0.7057138184029669
            ]
        }
    ]
}