{
    "hook_path": "models/hook/Hook1#19/base.urdf",
    "obj_path": "models/geo_data/hanging_exp/daily_5/base.urdf",
    "hook_pose": [
        0.5,
        -0.1,
        1.3,
        0.0,
        0.0,
        -0.7071067811865475,
        0.7071067811865476
    ],
    "contact_info": [
        {
            "contact_point_hook": [
                -0.010979114770266614,
                -0.003937701414150008,
                -0.007958686380988622,
                1.0
            ],
            "contact_point_obj": [
                0.001958897665082851,
                0.002123539803946972,
                0.04032043076903391,
                1.0
            ],
            "obj_pose": [
                0.5032640067800322,
                -0.0915921078798498,
                1.2523473839580286,
                -0.04783830994647968,
                -0.045873423396086695,
                0.6667045792510526,
                0.7423692673683797
            ]
        }
    ]
}