{
    "hook_path": "models/hook/Hook42#7/base.urdf",
    "obj_path": "models/geo_data/hanging_exp/daily_5/base.urdf",
    "hook_pose": [
        0.5,
        -0.1,
        1.3,
        0.0,
        0.0,
        -0.7071067811865475,
        0.7071067811865476
    ],
    "contact_info": [
        {
            "contact_point_hook": [
                -0.002593371677742859,
                -0.000761093391335177,
                -0.013079253632297227,
                1.0
            ],
            "contact_point_obj": [
                -0.001956277570290363,
                -0.0005301710629049272,
                0.04091791797156685,
                1.0
            ],
            "obj_pose": [
                0.49997660042786535,
                -0.09944895348682439,
                1.2460102485686402,
                -0.0007327909701019352,
                -0.0016110584247481094,
                -0.6788802937246412,
                0.7342468347228276
            ]
        }
    ]
}