{
    "hook_path": "models/hook_1120/Hook_skew#12/base.urdf",
    "obj_path": "models/geo_data/hanging_exp/daily_5/base.urdf",
    "hook_pose": [
        0.5,
        -0.1,
        1.3,
        4.329780281177466e-17,
        0.7071067811865475,
        0.7071067811865476,
        4.329780281177467e-17
    ],
    "contact_info": [
        {
            "contact_point_hook": [
                -0.014099460224066718,
                0.006783987560338822,
                0.007560105497357992,
                1.0
            ],
            "contact_point_obj": [
                -0.00475640398739785,
                -0.011405781762465594,
                0.0444608199081582,
                1.0
            ],
            "obj_pose": [
                0.5003493452515321,
                -0.08055031136886673,
                1.2643687556906777,
                0.07667596499751979,
                -0.03794605481297504,
                0.7026652123015853,
                0.7063586148246497
            ]
        }
    ]
}