{
    "hook_path": "models/hook/Hook47#13/base.urdf",
    "obj_path": "models/geo_data/hanging_exp/daily_5/base.urdf",
    "hook_pose": [
        0.5,
        -0.1,
        1.3,
        0.0,
        0.0,
        -0.7071067811865475,
        0.7071067811865476
    ],
    "contact_info": [
        {
            "contact_point_hook": [
                -0.005020842236547678,
                0.016725144042751383,
                -0.03646082330089895,
                1.0
            ],
            "contact_point_obj": [
                0.005022849371207075,
                0.010633984090276494,
                0.0400511328437787,
                1.0
            ],
            "obj_pose": [
                0.5264187633177317,
                -0.10182546061424921,
                1.2235196095083505,
                -0.0017117791537346234,
                0.0012556036693094402,
                0.6473972759071416,
                0.7621497624611365
            ]
        }
    ]
}