{
    "hook_path": "models/hook_1120/Hook57#4/base.urdf",
    "obj_path": "models/geo_data/hanging_exp/daily_5/base.urdf",
    "hook_pose": [
        0.5,
        -0.1,
        1.3,
        0.0,
        0.0,
        -0.7071067811865475,
        0.7071067811865476
    ],
    "contact_info": [
        {
            "contact_point_hook": [
                -0.008430171482361193,
                -0.0002586208137032586,
                -0.03228071344449979,
                1.0
            ],
            "contact_point_obj": [
                -0.002695233957522636,
                -0.00107924006866994,
                0.04125286722295596,
                1.0
            ],
            "obj_pose": [
                0.49850996960598715,
                -0.09461745988977605,
                1.226495219885756,
                -0.02441681249972139,
                0.01846816391269779,
                -0.6826389985142393,
                0.7301141992157965
            ]
        }
    ]
}