{
    "hook_path": "models/hook/Hook23#19/base.urdf",
    "obj_path": "models/geo_data/hanging_exp/daily_5/base.urdf",
    "hook_pose": [
        0.5,
        -0.1,
        1.3,
        0.0,
        0.0,
        -0.7071067811865475,
        0.7071067811865476
    ],
    "contact_info": [
        {
            "contact_point_hook": [
                -0.005627924871178647,
                -0.05027756637448311,
                0.0018260226705770766,
                1.0
            ],
            "contact_point_obj": [
                -0.002821866481173052,
                0.006198514575078751,
                0.039375436121164675,
                1.0
            ],
            "obj_pose": [
                0.44825965581206073,
                -0.1006566998125954,
                1.2623903376028682,
                0.008835454257227031,
                -0.044618949562549005,
                -0.5645681464667108,
                0.8241322054641147
            ]
        }
    ]
}