{
    "hook_path": "models/hook_1120/Hook35#10/base.urdf",
    "obj_path": "models/geo_data/hanging_exp/daily_5/base.urdf",
    "hook_pose": [
        0.5,
        -0.1,
        1.3,
        0.0,
        0.0,
        -0.7071067811865475,
        0.7071067811865476
    ],
    "contact_info": [
        {
            "contact_point_hook": [
                -0.005985853147547197,
                -0.004365428146167916,
                0.023253301439325247,
                1.0
            ],
            "contact_point_obj": [
                -0.0020029821795011053,
                -0.004176095258807466,
                0.04080573931467657,
                1.0
            ],
            "obj_pose": [
                0.5029996605213043,
                -0.09598589340092875,
                1.2828995190303834,
                0.025795045300282725,
                -0.02857873345098168,
                -0.6947859587647859,
                0.718185451771053
            ]
        }
    ]
}