{
    "hook_path": "models/hook_1120/Hook47#7/base.urdf",
    "obj_path": "models/geo_data/hanging_exp/daily_5/base.urdf",
    "hook_pose": [
        0.5,
        -0.1,
        1.3,
        0.0,
        0.0,
        -0.7071067811865475,
        0.7071067811865476
    ],
    "contact_info": [
        {
            "contact_point_hook": [
                -0.0026340913878827124,
                0.02140843872055609,
                -0.04181152911472141,
                1.0
            ],
            "contact_point_obj": [
                0.004459382025983043,
                0.011660174650755861,
                0.03681758883049868,
                1.0
            ],
            "obj_pose": [
                0.5370388044291478,
                -0.10012784279607731,
                1.2226998248754548,
                -0.026902298626849293,
                -0.04721856704538301,
                0.7228471699582503,
                0.6888676521205804
            ]
        }
    ]
}