{
    "hook_path": "models/hook/Hook44#0/base.urdf",
    "obj_path": "models/geo_data/hanging_exp/daily_5/base.urdf",
    "hook_pose": [
        0.5,
        -0.1,
        1.3,
        0.0,
        0.0,
        -0.7071067811865475,
        0.7071067811865476
    ],
    "contact_info": [
        {
            "contact_point_hook": [
                0.0011321847502824842,
                0.0039454446340077,
                -0.04402554304550299,
                1.0
            ],
            "contact_point_obj": [
                -0.0022330719274926587,
                0.004407274398683825,
                0.04010536667987363,
                1.0
            ],
            "obj_pose": [
                0.5013678477706808,
                -0.10279472437895822,
                1.2156824841710874,
                0.02221473093733924,
                -0.007087248944870098,
                -0.6769356898075258,
                0.7356727183310418
            ]
        }
    ]
}