{
    "hook_path": "models/hook/Hook124#2/base.urdf",
    "obj_path": "models/geo_data/hanging_exp/daily_5/base.urdf",
    "hook_pose": [
        0.5,
        -0.1,
        1.3,
        0.0,
        0.0,
        -0.7071067811865475,
        0.7071067811865476
    ],
    "contact_info": [
        {
            "contact_point_hook": [
                -0.0013625200083928338,
                0.00058174819823964,
                -0.002724871702559195,
                1.0
            ],
            "contact_point_obj": [
                -0.00028924548953872253,
                -0.000656067483688294,
                0.040645429578095804,
                1.0
            ],
            "obj_pose": [
                0.5051076276851323,
                -0.09934136661289199,
                1.25688223298677,
                0.03173028634352707,
                -0.03621768126690367,
                -0.7273626508327371,
                0.6845619348647576
            ]
        }
    ]
}