{
    "hook_path": "models/hook/Hook1/base.urdf",
    "obj_path": "models/geo_data/hanging_exp/daily_5/base.urdf",
    "hook_pose": [
        0.5,
        -0.1,
        1.3,
        0.0,
        0.0,
        -0.7071067811865475,
        0.7071067811865476
    ],
    "contact_info": [
        {
            "contact_point_hook": [
                -0.010454174749928463,
                0.0022595600649605307,
                -0.009322856863010376,
                1.0
            ],
            "contact_point_obj": [
                0.0019349816136826278,
                -0.005199737289298345,
                0.04029492066242435,
                1.0
            ],
            "object_pose": [
                0.49961790063519496,
                -0.09183181548930289,
                1.250152361373267,
                -0.022394618257240397,
                -0.02020434109066627,
                0.7268301216541492,
                0.686154676388946
            ]
        }
    ]
}