{
    "hook_path": "models/hook_1120/Hook_60#2/base.urdf",
    "obj_path": "models/geo_data/hanging_exp/daily_5/base.urdf",
    "hook_pose": [
        0.5,
        -0.1,
        1.3,
        4.329780281177466e-17,
        0.7071067811865475,
        0.7071067811865476,
        4.329780281177467e-17
    ],
    "contact_info": [
        {
            "contact_point_hook": [
                0.003869018951019876,
                0.001284153914087316,
                0.020196286840749676,
                1.0
            ],
            "contact_point_obj": [
                0.0007620848646141196,
                0.005878236065300524,
                0.03973731242358136,
                1.0
            ],
            "obj_pose": [
                0.4973177483530073,
                -0.07939382577342982,
                1.26112681327845,
                0.046514989531566776,
                0.03661111652068158,
                0.7639154927656211,
                0.6425955974083902
            ]
        }
    ]
}