{
    "hook_path": "models/hook/Hook2#15/base.urdf",
    "obj_path": "models/geo_data/hanging_exp/daily_5/base.urdf",
    "hook_pose": [
        0.5,
        -0.1,
        1.3,
        0.0,
        0.0,
        -0.7071067811865475,
        0.7071067811865476
    ],
    "contact_info": [
        {
            "contact_point_hook": [
                -0.006036492679553503,
                -0.006543299716156692,
                -0.013752300698282927,
                1.0
            ],
            "contact_point_obj": [
                -0.000670778268761052,
                -0.006383273189693395,
                0.03844113662337745,
                1.0
            ],
            "obj_pose": [
                0.4982322765136019,
                -0.09713012818184509,
                1.2476979458784954,
                -0.012044877369449912,
                0.004191330599765181,
                -0.8237082233662729,
                0.5668704582492694
            ]
        }
    ]
}