{
    "hook_path": "models/hook/Hook186#3/base.urdf",
    "obj_path": "models/geo_data/hanging_exp/daily_5/base.urdf",
    "hook_pose": [
        0.5,
        -0.1,
        1.3,
        -0.5,
        0.5,
        0.4999999999999999,
        0.5000000000000001
    ],
    "contact_info": [
        {
            "contact_point_hook": [
                -0.014634455292930282,
                0.0005549964550407571,
                0.004765055090890244,
                1.0
            ],
            "contact_point_obj": [
                -0.001465268194258025,
                0.004205357994934267,
                0.04062739311482333,
                1.0
            ],
            "obj_pose": [
                0.4996986253885355,
                -0.09185154739742502,
                1.2739047926956109,
                0.04177918371680112,
                0.017178304710178973,
                0.7797082475922317,
                0.624511372427991
            ]
        }
    ]
}