{
    "hook_path": "models/hook_1120/Hook145#23/base.urdf",
    "obj_path": "models/geo_data/hanging_exp/daily_5/base.urdf",
    "hook_pose": [
        0.5,
        -0.1,
        1.3,
        0.0,
        0.0,
        -0.7071067811865475,
        0.7071067811865476
    ],
    "contact_info": [
        {
            "contact_point_hook": [
                -0.03064101445788804,
                -0.0012347068680011453,
                0.061841223838539294,
                1.0
            ],
            "contact_point_obj": [
                -0.0014486045144807558,
                0.0013145046401769056,
                0.040485495203110844,
                1.0
            ],
            "obj_pose": [
                0.5054371149892285,
                -0.0686027407973037,
                1.3218685258270106,
                -0.03114054990756065,
                -0.0514697878303477,
                0.5250319156473301,
                0.8489538354020486
            ]
        }
    ]
}