{
    "hook_path": "models/hook/Hook145#17/base.urdf",
    "obj_path": "models/geo_data/hanging_exp/daily_5/base.urdf",
    "hook_pose": [
        0.5,
        -0.1,
        1.3,
        0.0,
        0.0,
        -0.7071067811865475,
        0.7071067811865476
    ],
    "contact_info": [
        {
            "contact_point_hook": [
                -0.0316631406800075,
                0.0044504270077978525,
                0.04968977344877312,
                1.0
            ],
            "contact_point_obj": [
                -0.0008647391784608605,
                -0.0035431995667820626,
                0.04053780302371357,
                1.0
            ],
            "obj_pose": [
                0.5000675328818318,
                -0.06875435787539351,
                1.3092270567203699,
                0.006735062060511232,
                0.006470720581191183,
                0.8120217754705309,
                0.5835524011396821
            ]
        }
    ]
}