{
    "hook_path": "models/hook_1120/Hook186#19/base.urdf",
    "obj_path": "models/geo_data/hanging_exp/daily_5/base.urdf",
    "hook_pose": [
        0.5,
        -0.1,
        1.3,
        -0.5,
        0.5,
        0.4999999999999999,
        0.5000000000000001
    ],
    "contact_info": [
        {
            "contact_point_hook": [
                -0.01773755488835338,
                0.0006770179248374864,
                0.007384107115460184,
                1.0
            ],
            "contact_point_obj": [
                0.0016693790351565985,
                0.0035372437184765793,
                0.0406148579516763,
                1.0
            ],
            "obj_pose": [
                0.49879842598822155,
                -0.09404692152315573,
                1.2769632663737898,
                0.03701379695627047,
                0.04056310517415341,
                0.8016585129300601,
                0.5952547706489004
            ]
        }
    ]
}