{
    "hook_path": "models/hook/Hook_skew/base.urdf",
    "obj_path": "models/geo_data/hanging_exp/bag_5/base.urdf",
    "hook_pose": [
        0.5,
        -0.1,
        1.3,
        4.329780281177466e-17,
        0.7071067811865475,
        0.7071067811865476,
        4.329780281177467e-17
    ],
    "contact_info": [
        {
            "contact_point_hook": [],
            "contact_point_obj": [],
            "obj_pose": [
                0.5011110631122543,
                -0.08262968482929027,
                1.2354056693833346,
                -0.5115709487981429,
                0.4642177240997721,
                0.5337648053917156,
                -0.4877419415044599
            ]
        }
    ],
    "initial_pose": [
        {
            "robot_pose": [
                0.4586818814277649,
                -0.0177800040692091,
                1.2638814449310303,
                0.7144716382026672,
                -0.03643001243472099,
                0.6972212195396423,
                0.04566952958703041
            ],
            "object_pose": [
                0.5086034877830259,
                -0.013162122428508187,
                1.2686073143213652,
                0.43982763296966776,
                -0.5255143815233763,
                -0.4624923224253064,
                0.5625718974371623
            ]
        },
        {
            "robot_pose": [
                0.46293142437934875,
                0.049678999930620193,
                1.2614104747772217,
                0.7138141393661499,
                -0.034803181886672974,
                0.6988340020179749,
                0.029819216579198837
            ],
            "object_pose": [
                0.5121925767663924,
                0.049506831641796284,
                1.266332249436745,
                0.45378140605106704,
                -0.5134530932330058,
                -0.4616669418229041,
                0.5633045281192598
            ]
        },
        {
            "robot_pose": [
                0.4639569818973541,
                0.10895384103059769,
                1.2606837749481201,
                0.7140633463859558,
                -0.021053357049822807,
                0.6992014050483704,
                0.028063690289855003
            ],
            "object_pose": [
                0.5131275629870174,
                0.10819295376677965,
                1.265472515140494,
                0.456168221323258,
                -0.507403417784088,
                -0.4538247458860543,
                0.5731452045487774
            ]
        }
    ]
}