{
    "hook_path": "models/hook/Hook_skew/base.urdf",
    "obj_path": "models/geo_data/hanging_exp/mug_19/base.urdf",
    "contact_info": [
        {
            "hook_pose": [
                0.5,
                -0.1,
                1.3,
                4.329780281177466e-17,
                0.7071067811865475,
                0.7071067811865476,
                4.329780281177467e-17
            ],
            "contact_point_hook": [
                0.0024843201183566976,
                0.005966680515445244,
                0.023424053560025835,
                1.0
            ],
            "obj_pose": [
                0.5056565634846834,
                -0.06628833335241505,
                1.252695885626199,
                0.5715868076158165,
                -0.570306857472245,
                0.3072490390580289,
                0.5036235078683381
            ],
            "contact_point_obj": [
                0.05152678380382558,
                0.018204490925050998,
                -0.0048449579980919255,
                1.0
            ]
        }
    ]
}