{
    "hook_path": "models/hook/Hook_skew/base.urdf",
    "obj_path": "models/geo_data/hanging_exp/mug_59/base.urdf",
    "hook_pose": [
        0.5,
        -0.1,
        1.3,
        4.329780281177466e-17,
        0.7071067811865475,
        0.7071067811865476,
        4.329780281177467e-17
    ],
    "contact_info": [
        {
            "contact_point_hook": [],
            "contact_point_obj": [],
            "obj_pose": [
                0.5144175004852469,
                -0.08545993957881459,
                1.2409578784620376,
                0.5131672735156075,
                -0.4999239166374685,
                0.4865395740451389,
                0.5000146696391872
            ]
        }
    ],
    "initial_pose": [
        {
            "robot_pose": [
                0.46662068367004395,
                0.03207908198237419,
                1.2921451330184937,
                0.7696418762207031,
                -0.05168333277106285,
                0.6363705992698669,
                0.00356204342097044
            ],
            "object_pose": [
                0.506862699782213,
                -0.016406999971414465,
                1.2762739964954253,
                -0.5204347051290669,
                0.5804381160403823,
                -0.4392393771546323,
                -0.4464393359702119
            ]
        },
        {
            "robot_pose": [
                0.46917298436164856,
                0.07538582384586334,
                1.293791651725769,
                0.7701374292373657,
                -0.04485803842544556,
                0.6362977027893066,
                -0.0011620058212429285
            ],
            "object_pose": [
                0.5102204562563597,
                0.027551102476372106,
                1.2780225693172569,
                -0.5247114818010326,
                0.5755669791990078,
                -0.44366764738059133,
                -0.44335034903523546
            ]
        },
        {
            "robot_pose": [
                0.46996617317199707,
                0.12818798422813416,
                1.2957450151443481,
                0.7708407640457153,
                -0.036543108522892,
                0.6359415650367737,
                -0.006888636853545904
            ],
            "object_pose": [
                0.5119724628521204,
                0.08116572050801897,
                1.2800658241719363,
                -0.5300276602429888,
                0.5695322612208703,
                -0.4488345586478126,
                -0.43960348243548825
            ]
        }
    ]
}