{
    "file": "models/everyday_objects/mug_19/base.urdf",
    "contact_pose": [
        -0.013866066907909078,
        0.05141468665754312,
        -0.001658539623609978,
        -0.4144643508837771,
        -0.5615212120778923,
        -0.421786007027322,
        0.5788003062447461
    ],
    "obj_pose": [
        0.49978592807415234,
        -0.05725096371708045,
        1.2477428254974001,
        0.6938807754771923,
        0.10616808273574226,
        -0.10949979724724035,
        0.7037525147622568
    ],
    "initial_pose": [
        {
            "robot_pose": [
                0.5071641802787781,
                0.11176589131355286,
                1.2483785152435303,
                0.7166462540626526,
                -0.059076547622680664,
                0.6944732666015625,
                0.025198424234986305
            ],
            "obj_pose": [
                0.5459376551273349,
                0.07303969610360028,
                1.2449888238243967,
                0.744512477685888,
                0.062160202466941906,
                -0.05261526248561607,
                0.6626227538749772
            ]
        },
        {
            "robot_pose": [
                0.4728057564068487,
                0.11104360677536676,
                1.2197812018212641,
                0.7236935710481879,
                -0.04115355682900598,
                0.6882805734618004,
                0.029049133875873913
            ],
            "obj_pose": [
                0.5123152701839885,
                0.07303969610360028,
                1.2167329810395022,
                0.7334633278257032,
                0.07577485134069935,
                -0.05405758704685348,
                0.6733256982484863
            ]
        },
        {
            "robot_pose": [
                0.4769700002431098,
                0.11226024056792921,
                1.2469381336483603,
                0.7119556795569049,
                -0.06946525547135525,
                0.6983535558892098,
                0.02441310315919389
            ],
            "obj_pose": [
                0.5152352531118335,
                0.07303969610360028,
                1.2434582097983025,
                0.7501555463001398,
                0.053070929757821614,
                -0.05211525666867226,
                0.6570647858408922
            ]
        },
        {
            "robot_pose": [
                0.4767902967277694,
                0.11175913769751614,
                1.2755689253834253,
                0.7197934663612291,
                -0.06879638573903764,
                0.6905590262200423,
                0.017107144675802613
            ],
            "obj_pose": [
                0.5154316443393702,
                0.07303969610360028,
                1.2708528197227404,
                0.7528181290710406,
                0.06472151702680101,
                -0.05582290712897013,
                0.6526559528690425
            ]
        },
        {
            "robot_pose": [
                0.5062484473135156,
                0.11325726852918977,
                1.275321621852775,
                0.7170716757407519,
                -0.06279763460923757,
                0.6925020097816268,
                0.048017032251503444
            ],
            "obj_pose": [
                0.5435404913140662,
                0.07303969610360028,
                1.2727837334309906,
                0.7362692787736808,
                0.04958678743822398,
                -0.06793841230533307,
                0.6714410411786511
            ]
        },
        {
            "robot_pose": [
                0.5407067865480477,
                0.11158318729903896,
                1.277679308267211,
                0.7255287434658595,
                -0.06630668389784643,
                0.6847872875927141,
                0.016668438041267972
            ],
            "obj_pose": [
                0.5794516611329532,
                0.07303969610360028,
                1.2724044115805402,
                0.7515895473168389,
                0.07177274701740013,
                -0.060437731763396584,
                0.6529235067976502
            ]
        },
        {
            "robot_pose": [
                0.5408142312506785,
                0.1105798859263143,
                1.2480684986326678,
                0.7149251900056233,
                -0.061162235372905806,
                0.6965113036235105,
                0.003627338458259966
            ],
            "obj_pose": [
                0.5806434766112171,
                0.07303969610360028,
                1.2437146592611952,
                0.7548040296050353,
                0.07039024533964629,
                -0.039694096051972425,
                0.6509535075499956
            ]
        },
        {
            "robot_pose": [
                0.5386730713666456,
                0.11301059668347699,
                1.2177800400905967,
                0.7131550118321363,
                -0.0782550089820842,
                0.6959782216100348,
                0.030006627808751355
            ],
            "obj_pose": [
                0.5761155002755661,
                0.07303969610360028,
                1.2139093580548297,
                0.7520537023028788,
                0.04736045664676622,
                -0.06067680888846289,
                0.6545918887840391
            ]
        },
        {
            "robot_pose": [
                0.5012155675984428,
                0.11073481641011376,
                1.2148627595493484,
                0.7133120844100438,
                -0.057382090281901214,
                0.6984329749441069,
                0.0091948605319976
            ],
            "obj_pose": [
                0.5409666971138976,
                0.07303969610360028,
                1.2111863261539244,
                0.7505735659433943,
                0.06776957889225269,
                -0.03937436472092171,
                0.6561221423535466
            ]
        }
    ]
}