{
    "hook_path": "models/hook/Hook2#0/base.urdf",
    "obj_path": "models/geo_data/hanging_exp/daily_5/base.urdf",
    "hook_pose": [
        0.5,
        -0.1,
        1.3,
        0.0,
        0.0,
        -0.7071067811865475,
        0.7071067811865476
    ],
    "contact_info": [
        {
            "contact_point_hook": [
                -0.004945357205699883,
                0.008487329141999345,
                -0.01343882418361031,
                1.0
            ],
            "contact_point_obj": [
                -0.006496336435455018,
                0.00722491777295553,
                0.03834080124919814,
                1.0
            ],
            "obj_pose": [
                0.4999129083627846,
                -0.09991306035584908,
                1.2482559026619309,
                0.0019309084889976738,
                0.023096634685810184,
                -0.7193725983021305,
                0.6942376263720074
            ]
        }
    ]
}