{
    "hook_path": "models/hook_1120/Hook35#5/base.urdf",
    "obj_path": "models/geo_data/hanging_exp/daily_5/base.urdf",
    "hook_pose": [
        0.5,
        -0.1,
        1.3,
        0.0,
        0.0,
        -0.7071067811865475,
        0.7071067811865476
    ],
    "contact_info": [
        {
            "contact_point_hook": [
                0.0012154405099422676,
                0.001802975804200857,
                0.0321163466607568,
                1.0
            ],
            "contact_point_obj": [
                -0.0017845526380942528,
                0.0023763550574097403,
                0.04065523241932256,
                1.0
            ],
            "obj_pose": [
                0.4916487384016393,
                -0.10067047343114717,
                1.292641366126226,
                -0.05521652433601838,
                0.07937365698617196,
                -0.7550036763254222,
                0.6485525474099908
            ]
        }
    ]
}