{
    "hook_path": "models/hook_1120/Hook209#15/base.urdf",
    "obj_path": "models/geo_data/hanging_exp/daily_5/base.urdf",
    "hook_pose": [
        0.5,
        -0.1,
        1.3,
        0.0,
        0.0,
        -0.7071067811865475,
        0.7071067811865476
    ],
    "contact_info": [
        {
            "contact_point_hook": [
                -0.005337298172386747,
                0.004552972293818569,
                -0.03316181278127228,
                1.0
            ],
            "contact_point_obj": [
                0.0016078757870814989,
                -0.005599389444194469,
                0.039864364349822434,
                1.0
            ],
            "obj_pose": [
                0.49899829153642455,
                -0.09567292003477627,
                1.2269479509124939,
                0.012595893287387019,
                -0.01045797204277041,
                0.7502160830307537,
                0.6609900173641343
            ]
        }
    ]
}