{
    "hook_path": "models/hook_1120/Hook_90#12/base.urdf",
    "obj_path": "models/geo_data/hanging_exp/daily_5/base.urdf",
    "hook_pose": [
        0.5,
        -0.1,
        1.3,
        4.329780281177466e-17,
        0.7071067811865475,
        0.7071067811865476,
        4.329780281177467e-17
    ],
    "contact_info": [
        {
            "contact_point_hook": [
                -0.002575805926463115,
                -0.0005640207972872346,
                0.023876119489986528,
                1.0
            ],
            "contact_point_obj": [
                -0.006948583205463071,
                -0.000617190937227563,
                0.04500575873036117,
                1.0
            ],
            "obj_pose": [
                0.4957498105098381,
                -0.08072083952744266,
                1.2546424996942396,
                -0.0364466374869553,
                0.06534093170152333,
                -0.7600350899686263,
                0.6455608935465759
            ]
        }
    ]
}