{
    "hook_path": "models/hook_1120/Hook_skew#3/base.urdf",
    "obj_path": "models/geo_data/hanging_exp/daily_5/base.urdf",
    "hook_pose": [
        0.5,
        -0.1,
        1.3,
        4.329780281177466e-17,
        0.7071067811865475,
        0.7071067811865476,
        4.329780281177467e-17
    ],
    "contact_info": [
        {
            "contact_point_hook": [
                -0.014184869652270171,
                0.005523255147822814,
                0.007514895519951026,
                1.0
            ],
            "contact_point_obj": [
                -0.004809869192081234,
                -0.012211253392267474,
                0.04444610431122942,
                1.0
            ],
            "obj_pose": [
                0.49840892708263324,
                -0.08059806423152314,
                1.263600425452426,
                0.08659210065236168,
                -0.027957779119327574,
                0.702858259458852,
                0.7054859586142019
            ]
        }
    ]
}