{
    "hook_path": "models/hook/Hook40/base.urdf",
    "obj_path": "models/geo_data/hanging_exp/daily_5/base.urdf",
    "hook_pose": [
        0.5,
        -0.1,
        1.3,
        0.0,
        0.0,
        -0.7071067811865475,
        0.7071067811865476
    ],
    "contact_info": [
        {
            "contact_point_hook": [
                0.007434223213541673,
                -0.004766529074962833,
                -0.04652399250169803,
                1.0
            ],
            "contact_point_obj": [
                -0.0003477674840489781,
                0.004776848026121883,
                0.04053073898950865,
                1.0
            ],
            "object_pose": [
                0.499938443671004,
                -0.10692635348136383,
                1.2129385517059346,
                0.0014366937715090213,
                -0.000279991630920842,
                0.7116917106733949,
                0.7024904031191247
            ]
        }
    ]
}