{
    "hook_path": "models/hook_1120/Hook_90#20/base.urdf",
    "obj_path": "models/geo_data/hanging_exp/daily_5/base.urdf",
    "hook_pose": [
        0.5,
        -0.1,
        1.3,
        4.329780281177466e-17,
        0.7071067811865475,
        0.7071067811865476,
        4.329780281177467e-17
    ],
    "contact_info": [
        {
            "contact_point_hook": [
                -0.0005843419415302309,
                -0.003660547082557697,
                0.024579314311755713,
                1.0
            ],
            "contact_point_obj": [
                -0.0016441962590277859,
                0.00017087753514444248,
                0.04063877815631711,
                1.0
            ],
            "obj_pose": [
                0.5027090589414266,
                -0.07967478062884502,
                1.2559459989376789,
                -0.005988590158392831,
                -0.04108804706360714,
                -0.6721465020823421,
                0.7392529938491191
            ]
        }
    ]
}