{
    "hook_path": "models/hook_1120/Hook186#7/base.urdf",
    "obj_path": "models/geo_data/hanging_exp/daily_5/base.urdf",
    "hook_pose": [
        0.5,
        -0.1,
        1.3,
        -0.5,
        0.5,
        0.4999999999999999,
        0.5000000000000001
    ],
    "contact_info": [
        {
            "contact_point_hook": [
                -0.011844016005750468,
                -0.0040534115417277805,
                0.007563049379270521,
                1.0
            ],
            "contact_point_obj": [
                0.002226886284560581,
                -0.002513411679006039,
                0.04075764270658544,
                1.0
            ],
            "obj_pose": [
                0.49751773000396904,
                -0.09420614804694943,
                1.271512681945317,
                0.04448436088130843,
                0.028865240893533064,
                0.7395875015153807,
                0.6709681565524378
            ]
        }
    ]
}