{
    "hook_path": "models/hook/Hook35#2/base.urdf",
    "obj_path": "models/geo_data/hanging_exp/daily_5/base.urdf",
    "hook_pose": [
        0.5,
        -0.1,
        1.3,
        0.0,
        0.0,
        -0.7071067811865475,
        0.7071067811865476
    ],
    "contact_info": [
        {
            "contact_point_hook": [
                -0.0006610618589762289,
                -0.004419819804453162,
                0.023090245266660148,
                1.0
            ],
            "contact_point_obj": [
                -0.006014919994448281,
                -0.006935127095845872,
                0.041152340020902844,
                1.0
            ],
            "obj_pose": [
                0.49413862776504736,
                -0.10891979306194893,
                1.2820546572344962,
                -0.07745226662861968,
                0.02936807278074529,
                -0.7920903913561579,
                0.6047573683854398
            ]
        }
    ]
}