{
    "hook_path": "models/hook/Hook_bar/base.urdf",
    "obj_path": "models/geo_data/mug/184/base.urdf",
    "hook_pose": [
        0.8,
        -0.2,
        1.0,
        4.329780281177466e-17,
        0.7071067811865475,
        0.7071067811865476,
        4.329780281177467e-17
    ],
    "contact_info": [
        {
            "contact_pose": [
                [
                    -0.02976454710860023,
                    -0.01163819694524576,
                    0.02259362702331345
                ],
                [
                    -0.001379829659636192,
                    0.685525417928907,
                    -0.7280473868118116
                ],
                [
                    0.9999985409064753,
                    0.00021268913539689293,
                    -0.0016949773603442005
                ],
                [
                    -0.0010071022941010224,
                    -0.7280486633026181,
                    -0.6855247111579861
                ]
            ],
            "object_pose": [
                0.7997448306134166,
                -0.1120897079798926,
                0.9643922435832671,
                -0.368748725690017,
                0.000213660196464606,
                0.9295287234697087,
                0.0008269800981789117
            ]
        },
        {
            "contact_pose": [
                [
                    0.010304012347736908,
                    -0.027297935914587554,
                    -0.0030664938166619273
                ],
                [
                    -0.00013895642282876633,
                    -0.9992580481360186,
                    -0.03851407439504645
                ],
                [
                    0.9999993200354647,
                    -0.0001834468055508203,
                    0.0011516405159636462
                ],
                [
                    -0.0011578513380527081,
                    -0.038513888178995315,
                    0.999257394167096
                ]
            ],
            "object_pose": [
                0.8005116358049333,
                -0.12773732994542059,
                0.9685127378667724,
                0.6933562139083747,
                0.0004653441163804734,
                0.720594768682355,
                -0.0003513361937759503
            ]
        },
        {
            "contact_pose": [
                [
                    0.039337627107233916,
                    0.015908024480233263,
                    0.0010861815490885527
                ],
                [
                    0.27190906278478066,
                    -0.8072590329656837,
                    -0.5238304260644007
                ],
                [
                    -0.26576692541915614,
                    -0.586162675307183,
                    0.7653634819025368
                ],
                [
                    -0.9248964282171009,
                    -0.06889246527767284,
                    -0.37392569489032673
                ]
            ],
            "object_pose": [
                0.8090797521648536,
                -0.1228513212629772,
                0.9378002169515737,
                0.1880891964193919,
                0.6558782063397678,
                0.5759678736533222,
                -0.4502302090687686
            ]
        },
        {
            "contact_pose": [
                [
                    0.0310707658981456,
                    0.027773411238072143,
                    6.719459709645702e-05
                ],
                [
                    0.21570773104028487,
                    -0.9511794410274128,
                    0.22074384642891104
                ],
                [
                    -0.739717627131154,
                    -0.306749599480889,
                    -0.5989344833366747
                ],
                [
                    0.6374072535521598,
                    -0.034093315841858526,
                    -0.7697724591942738
                ]
            ],
            "object_pose": [
                0.8030179654379098,
                -0.13409203552585422,
                0.9369321632888992,
                0.334265202891319,
                -0.6092783569232507,
                0.13567593954142496,
                0.7061435387727348
            ]
        }
    ]
}