{
    "hook_path": "models/hook/Hook_bar/base.urdf",
    "obj_path": "models/geo_data/mug/100/base.urdf",
    "hook_pose": [
        0.8,
        -0.2,
        1.0,
        4.329780281177466e-17,
        0.7071067811865475,
        0.7071067811865476,
        4.329780281177467e-17
    ],
    "contact_info": [
        {
            "contact_pose": [
                [
                    0.0134340003132821,
                    -0.025124939792526765,
                    -0.014832000248134037
                ],
                [
                    -0.004856648982791479,
                    -0.5348808592410236,
                    0.8449135336697138
                ],
                [
                    0.9999666475035469,
                    0.002950418482384787,
                    0.007615701628608828
                ],
                [
                    -0.006566341536589717,
                    0.8449223404836466,
                    0.5348486904821416
                ]
            ],
            "object_pose": [
                0.7927135513254635,
                -0.12490343796885961,
                0.9658844930559811,
                0.9604429344912829,
                0.0032465100641316416,
                0.27844693091780826,
                -0.002477179975303592
            ]
        },
        {
            "contact_pose": [
                [
                    0.0041822672992122036,
                    0.03663200139999391,
                    0.024601580880562787
                ],
                [
                    -0.2149409478391905,
                    -0.9462824627164904,
                    -0.24155721826764803
                ],
                [
                    0.9410327680171504,
                    -0.13450565810421136,
                    -0.31042802298750827
                ],
                [
                    0.26126178147591805,
                    -0.29403695123770884,
                    0.9193935788588382
                ]
            ],
            "object_pose": [
                0.7989627304483606,
                -0.10420188097359362,
                0.9649582576922516,
                0.5927559781461073,
                -0.04027250616980759,
                0.7868651309980808,
                0.16691836698885956
            ]
        }
    ]
}