{
    "hook_path": "models/hook/Hook_bar/base.urdf",
    "obj_path": "models/geo_data/mug/147/base.urdf",
    "hook_pose": [
        0.8,
        -0.2,
        1.0,
        4.329780281177466e-17,
        0.7071067811865475,
        0.7071067811865476,
        4.329780281177467e-17
    ],
    "contact_info": [
        {
            "contact_pose": [
                [
                    -0.01144481767643848,
                    -0.0070109058554064674,
                    -0.0331148188188487
                ],
                [
                    -0.021261654042753778,
                    0.1869311168245747,
                    0.9821429120194696
                ],
                [
                    0.9996775460419995,
                    -0.009666570959456168,
                    0.023481084841461476
                ],
                [
                    0.013883299565030103,
                    0.9823254628526144,
                    -0.18666531285856147
                ]
            ],
            "object_pose": [
                0.7958925430903867,
                -0.1101928796660104,
                0.9601080899910563,
                0.9955081517639727,
                0.011236155827788594,
                -0.09382053502554166,
                0.005914032567879405
            ]
        },
        {
            "contact_pose": [
                [
                    -0.043017998337745576,
                    -0.009662017956436274,
                    0.015367685451537938
                ],
                [
                    0.029555207982279574,
                    0.6154075586976491,
                    -0.7876547634458411
                ],
                [
                    0.9988702992083518,
                    0.01115075068361788,
                    0.04619292281951373
                ],
                [
                    0.037210415753414466,
                    -0.7881301906772709,
                    -0.6143827695357891
                ]
            ],
            "object_pose": [
                0.789426870836111,
                -0.1090047513435112,
                0.9597120224495168,
                -0.325225054802532,
                -0.012789385835707016,
                0.9453379360487264,
                -0.020032024505014935
            ]
        },
        {
            "contact_pose": [
                [
                    0.04466203222676333,
                    -0.0022316828084273255,
                    -0.0030190602398089956
                ],
                [
                    -0.022580718299294644,
                    -0.8732765782232474,
                    -0.4867012729465418
                ],
                [
                    0.21114459900089788,
                    -0.4800099096104683,
                    0.8514742773498798
                ],
                [
                    -0.9771939774035848,
                    -0.083537444313591,
                    0.19522660147560766
                ]
            ],
            "object_pose": [
                0.8185758503233701,
                -0.11336846812520938,
                0.9416059961976976,
                0.40028298794127043,
                0.5458981657855366,
                0.667342362708421,
                -0.3105203585782063
            ]
        },
        {
            "contact_pose": [
                [
                    0.0112762333030195,
                    -0.022007212552300412,
                    -0.02058880222464854
                ],
                [
                    -0.0003080181112384978,
                    -0.2376211177006495,
                    0.9713578689378788
                ],
                [
                    0.9999999412886988,
                    7.2665613180049e-05,
                    0.0003348765555708933
                ],
                [
                    -0.00015015805659013596,
                    0.9713579150562386,
                    0.23762108136727958
                ]
            ],
            "object_pose": [
                0.7897313787105833,
                -0.12091485070025017,
                0.9643461880591643,
                0.9928136438026545,
                0.00016188704466907534,
                0.11967054492917376,
                -5.610913769192633e-05
            ]
        }
    ]
}