{
    "hook_path": "models/hook/Hook_bar/base.urdf",
    "obj_path": "models/geo_data/mug/149/base.urdf",
    "hook_pose": [
        0.8,
        -0.2,
        1.0,
        4.329780281177466e-17,
        0.7071067811865475,
        0.7071067811865476,
        4.329780281177467e-17
    ],
    "contact_info": [
        {
            "contact_pose": [
                [
                    -0.04571436671171165,
                    -0.016597408716083888,
                    -0.004002647743951597
                ],
                [
                    -0.004490367825815837,
                    0.9987446611887908,
                    -0.0498892608050705
                ],
                [
                    0.9999695410738334,
                    0.00480317662271034,
                    0.006151944320125022
                ],
                [
                    0.006383848476878785,
                    -0.04986011673891777,
                    -0.9987358085286647
                ]
            ],
            "object_pose": [
                0.7959564872281407,
                -0.11912944280467436,
                0.9584100372082516,
                -0.6892423673008365,
                -0.0038601487121350175,
                0.7245203445414459,
                -0.0005733367278184607
            ]
        },
        {
            "contact_pose": [
                [
                    -0.042654000222683126,
                    0.015379999764263637,
                    -0.015294999815523685
                ],
                [
                    1.294402035386874e-05,
                    0.9878400234955891,
                    -0.15547375280955322
                ],
                [
                    0.9999627684565714,
                    -0.001354386204146758,
                    -0.008522167487147762
                ],
                [
                    -0.008629109636649574,
                    -0.1554678539706641,
                    -0.9878032622180566
                ]
            ],
            "object_pose": [
                0.786838123861543,
                -0.12339125565465309,
                0.9617240393572386,
                -0.6498117345963279,
                0.003283686279074262,
                0.7600829519264309,
                0.0027987811873780547
            ]
        },
        {
            "contact_pose": [
                [
                    -0.042654000222682904,
                    0.015379999764263581,
                    -0.015294999815523574
                ],
                [
                    0.009461720859413283,
                    0.985832694621875,
                    -0.16746454565952545
                ],
                [
                    0.9989789805465268,
                    -0.01671747188246829,
                    -0.041970496304910614
                ],
                [
                    -0.04417547130026093,
                    -0.16689644798027198,
                    -0.9849843163152232
                ]
            ],
            "object_pose": [
                0.7865272073527204,
                -0.12649223988027114,
                0.9618944044391277,
                -0.6451003772489071,
                0.019931866023572005,
                0.7637637026898968,
                0.010640979445280257
            ]
        },
        {
            "contact_pose": [
                [
                    0.04454899951815599,
                    0.014442999847233094,
                    -0.00723699992522595
                ],
                [
                    -0.00869710064018775,
                    -0.9978854726649893,
                    0.06441229606701804
                ],
                [
                    0.09456536972009794,
                    -0.06494681322714463,
                    -0.993397857004604
                ],
                [
                    0.9954806634436228,
                    -0.002548508546017847,
                    0.09493025763177537
                ]
            ],
            "object_pose": [
                0.810311608375403,
                -0.1293698685038213,
                0.9356466299249712,
                0.5376869807892641,
                -0.4578410820543702,
                0.5081096294597992,
                0.49305056406339753
            ]
        },
        {
            "contact_pose": [
                [
                    -0.04566761108135448,
                    -0.01552240985879929,
                    -0.004189613859549472
                ],
                [
                    -0.006315208767920681,
                    0.9452657668227625,
                    -0.3262403227855079
                ],
                [
                    0.9999567902544269,
                    0.0037439243223118665,
                    -0.008508857428163909
                ],
                [
                    -0.006821712562223379,
                    -0.3262799612351999,
                    -0.9452485657931858
                ]
            ],
            "object_pose": [
                0.7917471046975089,
                -0.11541240277978625,
                0.9590962241579244,
                -0.5803956638005058,
                0.000944893629062859,
                0.8143213546068798,
                0.004551049199502151
            ]
        }
    ]
}