{
    "hook_path": "models/hook/Hook_bar/base.urdf",
    "obj_path": "models/geo_data/mug/80/base.urdf",
    "hook_pose": [
        0.8,
        -0.2,
        1.0,
        4.329780281177466e-17,
        0.7071067811865475,
        0.7071067811865476,
        4.329780281177467e-17
    ],
    "contact_info": [
        {
            "contact_pose": [
                [
                    0.03738223244888439,
                    0.022404769509315713,
                    -0.0009721246180444342
                ],
                [
                    -0.0065733778673174315,
                    -0.9518804942631691,
                    0.306398948015032
                ],
                [
                    -0.0024136695461869917,
                    -0.3063895721499995,
                    -0.951903148580286
                ],
                [
                    0.9999754821508052,
                    -0.006996764898515029,
                    -0.0002835105282647521
                ]
            ],
            "object_pose": [
                0.8016339567147899,
                -0.15503100972323355,
                0.9285987006843742,
                0.5694270176173436,
                -0.41503552758548273,
                0.41778707116702885,
                0.5735436736770213
            ]
        },
        {
            "contact_pose": [
                [
                    0.037046605130722554,
                    0.02235900373020091,
                    -0.0018686013463709793
                ],
                [
                    -0.00809279635058624,
                    -0.9369025141287619,
                    0.34949704672061677
                ],
                [
                    -0.0012706012705546443,
                    -0.34949857546812524,
                    -0.9369360337387832
                ],
                [
                    0.9999664455468689,
                    -0.008026503906192223,
                    0.0016379912712456424
                ]
            ],
            "object_pose": [
                0.7989599381445067,
                -0.13963459886405438,
                0.9286957010640396,
                0.5788350243255563,
                -0.401169244410556,
                0.40535751378105134,
                0.5828366306044438
            ]
        },
        {
            "contact_pose": [
                [
                    -0.02150070126011128,
                    -0.010332874949817362,
                    0.024319657688714892
                ],
                [
                    -0.011028057566581427,
                    -0.058585842454743825,
                    -0.9982214589008674
                ],
                [
                    0.9999363202678947,
                    0.001745182976825928,
                    -0.011149428033754823
                ],
                [
                    0.002395277731422201,
                    -0.9982808489599735,
                    0.058562865745658485
                ]
            ],
            "object_pose": [
                0.7979837746304992,
                -0.11144960807193552,
                0.9684424727590618,
                0.029300223578727882,
                -0.0010355762887549413,
                0.9995547293831308,
                0.0055468412455071245
            ]
        }
    ]
}