{
    "hook_path": "models/hook/Hook_bar/base.urdf",
    "obj_path": "models/geo_data/mug/181/base.urdf",
    "hook_pose": [
        0.8,
        -0.2,
        1.0,
        4.329780281177466e-17,
        0.7071067811865475,
        0.7071067811865476,
        4.329780281177467e-17
    ],
    "contact_info": [
        {
            "contact_pose": [
                [
                    -0.027248747449672286,
                    -0.019348975033761852,
                    -0.022463331625341913
                ],
                [
                    -0.04399624236703176,
                    0.7194094378605774,
                    0.6931914536220924
                ],
                [
                    0.9970844630702955,
                    0.07492110363462753,
                    -0.014470719884996744
                ],
                [
                    -0.06234504119336227,
                    0.6905337710404158,
                    -0.7206082201108316
                ]
            ],
            "object_pose": [
                0.7988498579954268,
                -0.12067638303505737,
                0.9625189747617675,
                0.9193489119660723,
                0.008028921908139655,
                -0.3915862735106363,
                -0.03732699931477579
            ]
        },
        {
            "contact_pose": [
                [
                    0.045637995161669,
                    0.01932152163461744,
                    -0.003848692127721868
                ],
                [
                    0.08396147374410412,
                    -0.858748087689577,
                    -0.5054722473254223
                ],
                [
                    -0.0721724528758047,
                    -0.5111718368912546,
                    0.8564429287553903
                ],
                [
                    -0.9938519044468386,
                    -0.03542703852589818,
                    -0.10489669665283391
                ]
            ],
            "object_pose": [
                0.806779760424881,
                -0.1335720909921866,
                0.9350457931859326,
                0.31101778939189106,
                0.6209302822530338,
                0.6059552031659428,
                -0.387984292232392
            ]
        },
        {
            "contact_pose": [
                [
                    0.042969512271939125,
                    0.024558674848476642,
                    0.0019791659432559856
                ],
                [
                    -0.078623961932544,
                    -0.94121060000625,
                    0.32854357252258737
                ],
                [
                    0.1653811845622844,
                    -0.3373117920987654,
                    -0.9267522963035457
                ],
                [
                    0.9830907060911549,
                    -0.01853001206135746,
                    0.18217931345298355
                ]
            ],
            "object_pose": [
                0.8042947886918578,
                -0.1310003225940507,
                0.9351313961584872,
                0.6073291416158775,
                -0.34912219596216265,
                0.46243043371437353,
                0.5435283801287796
            ]
        },
        {
            "contact_pose": [
                [
                    0.04144483134044241,
                    0.02666939376497914,
                    0.002213491064280156
                ],
                [
                    0.14205247012576883,
                    -0.8793267744922937,
                    -0.45453879855535617
                ],
                [
                    -0.26394681569860745,
                    -0.4762181699035023,
                    0.8387778806909042
                ],
                [
                    -0.954019483141583,
                    0.0008235986511566651,
                    -0.2997434694393339
                ]
            ],
            "object_pose": [
                0.8021956020032819,
                -0.13597466884377052,
                0.9352547068190178,
                0.2656774286598286,
                0.6556121591507285,
                0.5453825226860484,
                -0.44960661096454496
            ]
        },
        {
            "contact_pose": [
                [
                    -0.0401968885765942,
                    -0.011077268177560778,
                    0.0025851833734070813
                ],
                [
                    -0.07471366097678178,
                    0.9457445347332621,
                    -0.3162042755650406
                ],
                [
                    0.9972048495543777,
                    0.07104803147646438,
                    -0.023122829596532692
                ],
                [
                    0.0005974016048483147,
                    -0.31704802829458656,
                    -0.9484092950123578
                ]
            ],
            "object_pose": [
                0.7945543960643651,
                -0.1123004291770627,
                0.961764628484122,
                -0.5839418947324191,
                -0.022087313757428582,
                0.8109342071669571,
                0.03016166099192917
            ]
        },
        {
            "contact_pose": [
                [
                    -0.026589212988672003,
                    -0.010479371098420448,
                    0.02407123171185655
                ],
                [
                    0.00016204470068319557,
                    0.5090811026497045,
                    -0.8607185397483175
                ],
                [
                    0.9965400921714415,
                    0.0714549402184902,
                    0.04245039709245309
                ],
                [
                    0.08311328676240605,
                    -0.8577474117963475,
                    -0.5073081500628757
                ]
            ],
            "object_pose": [
                0.7991449232407667,
                -0.11204002433798697,
                0.9626396690726692,
                -0.2636636781141728,
                -0.0400968695178579,
                0.9637175472767042,
                -0.011054183332437892
            ]
        },
        {
            "contact_pose": [
                [
                    -0.025277779757060633,
                    -0.01867363459857674,
                    -0.023536379918000776
                ],
                [
                    -0.05807632534540398,
                    0.7913924871673549,
                    0.6085434016481013
                ],
                [
                    0.9972859600924395,
                    0.07362329872749583,
                    -0.0005689349547597262
                ],
                [
                    -0.045253223497068396,
                    0.6068587489190129,
                    -0.7935203870245392
                ]
            ],
            "object_pose": [
                0.7968078229157117,
                -0.12024954258255809,
                0.9627491676990416,
                0.8961986541302595,
                0.01604203212245779,
                -0.4421209703026212,
                -0.03316132022646564
            ]
        }
    ]
}