{
    "hook_path": "models/hook/Hook_bar/base.urdf",
    "obj_path": "models/geo_data/mug/112/base.urdf",
    "hook_pose": [
        0.8,
        -0.2,
        1.0,
        4.329780281177466e-17,
        0.7071067811865475,
        0.7071067811865476,
        4.329780281177467e-17
    ],
    "contact_info": [
        {
            "contact_pose": [
                [
                    -0.01466299965977671,
                    -0.0011725143518904087,
                    -0.030419999733567127
                ],
                [
                    -0.1556896583969294,
                    0.3370450685741835,
                    0.9285264412056728
                ],
                [
                    0.9825097473729407,
                    -0.04437105742815083,
                    0.18084746495283843
                ],
                [
                    0.10215344627279008,
                    0.9404423592185394,
                    -0.32424195040441717
                ]
            ],
            "object_pose": [
                0.7968653276078403,
                -0.10521933341135602,
                0.9629399898709363,
                0.9812592098672441,
                0.08574113750109372,
                -0.16847918784580557,
                0.037330733364725414
            ]
        },
        {
            "contact_pose": [
                [
                    0.04739824470037752,
                    0.009744458912238085,
                    -0.0035084431753670256
                ],
                [
                    0.13298949575445906,
                    -0.7140757217820445,
                    -0.6873206366612507
                ],
                [
                    -0.212230595377622,
                    -0.6979122108377404,
                    0.6840151462864237
                ],
                [
                    -0.9681280743809854,
                    0.05490363854089947,
                    -0.2443637085786993
                ]
            ],
            "object_pose": [
                0.8239886234204407,
                -0.139904844155985,
                0.937744785856438,
                0.19707384815217538,
                0.6990090969686611,
                0.5958578695340713,
                -0.3427850347431579
            ]
        },
        {
            "contact_pose": [
                [
                    0.04404023964376561,
                    0.019113077942622413,
                    -0.0014149999478831876
                ],
                [
                    0.16185147336193678,
                    -0.7688339641485513,
                    -0.6186262491538768
                ],
                [
                    -0.10762816388094543,
                    -0.6369051995717884,
                    0.7633923926121067
                ],
                [
                    -0.98092827409051,
                    -0.05697457617257551,
                    -0.1858322328331895
                ]
            ],
            "object_pose": [
                0.8160523086528625,
                -0.14156977541492305,
                0.9355080785083517,
                0.23279336910262408,
                0.6460030644010613,
                0.6260935755630916,
                -0.36945111006046666
            ]
        },
        {
            "contact_pose": [
                [
                    0.0030879999976605507,
                    0.03841999918222418,
                    -0.031284999102354105
                ],
                [
                    -0.10876847647074045,
                    -0.859704510691772,
                    -0.499076720377193
                ],
                [
                    0.38899732752044575,
                    -0.4988291462813303,
                    0.7745002014216589
                ],
                [
                    -0.9147953310485275,
                    -0.10989830351948143,
                    0.3886796433765922
                ]
            ],
            "object_pose": [
                0.8114471849784405,
                -0.14627020081524006,
                0.9335842864931202,
                0.44159435674150416,
                0.5000452702849177,
                0.7067482492757092,
                -0.23549111215810392
            ]
        }
    ]
}