{
    "hook_path": "models/hook/Hook_bar/base.urdf",
    "obj_path": "models/geo_data/mug/173/base.urdf",
    "hook_pose": [
        0.8,
        -0.2,
        1.0,
        4.329780281177466e-17,
        0.7071067811865475,
        0.7071067811865476,
        4.329780281177467e-17
    ],
    "contact_info": [
        {
            "contact_pose": [
                [
                    0.04312299109321919,
                    -0.0020463914458368803,
                    -0.002377094584776003
                ],
                [
                    0.1996386677311142,
                    -0.9260041281969311,
                    -0.320407173622545
                ],
                [
                    -0.6918882843257065,
                    -0.3647607107937101,
                    0.6230892599572697
                ],
                [
                    -0.6938551753495656,
                    0.09729325990791624,
                    -0.7135117498802066
                ]
            ],
            "object_pose": [
                0.8103545580369139,
                -0.14620737818985208,
                0.9370609911017379,
                -0.1457719125549096,
                -0.726221164290908,
                -0.3644261342813254,
                0.5643996480321469
            ]
        },
        {
            "contact_pose": [
                [
                    0.04174499958753578,
                    0.011090000160038662,
                    0.00040099999750964224
                ],
                [
                    -0.0011312144069932084,
                    -0.9881563901674223,
                    -0.15344598047930252
                ],
                [
                    0.057323674230053884,
                    0.1531296812526906,
                    -0.9865420908872646
                ],
                [
                    0.9983550053596828,
                    -0.009912078023223636,
                    0.05647153249673209
                ]
            ],
            "object_pose": [
                0.8187042337755154,
                -0.14374825725773593,
                0.9392098031307208,
                0.4727487746487366,
                -0.5211070495171853,
                0.5524223322632287,
                0.4469738312568945
            ]
        },
        {
            "contact_pose": [
                [
                    0.04271594899072798,
                    0.005745884582837725,
                    -0.00039765146181439234
                ],
                [
                    -0.020898924094050197,
                    -0.9299840693988364,
                    -0.3670052664963964
                ],
                [
                    0.20582190628393582,
                    -0.3632245070129221,
                    0.9086832783752907
                ],
                [
                    -0.9783662800124284,
                    -0.0565472207062343,
                    0.19900209537852254
                ]
            ],
            "object_pose": [
                0.810593374148952,
                -0.1235814476775714,
                0.9369040572861078,
                0.44222997950198517,
                0.5255083585220662,
                0.638234751773704,
                -0.3477499273637242
            ]
        },
        {
            "contact_pose": [
                [
                    0.042877059324252044,
                    0.007642938247524901,
                    0.0017656558549677668
                ],
                [
                    -0.1914343728883915,
                    -0.8599882148579665,
                    -0.47304666913766213
                ],
                [
                    -0.36676825541257774,
                    -0.38436761545246956,
                    0.8471968974288072
                ],
                [
                    -0.910403167667184,
                    0.3356811083406259,
                    -0.24183520381608342
                ]
            ],
            "object_pose": [
                0.8159515931754929,
                -0.13845065720665026,
                0.9403782311295072,
                0.3520888324664623,
                0.7374781408439958,
                0.4389183595455021,
                -0.3735105346353333
            ]
        },
        {
            "contact_pose": [
                [
                    0.04174499958753589,
                    0.01109000016003844,
                    0.00040099999750969775
                ],
                [
                    0.18086974946371326,
                    -0.9481157505376492,
                    -0.26146253519646623
                ],
                [
                    0.1483373175637167,
                    0.289103980202862,
                    -0.9457351261578815
                ],
                [
                    0.9722562285462276,
                    0.13227022421275658,
                    0.19293111164291887
                ]
            ],
            "object_pose": [
                0.8231461648318827,
                -0.1309388317063734,
                0.9425970568700828,
                0.5047635601397963,
                -0.5579864339402675,
                0.5651392811837243,
                0.3383525982710419
            ]
        },
        {
            "contact_pose": [
                [
                    0.04308015716964501,
                    0.0033804309494341557,
                    5.677775824661102e-05
                ],
                [
                    0.005763835434095477,
                    -0.973423615305226,
                    -0.22893938797680108
                ],
                [
                    -0.5252937444631256,
                    -0.1977586659514048,
                    0.8276218895540581
                ],
                [
                    -0.8509014397854768,
                    0.11549015199238533,
                    -0.5124731842387253
                ]
            ],
            "object_pose": [
                0.8057750342923956,
                -0.11921950227006169,
                0.9361596787918212,
                -0.30052330173900776,
                -0.6836891260712562,
                -0.38345648107747843,
                0.5433378793379722
            ]
        },
        {
            "contact_pose": [
                [
                    0.04513483956450313,
                    -0.0015021957074417324,
                    -0.004547214023824104
                ],
                [
                    0.0912105579875529,
                    -0.8159937713940257,
                    -0.5708194102846835
                ],
                [
                    -0.1492042490501187,
                    -0.5779363735387989,
                    0.8023263925649038
                ],
                [
                    -0.9845906388834852,
                    0.011988043500772538,
                    -0.17446363700219653
                ]
            ],
            "object_pose": [
                0.8242589837497694,
                -0.1423957149462791,
                0.9421065515676452,
                0.2701686437051728,
                0.6580295781413581,
                0.5936385932816768,
                -0.37629668988202075
            ]
        }
    ]
}