{
    "hook_path": "models/hook/Hook_bar/base.urdf",
    "obj_path": "models/geo_data/mug/82/base.urdf",
    "hook_pose": [
        0.8,
        -0.2,
        1.0,
        4.329780281177466e-17,
        0.7071067811865475,
        0.7071067811865476,
        4.329780281177467e-17
    ],
    "contact_info": [
        {
            "contact_pose": [
                [
                    0.038424000144004794,
                    0.026598000898957305,
                    0.007069999817758787
                ],
                [
                    0.014404621279581586,
                    -0.9658183933319505,
                    -0.25881912214417546
                ],
                [
                    -0.022205909037252447,
                    -0.25909113624579777,
                    0.9655975770074667
                ],
                [
                    -0.9996496408690503,
                    -0.008161753521839066,
                    -0.025178985083351813
                ]
            ],
            "object_pose": [
                0.7888225952270228,
                -0.12472421575516031,
                0.9337881342198165,
                0.4215486968597854,
                0.5641062128845039,
                0.5578474178995458,
                -0.43918917917422445
            ]
        },
        {
            "contact_pose": [
                [
                    0.038130701405411166,
                    0.02657908273186221,
                    -0.0072159999981522395
                ],
                [
                    0.00037829406693951073,
                    -0.9246245755141859,
                    -0.3808795757832265
                ],
                [
                    -0.009679487822105703,
                    -0.3808651455293723,
                    0.9245799307990585
                ],
                [
                    -0.9999530811038588,
                    0.0033369561132499115,
                    -0.009093971343567042
                ]
            ],
            "object_pose": [
                0.7958458214884027,
                -0.12820388966104548,
                0.9327374262163788,
                0.39140065550146874,
                0.5903168682408165,
                0.5847784050065185,
                -0.3954310799385998
            ]
        }
    ]
}