{
    "hook_path": "models/hook/Hook_bar/base.urdf",
    "obj_path": "models/geo_data/mug/199/base.urdf",
    "hook_pose": [
        0.8,
        -0.2,
        1.0,
        4.329780281177466e-17,
        0.7071067811865475,
        0.7071067811865476,
        4.329780281177467e-17
    ],
    "contact_info": [
        {
            "contact_pose": [
                [
                    -0.04306098870218881,
                    -0.018317049659195832,
                    -0.008604318899147714
                ],
                [
                    9.451183161877062e-05,
                    0.9596707266349384,
                    -0.28112646177029244
                ],
                [
                    0.9999510601053516,
                    0.0026904458660916824,
                    0.00952044616735787
                ],
                [
                    0.009892849018236003,
                    -0.2811136032656756,
                    -0.9596235061717128
                ]
            ],
            "object_pose": [
                0.7892350304312307,
                -0.12147427670342897,
                0.962755229479732,
                -0.5995229343130636,
                -0.00393059789553313,
                0.8003422900767708,
                -0.0030033893367219016
            ]
        },
        {
            "contact_pose": [
                [
                    0.033967314241132494,
                    0.027338208241766852,
                    -0.004364000167697682
                ],
                [
                    0.0657823413771863,
                    -0.9977302752244304,
                    0.014386850368222848
                ],
                [
                    -0.2514061309847395,
                    -0.030525209844306067,
                    -0.9674002113227209
                ],
                [
                    0.9656436407216791,
                    0.060020908561462055,
                    -0.2528435280351018
                ]
            ],
            "object_pose": [
                0.8185496140676513,
                -0.1446704419646013,
                0.9422766343702109,
                0.45359718582265957,
                -0.5694383612775791,
                0.41054418461524195,
                0.5490382666061402
            ]
        },
        {
            "contact_pose": [
                [
                    0.010262097215665364,
                    -0.013715554918545876,
                    0.003177213339810289
                ],
                [
                    -0.0018293853040112131,
                    -0.9626949122214674,
                    0.2705829989713157
                ],
                [
                    0.9999983235711312,
                    -0.001739829617435676,
                    0.0005708308242814024
                ],
                [
                    -7.876761469003063e-05,
                    0.27058358962768575,
                    0.9626964811506582
                ]
            ],
            "object_pose": [
                0.796642826177392,
                -0.11685852779068533,
                0.9704815887493782,
                0.7970515843046379,
                0.0007528421546224663,
                0.6039105345521243,
                0.0005210020390947424
            ]
        },
        {
            "contact_pose": [
                [
                    0.03292760576923089,
                    0.02775433014922373,
                    -0.004364000167697654
                ],
                [
                    -0.028817579560735718,
                    -0.9989853437528349,
                    0.03460968181436319
                ],
                [
                    0.07007220640545131,
                    -0.03655782126314555,
                    -0.9968718130200913
                ],
                [
                    0.9971255853691313,
                    -0.026302256015838354,
                    0.07105461512628725
                ]
            ],
            "object_pose": [
                0.8210472214596817,
                -0.15325090201803063,
                0.9432132270111898,
                0.5192252960430511,
                -0.466105099672903,
                0.5152098554489536,
                0.49770466429016674
            ]
        },
        {
            "contact_pose": [
                [
                    0.032855417566161026,
                    0.027783221991090006,
                    -0.0043640001676976715
                ],
                [
                    0.08095294698753397,
                    -0.9928560296116686,
                    -0.0876557176559899
                ],
                [
                    -0.11615097724309192,
                    0.07794799827162224,
                    -0.990168197858789
                ],
                [
                    0.9899270533021653,
                    0.09033833089669235,
                    -0.10901107792922454
                ]
            ],
            "object_pose": [
                0.8260366574042312,
                -0.14705150839402065,
                0.9460289620103075,
                -0.4707790447751499,
                0.568802475776032,
                -0.4693523222261198,
                -0.48429250683094655
            ]
        },
        {
            "contact_pose": [
                [
                    -0.043270237829274784,
                    -0.020377561903670384,
                    -0.008234127751878775
                ],
                [
                    5.537198966582799e-05,
                    0.9993123707502174,
                    0.03707806089215948
                ],
                [
                    0.9999999382904075,
                    -6.819701258676403e-05,
                    0.00034462784109668863
                ],
                [
                    0.00034691947789821655,
                    0.03707803952135835,
                    -0.9993123128592625
                ]
            ],
            "object_pose": [
                0.7969253822220022,
                -0.1234911585093087,
                0.9604365968906183,
                0.7200965280266121,
                0.00010042259619816235,
                -0.6938738786474257,
                0.00014411834883532428
            ]
        }
    ]
}