{
    "hook_path": "models/hook/Hook_bar/base.urdf",
    "obj_path": "models/geo_data/mug/146/base.urdf",
    "hook_pose": [
        0.8,
        -0.2,
        1.0,
        4.329780281177466e-17,
        0.7071067811865475,
        0.7071067811865476,
        4.329780281177467e-17
    ],
    "contact_info": [
        {
            "contact_pose": [
                [
                    -0.044491662222453966,
                    -0.00426264811997849,
                    0.008985035350710416
                ],
                [
                    -0.0007815129168836665,
                    0.9299635586238271,
                    -0.3676508790541216
                ],
                [
                    0.9999957503876897,
                    -0.0003058227561236037,
                    -0.002899254904794326
                ],
                [
                    -0.0028086374137437134,
                    -0.36765158248557755,
                    -0.9299593676348061
                ]
            ],
            "object_pose": [
                0.7981781933757303,
                -0.1243700856084941,
                0.959763100161104,
                -0.5622929149580294,
                0.0009415652996751398,
                0.8269368494521496,
                0.001112771738288275
            ]
        },
        {
            "contact_pose": [
                [
                    -0.04579682241680475,
                    -0.01950815736814802,
                    -0.0017105213671700001
                ],
                [
                    -0.0004248508508489543,
                    0.99821324606059,
                    -0.059750605778808474
                ],
                [
                    0.9999942496302057,
                    0.0006251234245090347,
                    0.0033331557458260246
                ],
                [
                    0.003364551719967441,
                    -0.059748846096675134,
                    -0.9982077715495105
                ]
            ],
            "object_pose": [
                0.7980418588860774,
                -0.12802326661676428,
                0.9597084333167013,
                -0.6856556711926771,
                -0.0013702236977556246,
                0.7279240519287863,
                -0.0009988352793368041
            ]
        },
        {
            "contact_pose": [
                [
                    0.044662435537275745,
                    0.004226025411131446,
                    0.005208999849855853
                ],
                [
                    0.05693324278097972,
                    -0.9586389169863034,
                    -0.2788727894681894
                ],
                [
                    -0.22130794132495402,
                    0.260258960877343,
                    -0.9398340642845184
                ],
                [
                    0.9735406519365036,
                    0.11522456388449764,
                    -0.19733701858666697
                ]
            ],
            "object_pose": [
                0.8218468113297028,
                -0.13307269402233218,
                0.9402016297541514,
                -0.3921236517641324,
                0.6354929768844108,
                -0.48537106533525914,
                -0.4547555903923191
            ]
        }
    ]
}