{
    "hook_path": "models/hook/Hook_bar/base.urdf",
    "obj_path": "models/geo_data/mug/90/base.urdf",
    "hook_pose": [
        0.8,
        -0.2,
        1.0,
        4.329780281177466e-17,
        0.7071067811865475,
        0.7071067811865476,
        4.329780281177467e-17
    ],
    "contact_info": [
        {
            "contact_pose": [
                [
                    0.04179593885050051,
                    0.015775065252476943,
                    -0.0008479289390680024
                ],
                [
                    0.020276720192342113,
                    -0.9995885294093112,
                    0.020288580324225286
                ],
                [
                    -0.035092098086445894,
                    -0.020991801010414368,
                    -0.9991635946841892
                ],
                [
                    0.9991783620906394,
                    0.019547791785013563,
                    -0.03550330359553927
                ]
            ],
            "object_pose": [
                0.8121803279653224,
                -0.12962663608600214,
                0.9407140329815198,
                0.5011846650743599,
                -0.5085153167671634,
                0.48090319446961344,
                0.508879378297465
            ]
        },
        {
            "contact_pose": [
                [
                    0.04334405762706853,
                    0.00465605209780116,
                    -0.00033344106910715497
                ],
                [
                    -0.1908576555910803,
                    -0.9527007846220764,
                    -0.2365049054094996
                ],
                [
                    0.566249942287655,
                    -0.3036598432281635,
                    0.7662582478968005
                ],
                [
                    -0.8018318764937598,
                    0.012325363732035799,
                    0.5974225700853367
                ]
            ],
            "object_pose": [
                0.8028750481547534,
                -0.13418227557549253,
                0.9391649333769413,
                0.5792388109860628,
                0.41309209834305727,
                0.6690346560465158,
                -0.2150115046752206
            ]
        },
        {
            "contact_pose": [
                [
                    -0.038411576792255125,
                    -0.01939707528711292,
                    0.0031314996352753135
                ],
                [
                    -0.005492466885389754,
                    0.9495444092675486,
                    -0.31358451434382917
                ],
                [
                    0.9999784249274498,
                    0.0063453033409537965,
                    0.0016990600719108413
                ],
                [
                    0.003603121858829931,
                    -0.3135684167040004,
                    -0.9495587741465069
                ]
            ],
            "object_pose": [
                0.7997186355595935,
                -0.12302557721363033,
                0.9626981658845285,
                -0.5858381802766913,
                -0.003068905031891246,
                0.8104213959378292,
                0.001170195787183388
            ]
        },
        {
            "contact_pose": [
                [
                    -0.01812691461374269,
                    2.1305018456301917e-05,
                    0.025575071102804436
                ],
                [
                    0.006601532328420194,
                    0.09483942425054812,
                    -0.9954706943846924
                ],
                [
                    0.9985263484566128,
                    -0.05424960006437532,
                    0.0014533859633930491
                ],
                [
                    -0.05386604875819352,
                    -0.9940133120339386,
                    -0.09505779447525617
                ]
            ],
            "object_pose": [
                0.7977513273416756,
                -0.10528583470837106,
                0.9659254401212554,
                -0.047545615039617496,
                0.02706951188210227,
                0.9985001696138118,
                -0.002016754362427557
            ]
        },
        {
            "contact_pose": [
                [
                    -0.0006364725857644915,
                    -0.03177317960721299,
                    0.021529799822228246
                ],
                [
                    0.007709930967547241,
                    -0.5067834890558969,
                    -0.862038892501265
                ],
                [
                    0.9999279272587264,
                    0.011841127617098508,
                    0.0019819144337916922
                ],
                [
                    0.009203111025242544,
                    -0.8619920434186661,
                    0.506838258057114
                ]
            ],
            "object_pose": [
                0.79861724982906,
                -0.12928030486132353,
                0.967854064649904,
                0.26262948774785144,
                -0.005452564164515081,
                0.9648780833839394,
                -0.0025111580333933244
            ]
        },
        {
            "contact_pose": [
                [
                    0.011046032204887674,
                    -0.020517561800606505,
                    -0.01206493611584758
                ],
                [
                    0.0038942065862560813,
                    -0.8898150354161412,
                    0.4563047642775989
                ],
                [
                    0.9999229467983942,
                    0.008843498531113901,
                    0.008711658840091497
                ],
                [
                    -0.011787095531958575,
                    0.45623567953537114,
                    0.8897809107290506
                ]
            ],
            "object_pose": [
                0.7999498475376288,
                -0.12379434288287283,
                0.9691348318072198,
                0.8532970453791816,
                0.0014114229856774768,
                0.5213881718512188,
                -0.006044376391197045
            ]
        },
        {
            "contact_pose": [
                [
                    -0.03737287920657559,
                    -0.02954199910163877,
                    0.006687543394400918
                ],
                [
                    -0.005734666495195358,
                    0.9494463419179231,
                    -0.3138769781600158
                ],
                [
                    0.9999778490080581,
                    0.0065053234348283525,
                    0.0014079276350156332
                ],
                [
                    0.0033786230044282033,
                    -0.31386195147816565,
                    -0.9494626165999962
                ]
            ],