{
    "hook_path": "models/hook/Hook_bar/base.urdf",
    "obj_path": "models/geo_data/mug/45/base.urdf",
    "hook_pose": [
        0.8,
        -0.2,
        1.0,
        4.329780281177466e-17,
        0.7071067811865475,
        0.7071067811865476,
        4.329780281177467e-17
    ],
    "contact_info": [
        {
            "contact_pose": [
                [
                    0.036751631746058715,
                    0.03742937578136396,
                    0.009922712682962003
                ],
                [
                    0.09551573868761892,
                    -0.8424371496148736,
                    -0.5302606836375159
                ],
                [
                    0.0017616137149888411,
                    -0.5325523240943388,
                    0.8463952497615033
                ],
                [
                    -0.9954263611036618,
                    -0.08177818199547693,
                    -0.04938307978890133
                ]
            ],
            "object_pose": [
                0.7986879666113267,
                -0.1334044601812675,
                0.9274962547258165,
                0.3121388905927921,
                0.6013985550213456,
                0.6351772349801238,
                -0.37072762395152464
            ]
        },
        {
            "contact_pose": [
                [
                    0.037692036810579525,
                    0.037437652484167167,
                    0.0002955049379547957
                ],
                [
                    -0.09921963784741211,
                    -0.8445162563917081,
                    0.5262582599404624
                ],
                [
                    -0.0015597151778182772,
                    -0.5287352867183647,
                    -0.848785346166752
                ],
                [
                    0.9950643349824134,
                    -0.0850369876523368,
                    0.05114371884233532
                ]
            ],
            "object_pose": [
                0.8015878486464915,
                -0.1448751061693503,
                0.9275253005956734,
                0.5999294869212355,
                -0.3123557537428353,
                0.37323551965684354,
                0.6349911343417752
            ]
        },
        {
            "contact_pose": [
                [
                    0.03793784172262881,
                    0.03743262581758877,
                    0.0003155787038659173
                ],
                [
                    0.095519350424216,
                    -0.8648374778143897,
                    -0.4928815178744088
                ],
                [
                    0.0029522235730565227,
                    -0.49489723188570367,
                    0.8689464967694174
                ],
                [
                    -0.9954231954653814,
                    -0.08445630136060561,
                    -0.044719068527598604
                ]
            ],
            "object_pose": [
                0.7960837683460369,
                -0.15170791172611878,
                0.9275752490112925,
                0.3261956484757431,
                0.5927632311768222,
                0.6285479382688466,
                -0.383608706859327
            ]
        },
        {
            "contact_pose": [
                [
                    0.03729791356356304,
                    0.03744571223422288,
                    0.00026331869019121865
                ],
                [
                    0.07034762861176475,
                    -0.8172111469612326,
                    -0.5720289786636756
                ],
                [
                    0.0016860246716050575,
                    -0.5733514503921898,
                    0.819307800313154
                ],
                [
                    -0.9975211117913786,
                    -0.05860081582605159,
                    -0.0389560767405191
                ]
            ],
            "object_pose": [
                0.8015970364628393,
                -0.15415411173724938,
                0.9275123659783727,
                0.3045719250775906,
                0.6147646171840933,
                0.6388105781766087,
                -0.3481687135896802
            ]
        },
        {
            "contact_pose": [
                [
                    0.03639360250759415,
                    0.037437175673988396,
                    0.009883789797310274
                ],
                [
                    -0.09644207232938112,
                    -0.8103867980363444,
                    0.5779032481767303
                ],
                [
                    -0.0008959473811629426,
                    -0.5805387870820957,
                    -0.8142321007989917
                ],
                [
                    0.9953381957722232,
                    -0.0790440020599298,
                    0.055262299764352985
                ]
            ],
            "object_pose": [
                0.7979039119995874,
                -0.14461051406881092,
                0.9275599440786761,
                0.6119565545722256,
                -0.293235697496273,
                0.353639932170434,
                0.6437862994848956
            ]
        },
        {
            "contact_pose": [
                [
                    0.03807392067920156,
                    0.037429843027215304,
                    0.0003266916515156752
                ],
                [
                    0.08138065094482372,
                    -0.8850469606935358,
                    -0.4583329215962252
                ],
                [
                    0.00864220192625409,
                    -0.4592143299327659,
                    0.8882834635015259
                ],
                [
                    -0.9966456250832904,
                    -0.0762500921411613,
                    -0.029722406544588575
                ]
            ],
            "object_pose": [
                0.7936903238683123,
                -0.1202182967178722,
                0.9278032960283691,
                0.3442597813384783,
                0.5859694163368959,
                0.6211330806807106,
                -0.39028033790426914
            ]
        },
        {
            "contact_pose": [
                [
                    0.0374813113613589,
                    0.037441961781991884,
                    0.00027829595175555763
                ],
                [
                    0.09495185452435934,
                    -0.8257754508019371,
                    -0.5559487837699104
                ],
                [
                    0.0017667589083502078,
                    -0.5583313658050182,
                    0.8296161549302563
                ],
                [
                    -0.9954802980899948,
                    -0.079755819920308,
                    -0.05155565248830374
                ]
            ],
            "object_pose": [
                0.8005050567424663,
                -0.1146515687328282,
                0.927509631546956,
                0.30251535300631105,
                0.6071297647417009,
                0.6398185997996949,
                -0.36126177394032694
            ]
        }
    ]
}