{
    "hook_path": "models/hook/Hook_bar/base.urdf",
    "obj_path": "models/geo_data/mug/59/base.urdf",
    "hook_pose": [
        0.8,
        -0.2,
        1.0,
        4.329780281177466e-17,
        0.7071067811865475,
        0.7071067811865476,
        4.329780281177467e-17
    ],
    "contact_info": [
        {
            "contact_pose": [
                [
                    0.040258948123135505,
                    0.018912000581622214,
                    0.0004462373434609129
                ],
                [
                    -0.0714774502307533,
                    -0.9528325898168164,
                    0.2949593698994639
                ],
                [
                    -0.040024344094838654,
                    -0.2927376760800338,
                    -0.955354753420445
                ],
                [
                    0.9966388643778088,
                    -0.08009187715517632,
                    -0.01721235676692756
                ]
            ],
            "object_pose": [
                0.7999617549268484,
                -0.14749459772401383,
                0.9329046574810582,
                0.5419509084431562,
                -0.4077294130425834,
                0.4315982400221512,
                0.5947847491213689
            ]
        },
        {
            "contact_pose": [
                [
                    -2.3529796031944786e-05,
                    -0.020252463099119676,
                    0.02980995305156206
                ],
                [
                    0.005187189397331293,
                    -0.6155569420080311,
                    -0.7880753417103455
                ],
                [
                    0.999977420343843,
                    -0.00017389802151815924,
                    0.006717779540260097
                ],
                [
                    -0.004272220573617299,
                    -0.7880923936349086,
                    0.6155421409019619
                ]
            ],
            "object_pose": [
                0.7954110390089719,
                -0.12157421964006146,
                0.9612032387080981,
                0.3255033352358271,
                0.0011755564208120117,
                0.9455349221061453,
                -0.003147680920941951
            ]
        },
        {
            "contact_pose": [
                [
                    0.0030300000216812294,
                    0.03276500105857847,
                    -0.028968000784516362
                ],
                [
                    -0.016390452629505635,
                    0.11267513581293363,
                    0.9934966868752694
                ],
                [
                    0.9998535733469073,
                    0.006734170467807975,
                    0.015731586491238014
                ],
                [
                    -0.0049178174041673494,
                    0.993609060303723,
                    -0.11276901327196139
                ]
            ],
            "object_pose": [
                0.7876493213148723,
                -0.12513433141792446,
                0.963931320180661,
                0.998368584307156,
                0.008043632288128232,
                -0.05645313580288283,
                -0.002917757042621069
            ]
        },
        {
            "contact_pose": [
                [
                    -0.04502199962735172,
                    -0.011855159941037467,
                    0.010858000256121157
                ],
                [
                    0.012752017856554805,
                    0.6492604773429286,
                    -0.7604592156066089
                ],
                [
                    0.999787232905551,
                    0.004052683390477888,
                    0.020225347373980684
                ],
                [
                    0.016213419122681993,
                    -0.7605553288997252,
                    -0.6490706561866614
                ]
            ],
            "object_pose": [
                0.787368574424028,
                -0.11347260482267284,
                0.9615474789028154,
                -0.3459670101321862,
                -0.005400319465843352,
                0.9381899830807038,
                -0.008787496622552075
            ]
        },
        {
            "contact_pose": [
                [
                    -0.04304131689762754,
                    -0.018171468942988163,
                    0.013748913929800792
                ],
                [
                    0.0018717137665465698,
                    0.9526706668440134,
                    -0.30399851516505616
                ],
                [
                    0.9998164244037875,
                    -0.00757967341902131,
                    -0.017597330572744378
                ],
                [
                    -0.019068670116229456,
                    -0.30390977129049956,
                    -0.9525099667374376
                ]
            ],
            "object_pose": [
                0.7995200455424833,
                -0.11982723067437388,
                0.9578737128128392,
                -0.5898957827337452,
                0.008251052520271397,
                0.8074225521465422,
                0.004869079010857163
            ]
        },
        {
            "contact_pose": [
                [
                    -0.04675300046801563,
                    0.0327650010585785,
                    -0.0016959999920800068
                ],
                [
                    -0.010666659851153868,
                    0.8843408526123682,
                    -0.4667199146902234
                ],
                [
                    0.9974677608260105,
                    -0.023411294151879158,
                    -0.06715636543827018
                ],
                [
                    -0.07031563467938039,
                    -0.4662544023459337,
                    -0.8818517697508306
                ]
            ],
            "object_pose": [
                0.7885439445212387,
                -0.12014853407331554,
                0.9606870696107829,
                -0.5158714577755426,
                0.02737586308355868,
                0.8559267021571075,
                0.022730633678472223
            ]
        },
        {
            "contact_pose": [
                [
                    0.019047999754548114,
                    0.03276500105857851,
                    -0.00602500000968584
                ],
                [
                    0.003308074752598671,
                    -0.8480589669435334,
                    0.5298915410044758
                ],
                [
                    0.9999733523460257,
                    -0.0006430584888964517,
                    -0.007271937405606914
                ],
                [
                    0.006507782977514389,
                    0.529901476750581,
                    0.848034240876081
                ]
            ],