{
    "hook_path": "models/hook/Hook_bar/base.urdf",
    "obj_path": "models/geo_data/mug/126/base.urdf",
    "hook_pose": [
        0.8,
        -0.2,
        1.0,
        4.329780281177466e-17,
        0.7071067811865475,
        0.7071067811865476,
        4.329780281177467e-17
    ],
    "contact_info": [
        {
            "contact_pose": [
                [
                    0.04360141894183377,
                    -0.0029265546915753123,
                    -0.0007663467338869226
                ],
                [
                    -0.03099869720434617,
                    -0.9847287640188106,
                    0.17131357822898305
                ],
                [
                    0.01809142576190828,
                    -0.1719206461855562,
                    -0.9849446642979702
                ],
                [
                    0.9993556829705494,
                    -0.027432694529072627,
                    0.023144463384143665
                ]
            ],
            "object_pose": [
                0.7982853668046206,
                -0.11870050828114534,
                0.9306130610511504,
                0.5389740971191979,
                -0.44248228819921015,
                0.46749613422519265,
                0.5432897125374607
            ]
        },
        {
            "contact_pose": [
                [
                    0.04344303698728745,
                    -0.003036922590466052,
                    0.0007301897098439
                ],
                [
                    -0.016629330098790085,
                    -0.987255463517323,
                    -0.1582722816404103
                ],
                [
                    -0.009275969041467214,
                    -0.1581350285415889,
                    0.987373925697095
                ],
                [
                    -0.9998186944535531,
                    0.017887495725974034,
                    -0.006528071525806367
                ]
            ],
            "object_pose": [
                0.8009984691226204,
                -0.13585320997328046,
                0.9305664818624703,
                0.4610692044162396,
                0.5443885897058854,
                0.5317679984901708,
                -0.4563759940211259
            ]
        }
    ]
}