{
    "hook_path": "models/hook/Hook_bar/base.urdf",
    "obj_path": "models/geo_data/mug/129/base.urdf",
    "hook_pose": [
        0.8,
        -0.2,
        1.0,
        4.329780281177466e-17,
        0.7071067811865475,
        0.7071067811865476,
        4.329780281177467e-17
    ],
    "contact_info": [
        {
            "contact_pose": [
                [
                    0.032969385574463855,
                    0.031850432864250114,
                    -0.0010998475216625967
                ],
                [
                    -0.00871886714509812,
                    -0.811784511650254,
                    -0.5838920174145771
                ],
                [
                    -0.0019747789926667925,
                    -0.5838990951368458,
                    0.811823839848463
                ],
                [
                    -0.9999600400034175,
                    0.008231241894838315,
                    0.0034878436364619847
                ]
            ],
            "object_pose": [
                0.797937855414738,
                -0.12883260373473537,
                0.9314042481643859,
                0.3249478594665591,
                0.6312879767392379,
                0.6272332095255863,
                -0.32009823479802707
            ]
        },
        {
            "contact_pose": [
                [
                    -0.036099001765250965,
                    0.03472400084137918,
                    -0.00479600019752969
                ],
                [
                    0.08355630138513467,
                    0.9530643601421127,
                    -0.29100974197738105
                ],
                [
                    0.9965024587607487,
                    -0.07959369203512923,
                    0.025449830490580954
                ],
                [
                    0.0010927866300606826,
                    -0.2921184171104628,
                    -0.9563815327588978
                ]
            ],
            "object_pose": [
                0.793277574955951,
                -0.11266951300477275,
                0.9630484720429432,
                -0.5944270980685741,
                0.02443801396477153,
                0.8030614263318517,
                -0.03393455603191638
            ]
        },
        {
            "contact_pose": [
                [
                    0.0327501149214344,
                    0.03177576105843878,
                    -0.0010434163884335344
                ],
                [
                    -0.00880778294958906,
                    -0.8021315359436226,
                    -0.5970824247993218
                ],
                [
                    -0.0014334389277082527,
                    -0.5970948445598339,
                    0.8021693660648657
                ],
                [
                    -0.9999601833134926,
                    0.007921214855866554,
                    0.004109275222437647
                ]
            ],
            "object_pose": [
                0.7987952174166109,
                -0.160293616561053,
                0.9313657433555756,
                0.319923956249308,
                0.6337264943536164,
                0.63002535088196,
                -0.31481335711518016
            ]
        },
        {
            "contact_pose": [
                [
                    -0.024879999458789857,
                    0.03472499921917914,
                    0.020571000874042393
                ],
                [
                    -0.03601493136120051,
                    0.0710737073794697,
                    -0.9968206723570622
                ],
                [
                    0.994972326273585,
                    -0.09072421426063683,
                    -0.042416823272385475
                ],
                [
                    -0.09345049314358238,
                    -0.9933366222314204,
                    -0.06744894561884336
                ]
            ],
            "object_pose": [
                0.7922407311586954,
                -0.12438881911778016,
                0.9665295436521992,
                -0.03469521467400952,
                0.04612950208938095,
                0.9981394718252139,
                0.01964448778139302
            ]
        },
        {
            "contact_pose": [
                [
                    0.0330977041543597,
                    0.0318941312796452,
                    -4.5456957947200574e-05
                ],
                [
                    -0.008349473580401279,
                    -0.775082252191758,
                    -0.631805182495587
                ],
                [
                    -0.0011313941104104663,
                    -0.6318194796140734,
                    0.7751147432010104
                ],
                [
                    -0.9999645024891118,
                    0.007186620732538673,
                    0.0043984365574071815
                ]
            ],
            "object_pose": [
                0.8012592319556424,
                -0.14002933613013663,
                0.9314034314674094,
                0.30587989641628177,
                0.6403364735314037,
                0.637080679281015,
                -0.30089017551354375
            ]
        },
        {
            "contact_pose": [
                [
                    0.03303472785592107,
                    0.031872684935308836,
                    -0.00022159064602043284
                ],
                [
                    0.009171287085230184,
                    -0.8076052592812333,
                    0.5896521285253635
                ],
                [
                    0.002470959073748516,
                    -0.5896568249288681,
                    -0.8076501242345361
                ],
                [
                    0.9999548899097677,
                    0.00886419743111165,
                    -0.003412352479760017
                ]
            ],
            "object_pose": [
                0.8016416101565038,
                -0.15117478475400128,
                0.9314117866205142,
                0.6326506312788724,
                -0.3227774426102293,
                0.3177871273027249,
                0.6281554290182692
            ]
        },
        {
            "contact_pose": [
                [
                    0.03340274591982342,
                    0.031998012118966204,
                    0.00164875413872708
                ],
                [
                    -0.008868455133101694,
                    -0.7887003457222794,
                    -0.6147138481937016
                ],
                [
                    -0.001549883131586216,
                    -0.6147264430924436,
                    0.7887388655475214
                ],
                [
                    -0.9999594733617111,
                    0.0079476298649096,
                    0.004229280517985323
                ]
            ],