{
    "hook_path": "models/hook/Hook_bar/base.urdf",
    "obj_path": "models/geo_data/mug/205/base.urdf",
    "hook_pose": [
        0.8,
        -0.2,
        1.0,
        4.329780281177466e-17,
        0.7071067811865475,
        0.7071067811865476,
        4.329780281177467e-17
    ],
    "contact_info": [
        {
            "contact_pose": [
                [
                    -0.037553902462045256,
                    0.006859341907176415,
                    -0.0004314795383210554
                ],
                [
                    0.20785932841119859,
                    0.945040210236387,
                    -0.2523757132309095
                ],
                [
                    0.9723930572903321,
                    -0.22761048180856758,
                    -0.0514316119174963
                ],
                [
                    -0.10604829902457519,
                    -0.2347178510621561,
                    -0.966261501182137
                ]
            ],
            "object_pose": [
                0.7968279852997092,
                -0.12184961986283026,
                0.9622188059700956,
                -0.6093643189827548,
                0.10637763495963443,
                0.7841375232673471,
                -0.04987253888893708
            ]
        },
        {
            "contact_pose": [
                [
                    -0.03539655044938738,
                    0.007879012885074817,
                    0.008157482738676875
                ],
                [
                    0.3045881601109119,
                    0.8722033801666649,
                    -0.38273661484902877
                ],
                [
                    0.926142998959427,
                    -0.17735488784425782,
                    0.3328729325676533
                ],
                [
                    0.2224526875510571,
                    -0.4558579903693638,
                    -0.8618052531852638
                ]
            ],
            "object_pose": [
                0.7942076032517592,
                -0.12048122494049478,
                0.9630161469629851,
                -0.5214279417477151,
                -0.013561208650392273,
                0.8313750062663989,
                -0.19168879503045297
            ]
        },
        {
            "contact_pose": [
                [
                    -0.04331645923446747,
                    -0.015302380307542877,
                    -0.0008868244697434632
                ],
                [
                    0.25348357801758276,
                    0.9570718293442745,
                    -0.14056880575365188
                ],
                [
                    0.9669219782536393,
                    -0.254954661617183,
                    0.007746514683153613
                ],
                [
                    -0.02842470132600572,
                    -0.13788268199912418,
                    -0.9900406064193811
                ]
            ],
            "object_pose": [
                0.7972806175194043,
                -0.12420493088607192,
                0.9618698407356918,
                -0.6497057969767669,
                0.09455705354558218,
                0.7492285142075172,
                -0.0871663610457511
            ]
        },
        {
            "contact_pose": [
                [
                    -0.03748396957011079,
                    0.006840271594774301,
                    -0.0006347907836535713
                ],
                [
                    0.2288998265989903,
                    0.9211698691856335,
                    -0.31472359537771366
                ],
                [
                    0.9651033801835021,
                    -0.25699628220542015,
                    -0.050282964222194554
                ],
                [
                    -0.12720194550922023,
                    -0.2922310439311927,
                    -0.9478505589076552
                ]
            ],
            "object_pose": [
                0.7947331637414989,
                -0.10950542317479448,
                0.9624990021719959,
                -0.5826981939380359,
                0.11978018540541124,
                0.801881852190896,
                -0.05568677663947002
            ]
        },
        {
            "contact_pose": [
                [
                    -0.04301028833821618,
                    -0.010184999555349399,
                    -0.0007511719663770175
                ],
                [
                    0.312856436370313,
                    0.9246271827836992,
                    -0.21722205937507338
                ],
                [
                    0.9456777497489186,
                    -0.28195687785722423,
                    0.1618453356103523
                ],
                [
                    0.08839934304897008,
                    -0.25605642324785755,
                    -0.9626113775880816
                ]
            ],
            "object_pose": [
                0.796485341097503,
                -0.11949132606523605,
                0.9622137595548628,
                -0.6067123014918165,
                0.06222516849775692,
                0.7776497014035062,
                -0.15260784229837712
            ]
        },
        {
            "contact_pose": [
                [
                    -0.04345097886254944,
                    -0.014847818542245365,
                    -2.9000000722634053e-05
                ],
                [
                    0.27220826558973743,
                    0.9139471007736086,
                    -0.30100391547643096
                ],
                [
                    0.961852756517787,
                    -0.24958848605018807,
                    0.11200384997985523
                ],
                [
                    0.027238482405629746,
                    -0.32000981956604163,
                    -0.9470225870894251
                ]
            ],
            "object_pose": [
                0.7960369307617315,
                -0.12422197155205002,
                0.9624869512110079,
                -0.5789730178245172,
                0.06917611472286223,
                0.8035649462800533,
                -0.11953362243718679
            ]
        },
        {
            "contact_pose": [
                [
                    0.04595967855235673,
                    0.0009200785292725121,
                    0.0027396919935370303
                ],
                [
                    0.04172425375714883,
                    -0.9491018812570873,
                    -0.3121933786015755
                ],
                [
                    -0.38060905670575396,
                    -0.3040040301949394,
                    0.8733374465685017
                ],
                [
                    -0.9237942588054795,
                    0.08238427410308344,
                    -0.3739211130419661
                ]
            ],
            "object_pose": [
                0.8080335490521691,
                -0.14194318516623033,
                0.9391101998350346,
                0.31208245657027645,
                0.6661806641989868,
                0.4607602543060594,
                -0.4964955699704417
            ]
        }
    ]
}