{
    "hook_path": "models/hook/Hook_bar/base.urdf",
    "obj_path": "models/geo_data/mug/115/base.urdf",
    "hook_pose": [
        0.8,
        -0.2,
        1.0,
        4.329780281177466e-17,
        0.7071067811865475,
        0.7071067811865476,
        4.329780281177467e-17
    ],
    "contact_info": [
        {
            "contact_pose": [
                [
                    0.012310597406454482,
                    -0.011840391766875919,
                    -0.0027541223597304407
                ],
                [
                    0.008487057410377202,
                    -0.8704682541209979,
                    0.49215138770916256
                ],
                [
                    0.9999272397180989,
                    0.0031685124670292166,
                    -0.011639407136523503
                ],
                [
                    0.008572346601510888,
                    0.49221436295204546,
                    0.8704318099526555
                ]
            ],
            "object_pose": [
                0.7963649268549576,
                -0.1126359781009674,
                0.9685606121796653,
                0.8637553169705103,
                -0.005825279495092198,
                0.5038753538964004,
                0.0015640523503330757
            ]
        },
        {
            "contact_pose": [
                [
                    -0.030878933824327805,
                    -0.003490550194223456,
                    -0.02094895802755334
                ],
                [
                    -0.017365095012377995,
                    0.7765499571252376,
                    0.6298163363743452
                ],
                [
                    0.9996161060658799,
                    -0.00011758529011513148,
                    0.02770607636217799
                ],
                [
                    0.021589209547789708,
                    0.6300556723516508,
                    -0.7762498024274213
                ]
            ],
            "object_pose": [
                0.7994414756685649,
                -0.10471831535728775,
                0.9639508053203546,
                0.9027026247319595,
                0.012482286563623046,
                -0.4300418867214808,
                0.0060116128620846376
            ]
        },
        {
            "contact_pose": [
                [
                    -0.018540387607704913,
                    -0.013131093315372797,
                    -0.026031078181895848
                ],
                [
                    0.0025093519323695934,
                    0.29643428390161297,
                    0.9550499560130965
                ],
                [
                    0.9999963995839425,
                    0.00016418285391317484,
                    -0.002678406829173447
                ],
                [
                    -0.0009507744378111026,
                    0.9550532385012516,
                    -0.2964328046222955
                ]
            ],
            "object_pose": [
                0.7972101530310668,
                -0.11386417517981705,
                0.9659694185309268,
                0.9886985883091837,
                -0.0013117644808249528,
                -0.14991097780815996,
                -0.00028192547883349725
            ]
        },
        {
            "contact_pose": [
                [
                    -0.036524081579672886,
                    -0.01199858488600965,
                    0.01378196304236851
                ],
                [
                    -0.0017774968743345951,
                    0.7390365688961129,
                    -0.6736629649454707
                ],
                [
                    0.9999940721135122,
                    0.0033002289894673168,
                    0.0009819503310027808
                ],
                [
                    0.002948939249494245,
                    -0.6736572261342395,
                    -0.7390380541179356
                ]
            ],
            "object_pose": [
                0.7995625588185046,
                -0.1126742688269278,
                0.9637438396697605,
                -0.40394117177932043,
                -0.001707827400449357,
                0.9147833436384298,
                0.00021741392343449132
            ]
        },
        {
            "contact_pose": [
                [
                    0.04381115198717974,
                    0.010611656320012344,
                    -0.0025786735703366734
                ],
                [
                    0.1701805295314041,
                    -0.8756864625632067,
                    -0.45189800470011876
                ],
                [
                    -0.37735432876031005,
                    -0.48154312976849284,
                    0.7910246043825819
                ],
                [
                    -0.9102979171316754,
                    0.03590868218553955,
                    -0.412393342101241
                ]
            ],
            "object_pose": [
                0.807382409357985,
                -0.12538881883368722,
                0.9352846310901667,
                0.22729735410091706,
                0.6828544895594464,
                0.5095672168012453,
                -0.47157916670338923
            ]
        }
    ]
}