{
    "hook_path": "models/hook/Hook_bar/base.urdf",
    "obj_path": "models/geo_data/mug/113/base.urdf",
    "hook_pose": [
        0.8,
        -0.2,
        1.0,
        4.329780281177466e-17,
        0.7071067811865475,
        0.7071067811865476,
        4.329780281177467e-17
    ],
    "contact_info": [
        {
            "contact_pose": [
                [
                    0.04299470315725404,
                    -0.0010770216526437074,
                    -0.003053134808848542
                ],
                [
                    -0.005521100077670649,
                    -0.9991589527047836,
                    0.04063132638508954
                ],
                [
                    0.1465667280760424,
                    -0.04100169276742516,
                    -0.9883506743111417
                ],
                [
                    0.9891853778109617,
                    0.000498417580947208,
                    0.14666983297494818
                ]
            ],
            "object_pose": [
                0.8035925259249577,
                -0.14037737558740127,
                0.9374885026752278,
                0.5449074398560912,
                -0.4509158355834864,
                0.5256988168404998,
                0.47264314782087435
            ]
        },
        {
            "contact_pose": [
                [
                    -0.04653842780381781,
                    -0.010841152588295704,
                    -0.005664035250043372
                ],
                [
                    -0.0029117909083441968,
                    0.9959502287631631,
                    -0.0898591303113343
                ],
                [
                    0.9999885607472452,
                    0.0032409827552004515,
                    0.0035177273108713556
                ],
                [
                    0.0037947132117250974,
                    -0.0898478595036285,
                    -0.9959482729008856
                ]
            ],
            "object_pose": [
                0.7939733808712206,
                -0.11813351794043277,
                0.9587640892187829,
                -0.6745890547089173,
                -0.0023827536832738364,
                0.7381896014172457,
                -0.00020521028790023094
            ]
        },
        {
            "contact_pose": [
                [
                    -0.04355189189981826,
                    -0.0029074485891382243,
                    0.0158844369403872
                ],
                [
                    0.05857746394617332,
                    0.6485859123801416,
                    -0.7588840458065083
                ],
                [
                    0.9982393708891091,
                    -0.04515241114233827,
                    0.03846320546898556
                ],
                [
                    -0.009318751233449673,
                    -0.7598010094952842,
                    -0.6500889068776643
                ]
            ],
            "object_pose": [
                0.7892720697719374,
                -0.10438513283780984,
                0.960045915187203,
                -0.3462493016553668,
                0.014522959599502764,
                0.9376732408188502,
                -0.02587273081676494
            ]
        },
        {
            "contact_pose": [
                [
                    -0.046405423836396925,
                    -0.008098533722441868,
                    -0.006162599396113007
                ],
                [
                    -0.0011029073809644963,
                    0.9994702538054487,
                    0.032526840507200894
                ],
                [
                    0.9999979208122488,
                    0.0010465315384510226,
                    0.0017501836813608096
                ],
                [
                    0.0017152161637788911,
                    0.032528703168292705,
                    -0.9994693299464974
                ]
            ],
            "object_pose": [
                0.8006570666099596,
                -0.10757757426181083,
                0.957459482952887,
                0.7185146944370279,
                0.0009927044931769856,
                -0.6955110310298384,
                0.00023266212594712406
            ]
        }
    ]
}