{
    "hook_path": "models/hook/Hook_bar/base.urdf",
    "obj_path": "models/geo_data/mug/135/base.urdf",
    "hook_pose": [
        0.8,
        -0.2,
        1.0,
        4.329780281177466e-17,
        0.7071067811865475,
        0.7071067811865476,
        4.329780281177467e-17
    ],
    "contact_info": [
        {
            "contact_pose": [
                [
                    -8.71162855339315e-06,
                    -0.016953815469135877,
                    -0.025830377471300646
                ],
                [
                    -0.017709232494128382,
                    -0.3356583323828706,
                    0.9418173214516813
                ],
                [
                    0.999825400071401,
                    -0.0003276476085975499,
                    0.018683201521889854
                ],
                [
                    -0.005962588073301264,
                    0.9419837453740884,
                    0.33560552884967965
                ]
            ],
            "object_pose": [
                0.7959851104385228,
                -0.11724587976741142,
                0.9644040876307379,
                0.9853459375895821,
                0.009233415551761394,
                0.17031172393997987,
                -0.0014296858214304599
            ]
        },
        {
            "contact_pose": [
                [
                    0.04532000049948701,
                    0.0022710000630469128,
                    -0.00395799987018105
                ],
                [
                    0.037792491564796915,
                    -0.7447100271250628,
                    -0.6663172690848654
                ],
                [
                    -0.33657047038615695,
                    -0.6373205051827269,
                    0.693212010958895
                ],
                [
                    -0.9408995940297593,
                    0.19806450760553274,
                    -0.27473333394696037
                ]
            ],
            "object_pose": [
                0.826279825307642,
                -0.13434246632087082,
                0.9427077465309899,
                0.22089407423837246,
                0.7417803325575159,
                0.5319027850775873,
                -0.3435799374584315
            ]
        },
        {
            "contact_pose": [
                [
                    -0.04532000049948711,
                    0.03922000154852867,
                    -0.006421000231057538
                ],
                [
                    -0.00015656451353312562,
                    0.9029545280577652,
                    -0.42973607685128234
                ],
                [
                    0.9999987080436931,
                    -0.000546126500538151,
                    -0.0015118388769503218
                ],
                [
                    -0.0015998120194418448,
                    -0.4297357583513659,
                    -0.9029532759759381
                ]
            ],
            "object_pose": [
                0.7865213776090072,
                -0.11696670267334759,
                0.9629961970068863,
                -0.5339772637577944,
                0.0006345187592256419,
                0.8454984540562953,
                0.0004933194680839597
            ]
        },
        {
            "contact_pose": [
                [
                    -0.0028645744511913377,
                    0.010500695000988148,
                    0.02855399996042255
                ],
                [
                    0.019423360148395102,
                    -0.13391125545407204,
                    -0.9908029616140941
                ],
                [
                    0.9998016252920872,
                    -0.0017690611106699452,
                    0.019838863024068856
                ],
                [
                    -0.004409438042062529,
                    -0.9909917487474358,
                    0.13385032973680802
                ]
            ],
            "object_pose": [
                0.8017484103659689,
                -0.11640550271104638,
                0.9632364665638387,
                0.0670949233000478,
                0.0015481904413826837,
                0.9976968897984018,
                -0.009838214284800823
            ]
        },
        {
            "contact_pose": [
                [
                    0.03550203410513656,
                    0.022362653903672414,
                    -0.003957999870181161
                ],
                [
                    0.11443552134023499,
                    -0.9759176085507975,
                    -0.18571303878855863
                ],
                [
                    -0.5801057050211812,
                    0.08611230136601017,
                    -0.8099765691397052
                ],
                [
                    0.8064625735007587,
                    0.20042328426093978,
                    -0.5562810662503188
                ]
            ],
            "object_pose": [
                0.8218819976546046,
                -0.14609651498397624,
                0.9398554512736507,
                0.32962271631791396,
                -0.701113761823051,
                0.31827034479607014,
                0.5463445300292853
            ]
        },
        {
            "contact_pose": [
                [
                    0.04452494051007142,
                    -0.003824458289694588,
                    -0.003957999870181105
                ],
                [
                    0.005584699890299638,
                    -0.9928646330998684,
                    -0.1191160420203704
                ],
                [
                    0.26988051695373994,
                    0.11619424267638628,
                    -0.9558574185189143
                ],
                [
                    0.9628776234267349,
                    -0.02680892217759634,
                    0.2686037304204062
                ]
            ],
            "object_pose": [
                0.8094570404428354,
                -0.15054239405218492,
                0.9366087930784934,
                0.5300838501491469,
                -0.45343869566045913,
                0.5949381230749351,
                0.39931577830192416
            ]
        },
        {
            "contact_pose": [
                [
                    0.04351602893815768,
                    0.01181223696290833,
                    0.00392400007694963
                ],
                [
                    0.046414625964835476,
                    -0.9633749093538891,
                    -0.26411070883992926
                ],
                [
                    -0.4646467668442521,
                    -0.2548731228469482,
                    0.8480230381961491
                ],
                [
                    -0.8842788386915789,
                    0.08335751482397916,
                    -0.4594588775555898
                ]
            ],
            "object_pose": [
                0.8016093464772339,
                -0.15763513963243042,
                0.9353731189651671,
                -0.297741515051142,
                -0.6730741026269248,
                -0.4231153587296548,
                0.5284833353995998
            ]
        }
    ]
}