{
    "hook_path": "models/hook/Hook_bar/base.urdf",
    "obj_path": "models/geo_data/mug/67/base.urdf",
    "hook_pose": [
        0.8,
        -0.2,
        1.0,
        4.329780281177466e-17,
        0.7071067811865475,
        0.7071067811865476,
        4.329780281177467e-17
    ],
    "contact_info": [
        {
            "contact_pose": [
                [
                    -0.043460846620444915,
                    -0.00095497365664094,
                    0.0077617681753845555
                ],
                [
                    0.005082291984012367,
                    0.9343708000739022,
                    -0.3562658814389118
                ],
                [
                    0.9996400072778473,
                    0.004638686512587493,
                    0.026426093865401443
                ],
                [
                    0.026344376206968965,
                    -0.3562719334394634,
                    -0.9340108582268045
                ]
            ],
            "object_pose": [
                0.7978482258295541,
                -0.11737055819361625,
                0.9616723669817819,
                -0.5672526316376751,
                -0.00940665617529569,
                0.8234345484244971,
                -0.009566147640301158
            ]
        },
        {
            "contact_pose": [
                [
                    0.04029897615537692,
                    0.01522864128973183,
                    0.0016828764542591431
                ],
                [
                    0.10539512850618166,
                    -0.9814213260052619,
                    -0.16032481950477603
                ],
                [
                    -0.46351139387684714,
                    -0.19112110781224512,
                    0.8652340203060456
                ],
                [
                    -0.879800576627174,
                    -0.016879070196363227,
                    -0.47504320051527793
                ]
            ],
            "object_pose": [
                0.7989253944936546,
                -0.1368868228488273,
                0.9347730622305597,
                -0.29970181698732395,
                -0.6338290667019895,
                -0.42240161452825087,
                0.5744705485419671
            ]
        }
    ]
}