{
    "hook_path": "models/hook/Hook23#1/base.urdf",
    "obj_path": "models/geo_data/hanging_exp/daily_5/base.urdf",
    "hook_pose": [
        0.5,
        -0.1,
        1.3,
        0.0,
        0.0,
        -0.7071067811865475,
        0.7071067811865476
    ],
    "contact_info": [
        {
            "contact_point_hook": [
                -0.008223711942905772,
                -0.04972758348162959,
                0.007713195424152497,
                1.0
            ],
            "contact_point_obj": [
                -0.0048096156106507415,
                0.003398789424246207,
                0.043006054633924595,
                1.0
            ],
            "obj_pose": [
                0.45249506855255145,
                -0.09707777281618148,
                1.2646880982791975,
                0.037913029108482994,
                -0.04489016736608245,
                -0.6652123414521266,
                0.7443386432783426
            ]
        }
    ]
}