{
    "hook_path": "models/hook_1120/Hook12#6/base.urdf",
    "obj_path": "models/geo_data/hanging_exp/daily_5/base.urdf",
    "hook_pose": [
        0.5,
        -0.1,
        1.3,
        0.5,
        -0.4999999999999999,
        -0.5,
        0.5000000000000001
    ],
    "contact_info": [
        {
            "contact_point_hook": [
                -0.011526066849101428,
                0.03060178571750627,
                -0.005804636149918552,
                1.0
            ],
            "contact_point_obj": [
                0.004852315151478215,
                -0.01361391708512083,
                0.019460941767360615,
                1.0
            ],
            "obj_pose": [
                0.5170679052844207,
                -0.07866020560626405,
                1.3115114353989326,
                -0.15069646228279138,
                -0.5823527033406118,
                0.5815322725709932,
                0.547700758741257
            ]
        }
    ]
}