{
    "hook_path": "models/hook/Hook12#2/base.urdf",
    "obj_path": "models/geo_data/hanging_exp/daily_5/base.urdf",
    "hook_pose": [
        0.5,
        -0.1,
        1.3,
        0.5,
        -0.4999999999999999,
        -0.5,
        0.5000000000000001
    ],
    "contact_info": [
        {
            "contact_point_hook": [
                0.0011456016670867003,
                0.02621617526854747,
                0.004467517147377531,
                1.0
            ],
            "contact_point_obj": [
                0.0035946458507969403,
                0.008598255101766317,
                0.0392116562347975,
                1.0
            ],
            "obj_pose": [
                0.49772742167409545,
                -0.08623400639780819,
                1.2888366083320668,
                0.2183602156716111,
                -0.10844487190671098,
                0.7015530059200596,
                0.6696132509542455
            ]
        }
    ]
}