{
    "hook_path": "models/hook/Hook_bar#9/base.urdf",
    "obj_path": "models/geo_data/hanging_exp/daily_5/base.urdf",
    "hook_pose": [
        0.5,
        -0.1,
        1.3,
        4.329780281177466e-17,
        0.7071067811865475,
        0.7071067811865476,
        4.329780281177467e-17
    ],
    "contact_info": [
        {
            "contact_point_hook": [
                -0.0031960151831011974,
                -0.0024367838300620726,
                0.024259352630714246,
                1.0
            ],
            "contact_point_obj": [
                -0.0018978906221946631,
                0.0034994405837807663,
                0.04066389846342355,
                1.0
            ],
            "obj_pose": [
                0.4978978974999739,
                -0.07865182423600829,
                1.2571546068184243,
                -0.026370487634756388,
                0.0003914291404109641,
                -0.744224891437142,
                0.6674082372360319
            ]
        }
    ]
}