{
    "hook_path": "models/hook_1120/Hook42#26/base.urdf",
    "obj_path": "models/geo_data/hanging_exp/daily_5/base.urdf",
    "hook_pose": [
        0.5,
        -0.1,
        1.3,
        0.0,
        0.0,
        -0.7071067811865475,
        0.7071067811865476
    ],
    "contact_info": [
        {
            "contact_point_hook": [
                -0.007339463941309354,
                0.0007917606634695318,
                -0.015116378027046684,
                1.0
            ],
            "contact_point_obj": [
                -0.0036692850990804465,
                0.002229981998904229,
                0.04280897323274613,
                1.0
            ],
            "obj_pose": [
                0.49858777361849405,
                -0.09119888464968376,
                1.2419412107882066,
                0.0432290464480714,
                0.04444837243460566,
                -0.6730383400232769,
                0.7370040600904564
            ]
        }
    ]
}