{
    "hook_path": "models/hook/Hook_90/base.urdf",
    "obj_path": "models/geo_data/hanging_exp/scissor_4/base.urdf",
    "hook_pose": [
        0.5,
        -0.1,
        1.3,
        4.329780281177466e-17,
        0.7071067811865475,
        0.7071067811865476,
        4.329780281177467e-17
    ],
    "contact_info": [
        {
            "contact_pose": [
                [
                    0.05423386395548152,
                    0.002916764632910429,
                    -0.024276622173783846
                ],
                [
                    -0.025770437875723175,
                    -0.9280991820039551,
                    0.3714401605848286
                ],
                [
                    0.9918792392098266,
                    0.02255270203966648,
                    0.12516768934212216
                ],
                [
                    -0.12454500935898424,
                    0.3716494100550945,
                    0.9199811175505023
                ]
            ],
            "object_pose": [
                0.5033613095043546,
                -0.07908530883066447,
                1.2439064495151717,
                0.8268870554449607,
                0.045634444941402307,
                0.5587462904954948,
                -0.04447333841726884
            ]
        }
    ],
    "initial_pose": [
        {
            "robot_pose": [
                0.48634517192840576,
                0.011060189455747604,
                1.3178189992904663,
                0.7710458636283875,
                -0.11064732819795609,
                0.6267844438552856,
                -0.019665028899908066
            ],
            "object_pose": [
                0.5126862305904849,
                0.006779979237244342,
                1.3161820947824934,
                0.8251924291568511,
                -0.03800559174452032,
                0.5422304815628303,
                -0.15362009869318935
            ]
        }
    ]
}