{
    "hook_path": "models/hook/Hook_90/base.urdf",
    "obj_path": "models/geo_data/hanging_exp/daily_5/base.urdf",
    "hook_pose": [
        0.5,
        -0.1,
        1.3,
        4.329780281177466e-17,
        0.7071067811865475,
        0.7071067811865476,
        4.329780281177467e-17
    ],
    "contact_info": [
        {
            "contact_pose": [
                [
                    -0.00015199999324979997,
                    0.005346999969333353,
                    0.041297998279333094
                ],
                [
                    -0.981732222857204,
                    -0.009579274229876068,
                    -0.19002652475136855
                ],
                [
                    0.18805914767363102,
                    0.10288111493101043,
                    -0.9767544385191297
                ],
                [
                    0.028906739354709415,
                    -0.9946475323931496,
                    -0.09920023550424584
                ]
            ],
            "object_pose": [
                0.5058451511659746,
                -0.08060598080446267,
                1.2534044444782513,
                -0.02909076541238258,
                -0.042778045433926236,
                0.7701839398510835,
                0.6357204298998401
            ]
        }
    ],
    "initial_pose": [
        {
            "robot_pose": [
                0.48716285824775696,
                0.0110755804926157,
                1.2973518371582031,
                0.6959004402160645,
                -0.15920819342136383,
                0.6952670812606812,
                -0.08354019373655319
            ],
            "object_pose": [
                0.5137471951687774,
                0.00933323472213738,
                1.2956253784986762,
                0.1389265694394056,
                -0.15302783867230113,
                0.6310746504526856,
                0.7476808640396669
            ]
        },
        {
            "robot_pose": [
                0.4921457767486572,
                0.08068098872900009,
                1.296876072883606,
                0.712522566318512,
                -0.033564627170562744,
                0.7005484700202942,
                0.020418556407094002
            ],
            "object_pose": [
                0.5184579181955286,
                0.07542356221137346,
                1.2948157665261129,
                0.02999141694705018,
                -0.04117599557233607,
                0.6586305592181501,
                0.7507401939167252
            ]
        },
        {
            "robot_pose": [
                0.4915211796760559,
                0.15879102051258087,
                1.2984672784805298,
                0.7132890820503235,
                -0.01119312271475792,
                0.7005198001861572,
                0.019115524366497993
            ],
            "object_pose": [
                0.5180995471125883,
                0.15697451964339804,
                1.296598504455263,
                0.02145691994725266,
                -0.03409618306917191,
                0.6720664070426314,
                0.7393942083971843
            ]
        }
    ]
}