{
    "hook_path": "models/hook/Hook_90/base.urdf",
    "obj_path": "models/geo_data/hanging_exp/bag_5/base.urdf",
    "hook_pose": [
        0.8,
        -0.2,
        1.0,
        4.329780281177466e-17,
        0.7071067811865475,
        0.7071067811865476,
        4.329780281177467e-17
    ],
    "contact_info": [
        {
            "contact_pose": [
                [
                    -0.002778883017654165,
                    0.04617183553877918,
                    -0.0007800323671802847
                ],
                [
                    -0.9994745725098826,
                    -0.02848922924214964,
                    -0.015457772264336034
                ],
                [
                    0.02940576843083445,
                    -0.9975978105991508,
                    -0.06272088225442479
                ],
                [
                    -0.013633770174825754,
                    -0.06314247465034559,
                    0.9979113929632484
                ]
            ],
            "object_pose": [
                0.8002150108724793,
                -0.1830082022201781,
                0.9298543398558493,
                0.4875462853709771,
                0.48034090216822994,
                0.5263093233416819,
                0.5045490397263618
            ]
        }
    ],
    "initial_pose": [
        {
            "robot_pose": [
                0.7479856610298157,
                -0.02520213127136231,
                1.0373282790184022,
                0.786125898361206,
                0.016560610383749008,
                0.6170413494110107,
                0.0314941368997097
            ],
            "object_pose": [
                0.8005951735042709,
                -0.02688075294197459,
                1.0299974144393644,
                0.4983971401879709,
                0.4659035868148731,
                0.5238040519922408,
                0.5100622055808465
            ]
        }
    ]
}