{
    "hook_path": "models/hook/Hook_90/base.urdf",
    "obj_path": "models/geo_data/hanging_exp/daily_5/base.urdf",
    "hook_pose": [
        0.5,
        -0.1,
        1.3,
        4.329780281177466e-17,
        0.7071067811865475,
        0.7071067811865476,
        4.329780281177467e-17
    ],
    "contact_info": [
        {
            "contact_pose": [
                [
                    -0.00015199999324979997,
                    0.005346999969333353,
                    0.041297998279333094
                ],
                [
                    -0.981732222857204,
                    -0.009579274229876068,
                    -0.19002652475136855
                ],
                [
                    0.18805914767363102,
                    0.10288111493101043,
                    -0.9767544385191297
                ],
                [
                    0.028906739354709415,
                    -0.9946475323931496,
                    -0.09920023550424584
                ]
            ],
            "object_pose": [
                0.5058451511659746,
                -0.08060598080446267,
                1.2534044444782513,
                -0.02909076541238258,
                -0.042778045433926236,
                0.7701839398510835,
                0.6357204298998401
            ]
        }
    ],
    "initial_pose": [
        {
            "robot_pose": [
                0.47455549240112305,
                -0.014099623076617718,
                1.3218034505844116,
                0.6849991083145142,
                -0.18098220229148865,
                0.6966371536254883,
                -0.11277560889720917
            ],
            "object_pose": [
                0.508350603692171,
                -0.022467924488388122,
                1.3263434823119364,
                0.22282534276388327,
                -0.22947705754240094,
                0.6917064248470989,
                0.6474807862084283
            ]
        }
    ]
}