{
    "hook_path": "models/hook/Hook_90/base.urdf",
    "obj_path": "models/geo_data/hanging_exp/mug_19/base.urdf",
    "hook_pose": [
        0.8,
        -0.2,
        1.0,
        4.329780281177466e-17,
        0.7071067811865475,
        0.7071067811865476,
        4.329780281177467e-17
    ],
    "contact_info": [
        {
            "contact_pose": [
                [
                    0.040114362039812605,
                    0.012314490506718189,
                    -0.003326978498237004
                ],
                [
                    0.19722980230087406,
                    -0.9278961529590293,
                    -0.31640027561333095
                ],
                [
                    -0.10825746260369618,
                    -0.34137991723659106,
                    0.9336702168850346
                ],
                [
                    -0.9743617022825597,
                    -0.14989490128544025,
                    -0.16778197666513733
                ]
            ],
            "object_pose": [
                0.7994291071225412,
                -0.1668494232427021,
                0.9406942513707293,
                0.3261316300581456,
                0.5645269783038688,
                0.5826743761087909,
                -0.4852195606825341
            ]
        }
    ],
    "initial_pose": [
        {
            "robot_pose": [
                0.773794949054718,
                -0.0024989902973175104,
                1.0611443877220155,
                0.7976564168930054,
                0.016652997583150864,
                0.6020588278770447,
                0.03149649500846863
            ],
            "object_pose": [
                0.8057054260214633,
                -0.010235617124958796,
                1.041496885596948,
                0.2516634146404228,
                0.5762577936256862,
                0.6068810909321494,
                -0.48609445839896487
            ]
        }
    ]
}