{
    "hook_path": "models/hook/Hook_90/base.urdf",
    "obj_path": "models/geo_data/hanging_exp/mug_59/base.urdf",
    "hook_pose": [
        0.5,
        -0.1,
        1.3,
        4.329780281177466e-17,
        0.7071067811865475,
        0.7071067811865476,
        4.329780281177467e-17
    ],
    "contact_info": [
        {
            "contact_pose": [
                [
                    0.04631999880075459,
                    0.0012461047932249359,
                    0.0009009999921545369
                ],
                [
                    -0.0033902413521210706,
                    -0.9713406481223912,
                    0.23766752316786457
                ],
                [
                    -0.22823469874546945,
                    -0.23064421376312605,
                    -0.9458922607496872
                ],
                [
                    0.9736002406286367,
                    -0.05745077860884429,
                    -0.22091170065231575
                ]
            ],
            "object_pose": [
                0.49181767777946583,
                -0.07202036223922073,
                1.2377127844484364,
                0.48784783637255963,
                -0.48298975065956645,
                0.38456096938441064,
                0.617120936389736
            ]
        }
    ],
    "initial_pose": [
        {
            "robot_pose": [
                0.4880533516407013,
                0.04753173887729645,
                1.3067575693130493,
                0.7097078561782837,
                -0.08037592470645905,
                0.6998025178909302,
                -0.011442374438047409
            ],
            "object_pose": [
                0.5252074840207153,
                0.003485819697102719,
                1.2951061623629536,
                -0.5556349575978677,
                0.556531228600755,
                -0.4054927492161341,
                -0.4659596718821183
            ]
        },
        {
            "robot_pose": [
                0.48923471570014954,
                0.1024928167462349,
                1.3158056735992432,
                0.7099705934524536,
                -0.07154814898967743,
                0.7003481984138489,
                -0.018301287665963173
            ],
            "object_pose": [
                0.5270455459348065,
                0.05507001068828953,
                1.30365270585348,
                0.5614454888781807,
                -0.5511625407874199,
                0.4109349600385811,
                0.4605771110999612
            ]
        },
        {
            "robot_pose": [
                0.4878813326358795,
                0.15061698853969574,
                1.3179289102554321,
                0.7110145688056946,
                -0.06359555572271347,
                0.6998705267906189,
                -0.02439800836145878
            ],
            "object_pose": [
                0.5266081928514593,
                0.10393224749354855,
                1.30584408457025,
                0.566398098412181,
                -0.5450761681654365,
                0.41587818507787483,
                0.45730788336686584
            ]
        }
    ]
}