{
    "hook_path": "models/hook/Hook_90/base.urdf",
    "obj_path": "models/geo_data/hanging_exp/scissor_4/base.urdf",
    "hook_pose": [
        0.8,
        -0.2,
        1.0,
        4.329780281177466e-17,
        0.7071067811865475,
        0.7071067811865476,
        4.329780281177467e-17
    ],
    "contact_info": [
        {
            "contact_pose": [
                [
                    0.037872001528739874,
                    -0.0028009999077766913,
                    0.004095000214874911
                ],
                [
                    0.01904606729016446,
                    -0.9664167809414042,
                    0.25627300450034246
                ],
                [
                    -0.9988493899893252,
                    -0.007108497412597163,
                    0.04742747497482794
                ],
                [
                    -0.04401299170394304,
                    -0.25688144109567185,
                    -0.9654402010388212
                ]
            ],
            "object_pose": [
                0.7984170897251939,
                -0.1846681137700489,
                0.9587095763936686,
                -0.011642308784615843,
                -0.6094454332410144,
                -0.020970494784363834,
                0.7924651152551353
            ]
        }
    ],
    "initial_pose": [
        {
            "robot_pose": [
                0.7711026072502136,
                -0.02851890623569489,
                1.0545063972473145,
                0.7763714790344238,
                0.015676656737923622,
                0.6293379068374634,
                0.030584467574954033
            ],
            "object_pose": [
                0.7990493585886634,
                -0.028205393910474663,
                1.0586842782862909,
                0.0008697443650668631,
                -0.6235711227669067,
                0.002968207007251708,
                0.7817605056173668
            ]
        }
    ]
}