{
    "hook_path": "models/hook/Hook_90/base.urdf",
    "obj_path": "models/geo_data/hanging_exp/daily_11/base.urdf",
    "hook_pose": [
        0.5,
        -0.1,
        1.3,
        4.329780281177466e-17,
        0.7071067811865475,
        0.7071067811865476,
        4.329780281177467e-17
    ],
    "contact_info": [
        {
            "contact_pose": [
                [
                    -0.08698179721832275,
                    -0.006006199866533252,
                    -0.0016321999952197417
                ],
                [
                    -0.03486218245954115,
                    0.9992289939908023,
                    0.0180567384177579
                ],
                [
                    0.021313406977426064,
                    0.01880697452321689,
                    -0.9995959365625182
                ],
                [
                    -0.999164834708054,
                    -0.03446324531167583,
                    -0.021952626389910357
                ]
            ],
            "object_pose": [
                0.5007544202718549,
                -0.08265011811510672,
                1.2054866737883052,
                -0.5012252238474009,
                0.48118775163472843,
                0.5093426925635,
                0.5077417101125354
            ]
        }
    ],
    "initial_pose": [
        {
            "robot_pose": [
                0.4800724983215332,
                0.0007285177707672119,
                1.3128982782363892,
                0.6991029977798462,
                -0.12861904501914978,
                0.701493501663208,
                -0.05117575451731682
            ],
            "object_pose": [
                0.5095579737322706,
                -0.0018879137385036445,
                1.2856125013266915,
                -0.47150295013681165,
                0.42754990169536977,
                0.540002811106565,
                0.5507113704741987
            ]
        },
        {
            "robot_pose": [
                0.48549750447273254,
                0.05276677757501602,
                1.3107856512069702,
                0.7088398933410645,
                -0.03680850565433502,
                0.7038424611091614,
                0.028229089453816414
            ],
            "object_pose": [
                0.5150509520361007,
                0.04904770986070958,
                1.2842989831685878,
                0.5317440505762799,
                -0.4916864437993206,
                -0.4920581057332373,
                -0.48308542333931637
            ]
        },
        {
            "robot_pose": [
                0.4891948997974396,
                0.10564613342285156,
                1.3084774017333984,
                0.7085476517677307,
                -0.021450262516736984,
                0.7046594619750977,
                0.030905943363904953
            ],
            "object_pose": [
                0.5186392817780506,
                0.09912901456915994,
                1.2821384223679235,
                0.5420803561560107,
                -0.4932647616409119,
                -0.48949829406021644,
                -0.4724724145442197
            ]
        }
    ]
}