{
    "hook_path": "models/hook/Hook_90/base.urdf",
    "obj_path": "models/geo_data/hanging_exp/wrench_1/base.urdf",
    "hook_pose": [
        0.8,
        -0.2,
        1.0,
        4.329780281177466e-17,
        0.7071067811865475,
        0.7071067811865476,
        4.329780281177467e-17
    ],
    "contact_info": [
        {
            "contact_pose": [
                [
                    0.1184650044888258,
                    -0.002784999960567794,
                    -0.008655000128783195
                ],
                [
                    -0.003286138242971026,
                    -0.9852943794101696,
                    -0.17083379992898742
                ],
                [
                    -0.9917129468273708,
                    -0.018729649984148528,
                    0.1271008705967202
                ],
                [
                    -0.12843143069521967,
                    0.16983576217687632,
                    -0.9770676442782142
                ]
            ],
            "object_pose": [
                0.8178822985632377,
                -0.1843236645205194,
                0.8721299974552086,
                -0.04268786543187182,
                -0.7636069847986651,
                -0.0481795883251936,
                0.6424646653166046
            ]
        }
    ],
    "initial_pose": [
        {
            "robot_pose": [
                0.7744458913803101,
                -0.06656188666820526,
                0.902742075920105,
                0.7874037623405457,
                -0.06780483573675156,
                0.6077287197113037,
                0.07787003368139267
            ],
            "object_pose": [
                0.8021850964919118,
                -0.07486351273658134,
                0.9211845976226243,
                0.051040920906086515,
                -0.7190686601769626,
                0.04584151336499401,
                0.6915443890284799
            ]
        }
    ]
}