{
    "hook_path": "models/hook/Hook_90/base.urdf",
    "obj_path": "models/geo_data/hanging_exp/wrench_1/base.urdf",
    "hook_pose": [
        0.5,
        -0.1,
        1.3,
        4.329780281177466e-17,
        0.7071067811865475,
        0.7071067811865476,
        4.329780281177467e-17
    ],
    "contact_info": [
        {
            "contact_pose": [
                [
                    0.1422148910428659,
                    0.003418660312907365,
                    -0.010335428036417037
                ],
                [
                    0.050939727438361476,
                    -0.9899780532909502,
                    0.13171407734470184
                ],
                [
                    -0.9804471478911885,
                    -0.07467250486867077,
                    -0.1820642941619047
                ],
                [
                    0.19007507558998804,
                    -0.1198643859488673,
                    -0.9744249558691328
                ]
            ],
            "object_pose": [
                0.4765430192270828,
                -0.07711349877620606,
                1.148692506120798,
                0.08860381411746092,
                -0.6574322559392753,
                0.0438838259298828,
                0.7469982615750785
            ]
        }
    ],
    "initial_pose": [
        {
            "robot_pose": [
                0.4874526560306549,
                0.03467589616775513,
                1.3176323175430298,
                0.7260185480117798,
                -0.12736782431602478,
                0.672612726688385,
                -0.0653197392821312
            ],
            "object_pose": [
                0.5198601440407673,
                0.05082889952956329,
                1.2496849416945244,
                0.12429132770913386,
                -0.7215136184824504,
                -0.11641479132403017,
                0.6711314033493324
            ]
        }
    ]
}