{
    "hook_path": "models/hook/Hook_90/base.urdf",
    "obj_path": "models/geo_data/hanging_exp/bag_5/base.urdf",
    "hook_pose": [
        0.5,
        -0.1,
        1.3,
        4.329780281177466e-17,
        0.7071067811865475,
        0.7071067811865476,
        4.329780281177467e-17
    ],
    "contact_info": [
        {
            "contact_pose": [
                [
                    0.0031048481859328745,
                    0.0454946078182869,
                    0.008683008019768556
                ],
                [
                    0.9995688747345088,
                    0.02604233942865275,
                    -0.013559543468358526
                ],
                [
                    0.02682955451621319,
                    -0.9977442327548768,
                    0.061535526396089
                ],
                [
                    -0.011926427229015935,
                    -0.06187279338663362,
                    -0.998012784373069
                ]
            ],
            "object_pose": [
                0.4998660691759877,
                -0.08308868455469026,
                1.229727493175577,
                0.4876979643337721,
                -0.48084747986381077,
                -0.5249433044080106,
                0.5053423827965704
            ]
        }
    ],
    "initial_pose": [
        {
            "robot_pose": [
                0.4696928858757019,
                0.03830377385020256,
                1.2770700454711914,
                0.7679246664047241,
                -0.10133716464042664,
                0.6315770149230957,
                -0.0336601659655571
            ],
            "object_pose": [
                0.5189442393483154,
                0.03442954298800512,
                1.2756582757054662,
                -0.5543553473368432,
                0.4084612894825319,
                0.5779287458485595,
                -0.4380044390131525
            ]
        }
    ]
}