{
    "hook_path": "models/hook/Hook23#8/base.urdf",
    "obj_path": "models/geo_data/hanging_exp/daily_5/base.urdf",
    "hook_pose": [
        0.5,
        -0.1,
        1.3,
        0.0,
        0.0,
        -0.7071067811865475,
        0.7071067811865476
    ],
    "contact_info": [
        {
            "contact_point_hook": [
                -0.0003820183358212839,
                -0.05627047311532668,
                0.005803580211467763,
                1.0
            ],
            "contact_point_obj": [
                -0.0068926867522907526,
                -0.0017752935531381575,
                0.04139751615313192,
                1.0
            ],
            "obj_pose": [
                0.44067865455803423,
                -0.10367645159088998,
                1.264106624190502,
                -0.01695343087101241,
                0.06509150586984463,
                -0.7051532912528079,
                0.7058572893160703
            ]
        }
    ]
}