{
    "hook_path": "models/hook/Hook2#13/base.urdf",
    "obj_path": "models/geo_data/hanging_exp/daily_5/base.urdf",
    "hook_pose": [
        0.5,
        -0.1,
        1.3,
        0.0,
        0.0,
        -0.7071067811865475,
        0.7071067811865476
    ],
    "contact_info": [
        {
            "contact_point_hook": [
                -0.003716218698587153,
                0.004105661094472857,
                -0.010500139550041698,
                1.0
            ],
            "contact_point_obj": [
                0.0027266196719712144,
                0.005282366292964802,
                0.04078731372807587,
                1.0
            ],
            "obj_pose": [
                0.49919669831541474,
                -0.09607181901899162,
                1.248575540467022,
                0.002255020810501986,
                -0.013268167391838608,
                -0.5680098360860937,
                0.8229117186701471
            ]
        }
    ]
}