{
    "hook_path": "models/hook_all_new/Hook_hsr_15_normal/base.urdf",
    "obj_path": "models/everyday_objects_50/daily_72/base.urdf",
    "hook_pose": [
        0.5,
        -0.1,
        1.3,
        4.329780281177466e-17,
        0.7071067811865475,
        0.7071067811865476,
        4.329780281177467e-17
    ],
    "contact_info": [
        {
            "contact_point_hook": [],
            "obj_pose": [
                0.4991611296134787,
                -0.07233833687383207,
                1.2665869979805768,
                -0.011025507881134915,
                0.7163207184022158,
                0.6917590531169551,
                -0.09073300939806866
            ],
            "contact_point_obj": []
        }
    ],
    "initial_pose": [
        {
            "robot_pose": [
                0.438684344291687,
                -0.01257340144366026,
                1.277230143547058,
                0.7117101550102234,
                -0.045020900666713715,
                0.6991689205169678,
                0.0510353185236454
            ],
            "obj_pose": [
                0.47124934406705155,
                -0.017012050341514713,
                1.2782886126032618,
                -0.02030619238725571,
                0.7116926784531166,
                0.7021348005526612,
                -0.009376131389613539
            ]
        },
        {
            "robot_pose": [
                0.4267616772662161,
                -0.01211437425504967,
                1.249613738329813,
                0.7152230377457451,
                -0.05661232998537607,
                0.6948839348577656,
                0.048860694304974035
            ],
            "obj_pose": [
                0.459271515547241,
                -0.017012050341514713,
                1.2502651637242645,
                0.012184492275277382,
                -0.7046865915906061,
                -0.7093708506422424,
                0.007832115902462397
            ]
        },
        {
            "robot_pose": [
                0.4281496551691716,
                -0.012608101058122528,
                1.2765182945713736,
                0.7132866182948187,
                -0.054663569493226864,
                0.6976017870824869,
                0.03982261908917412
            ],
            "obj_pose": [
                0.4607255402461244,
                -0.017012050341514713,
                1.2773657102387603,
                0.02027508423727969,
                -0.7011391079784552,
                -0.7126570425185225,
                0.010621297995073468
            ]
        },
        {
            "robot_pose": [
                0.429373632402941,
                -0.012493281116794302,
                1.306225746429808,
                0.7033575982319422,
                -0.043603730076792975,
                0.7073954250466702,
                0.054575785434792246
            ],
            "obj_pose": [
                0.4618926210486597,
                -0.017012050341514713,
                1.3080689157937568,
                0.027300129646470862,
                -0.7147992520136419,
                -0.6987965646991079,
                0.0003056251776777502
            ]
        },
        {
            "robot_pose": [
                0.4408488570455753,
                -0.012722331074830218,
                1.3036286873217147,
                0.713565610716199,
                -0.04077468161324351,
                0.697447149431059,
                0.05224000663329446
            ],
            "obj_pose": [
                0.4734383398840734,
                -0.017012050341514713,
                1.3045370309148179,
                0.019858428615411466,
                -0.714178700464725,
                -0.6995615145850769,
                0.012965875476663535
            ]
        },
        {
            "robot_pose": [
                0.48703772648882737,
                -0.011870412029730024,
                1.3103640434163262,
                0.7141632035959413,
                -0.058997301393064625,
                0.6955633776160915,
                0.051786337746672455
            ],
            "obj_pose": [
                0.5195081364027095,
                -0.017012050341514713,
                1.3110969872382578,
                0.010359051235089635,
                -0.7051088291295028,
                -0.7090101477765173,
                0.004340448254678688
            ]
        },
        {
            "robot_pose": [
                0.48749445535256597,
                -0.012656825144339913,
                1.275396578111969,
                0.7145264435795228,
                -0.04782805590965457,
                0.6964477336297502,
                0.04609764435940733
            ],
            "obj_pose": [
                0.5200786380543538,
                -0.017012050341514713,
                1.27617389547911,
                0.01890033926633332,
                -0.7075808235113016,
                -0.7062637840506052,
                0.012791509418594157
            ]
        },
        {
            "robot_pose": [
                0.48968656400854743,
                -0.013760841288613459,
                1.2695967001545272,
                0.7180252681117854,
                -0.031433805307384495,
                0.69421715317427,
                0.03891239488271169
            ],
            "obj_pose": [
                0.5224042473804764,
                -0.017012050341514713,
                1.2701296219305809,
                0.027557708088244384,
                -0.711336031857742,
                -0.7017572456698468,
                0.027899653325351773
            ]
        },
        {
            "robot_pose": [
                0.43790624170242803,
                -0.01247947071566612,
                1.2497104951234892,
                0.7052030574491448,
                -0.05117302359196428,
                0.705627023898411,
                0.04648088386751672
            ],
            "obj_pose": [
                0.47043491330263365,
                -0.017012050341514713,
                1.2513360464183352,
                0.026331837755678784,
                -0.7068972941726146,
                -0.7068242119872683,
                0.0015437488209218582
            ]
        }
    ]
}