{
    "hook_path": "models/hook_1120/Hook12#0/base.urdf",
    "obj_path": "models/geo_data/hanging_exp/daily_5/base.urdf",
    "hook_pose": [
        0.5,
        -0.1,
        1.3,
        0.5,
        -0.4999999999999999,
        -0.5,
        0.5000000000000001
    ],
    "contact_info": [
        {
            "contact_point_hook": [
                0.003081640098216514,
                0.02369362086033644,
                0.0040705049446713715,
                1.0
            ],
            "contact_point_obj": [
                0.0023624002534239352,
                0.00021003000167507668,
                0.040674896431876995,
                1.0
            ],
            "obj_pose": [
                0.5185780801006635,
                -0.07772264790054804,
                1.3012428890801535,
                0.13131005147825126,
                -0.47926440245145985,
                0.49221067467149743,
                0.7146971069362555
            ]
        }
    ]
}