{
    "hook_path": "models/hook_1120/Hook57#11/base.urdf",
    "obj_path": "models/geo_data/hanging_exp/daily_5/base.urdf",
    "hook_pose": [
        0.5,
        -0.1,
        1.3,
        0.0,
        0.0,
        -0.7071067811865475,
        0.7071067811865476
    ],
    "contact_info": [
        {
            "contact_point_hook": [
                -0.005080651352219898,
                0.0004506590275937805,
                -0.03980226681723065,
                1.0
            ],
            "contact_point_obj": [
                0.0024456660888311776,
                -0.0012035184816699962,
                0.04077746080886935,
                1.0
            ],
            "obj_pose": [
                0.49641881962659956,
                -0.09311277780767557,
                1.2195687826398756,
                -0.05224486711495788,
                0.04009733319399078,
                -0.7208269715349128,
                0.6899790973925779
            ]
        }
    ]
}