{
    "hook_path": "models/hook/Hook42#8/base.urdf",
    "obj_path": "models/geo_data/hanging_exp/daily_5/base.urdf",
    "hook_pose": [
        0.5,
        -0.1,
        1.3,
        0.0,
        0.0,
        -0.7071067811865475,
        0.7071067811865476
    ],
    "contact_info": [
        {
            "contact_point_hook": [
                -0.0012817454685366968,
                -0.0019281696342701715,
                -0.014662001367865107,
                1.0
            ],
            "contact_point_obj": [
                0.0016855573147353392,
                -0.003630371216846451,
                0.04063858758840566,
                1.0
            ],
            "obj_pose": [
                0.4988178100084619,
                -0.096961729486165,
                1.2445473914541123,
                -0.023950662247776904,
                0.029196750440079723,
                -0.742977531577683,
                0.6682501800316749
            ]
        }
    ]
}