{
    "hook_path": "models/hook_1120/Hook136#26/base.urdf",
    "obj_path": "models/geo_data/hanging_exp/daily_5/base.urdf",
    "hook_pose": [
        0.5,
        -0.1,
        1.3,
        0.0,
        0.0,
        -0.7071067811865475,
        0.7071067811865476
    ],
    "contact_info": [
        {
            "contact_point_hook": [
                -0.006794431040413825,
                -0.04820525519496133,
                -0.015895227813009782,
                1.0
            ],
            "contact_point_obj": [
                -0.004246106701134008,
                0.005874064148223002,
                0.042725632941944536,
                1.0
            ],
            "obj_pose": [
                0.4488959727746034,
                -0.09809405201173592,
                1.2411430029474788,
                0.01925949070266059,
                -0.03087825480648708,
                -0.7116218533561576,
                0.7016195145689202
            ]
        }
    ]
}