{
    "hook_path": "models/hook/Hook_bar/base.urdf",
    "obj_path": "models/geo_data/hanging_exp/wrench_25/base.urdf",
    "hook_pose": [
        0.5,
        -0.1,
        1.3,
        4.329780281177466e-17,
        0.7071067811865475,
        0.7071067811865476,
        4.329780281177467e-17
    ],
    "contact_info": [
        {
            "contact_point_hook": [
                0.003695478906399874,
                -0.004967760678273203,
                0.031043512006989696,
                1.0
            ],
            "contact_point_obj": [
                0.10954212842965716,
                -0.016812911648989626,
                0.00039647338869473747,
                1.0
            ],
            "obj_pose": [
                0.49970496965588507,
                -0.0706700524765516,
                1.1842720942491411,
                0.5623381224800109,
                0.4330436212956293,
                0.5027845080975506,
                -0.4934134133542866
            ]
        }
    ]
}