{
    "hook_path": "models/hook/Hook_bar/base.urdf",
    "obj_path": "models/geo_data/hanging_exp/mug_135/base.urdf",
    "hook_pose": [
        0.5,
        -0.1,
        1.3,
        4.329780281177466e-17,
        0.7071067811865475,
        0.7071067811865476,
        4.329780281177467e-17
    ],
    "contact_info": [
        {
            "contact_point_hook": [
                0.0030893516961398304,
                -0.004542853761681398,
                0.03617225744794325,
                1.0
            ],
            "contact_point_obj": [
                0.05937943617296981,
                0.029221602293060617,
                -0.004841918642864325,
                1.0
            ],
            "obj_pose": [
                0.5052897263969574,
                -0.0702708606044941,
                1.2299472924985198,
                0.5493609997730369,
                -0.4387532091318551,
                0.3870514012425861,
                0.5965646035435043
            ]
        }
    ]
}