{
    "hook_path": "models/hook/Hook_bar/base.urdf",
    "obj_path": "models/geo_data/hanging_exp/mug_113/base.urdf",
    "hook_pose": [
        0.5,
        -0.1,
        1.3,
        4.329780281177466e-17,
        0.7071067811865475,
        0.7071067811865476,
        4.329780281177467e-17
    ],
    "contact_info": [
        {
            "contact_point_hook": [
                0.0009343316289390224,
                -0.003119954484759102,
                0.025005860735832223,
                1.0
            ],
            "contact_point_obj": [
                0.054055089294390735,
                0.006892336907390106,
                -0.00216271938856398,
                1.0
            ],
            "obj_pose": [
                0.4997223380812333,
                -0.07519495226170957,
                1.2423487444042736,
                0.5339852765146564,
                -0.4826311306019539,
                0.45835055939999286,
                0.5213843888506434
            ]
        }
    ]
}