{
    "hook_path": "models/hook/Hook_bar/base.urdf",
    "obj_path": "models/geo_data/hanging_exp/daily_23/base.urdf",
    "hook_pose": [
        0.5,
        -0.1,
        1.3,
        4.329780281177466e-17,
        0.7071067811865475,
        0.7071067811865476,
        4.329780281177467e-17
    ],
    "contact_info": [
        {
            "contact_point_hook": [
                0.00041527660838025504,
                -0.0029781698521385014,
                0.012320918578962796,
                1.0
            ],
            "contact_point_obj": [
                0.002299145590794638,
                -0.055313763495469015,
                0.0008393260555751847,
                1.0
            ],
            "obj_pose": [
                0.49025728172834676,
                -0.08476915606925896,
                1.2425228931199412,
                -0.6846044453486737,
                0.0899853720861305,
                0.0017894997485808336,
                0.7233368398678484
            ]
        }
    ]
}