{
    "hook_path": "models/hook/Hook_bar/base.urdf",
    "obj_path": "models/geo_data/hanging_exp/daily_97/base.urdf",
    "hook_pose": [
        0.5,
        -0.1,
        1.3,
        4.329780281177466e-17,
        0.7071067811865475,
        0.7071067811865476,
        4.329780281177467e-17
    ],
    "contact_info": [
        {
            "contact_point_hook": [
                0.0008610189608551644,
                -0.003071659227466661,
                0.018156178227627707,
                1.0
            ],
            "contact_point_obj": [
                -0.0016196559632988272,
                -0.00046982592681967666,
                0.055459672875598276,
                1.0
            ],
            "obj_pose": [
                0.4990073159502565,
                -0.08151699285780598,
                1.2414441521736692,
                -0.013413923443035313,
                -0.007138054685052442,
                0.9998810455575362,
                0.0026475588654173822
            ]
        }
    ]
}