{
    "hook_path": "models/hook/Hook_bar/base.urdf",
    "obj_path": "models/geo_data/hanging_exp/mug_43/base.urdf",
    "hook_pose": [
        0.5,
        -0.1,
        1.3,
        4.329780281177466e-17,
        0.7071067811865475,
        0.7071067811865476,
        4.329780281177467e-17
    ],
    "contact_info": [
        {
            "contact_point_hook": [
                0.0024718933889534833,
                -0.003913557080917451,
                0.034878518696407707,
                1.0
            ],
            "contact_point_obj": [
                0.04612142484776349,
                0.023168437312051433,
                -0.002836521334651898,
                1.0
            ],
            "obj_pose": [
                0.5001831743193117,
                -0.06805666553911158,
                1.2445467157203443,
                0.591192153958214,
                -0.38675701453057804,
                0.38639898318292765,
                0.5929643114090772
            ]
        }
    ]
}