{
    "hook_path": "models/hook/Hook_bar/base.urdf",
    "obj_path": "models/geo_data/hanging_exp/scissor_58/base.urdf",
    "hook_pose": [
        0.5,
        -0.1,
        1.3,
        4.329780281177466e-17,
        0.7071067811865475,
        0.7071067811865476,
        4.329780281177467e-17
    ],
    "contact_info": [
        {
            "contact_point_hook": [
                -0.0021341177720998195,
                -0.00305615195665232,
                0.01965430067881391,
                1.0
            ],
            "contact_point_obj": [
                0.0705820922396323,
                -0.000951518496385903,
                -0.019037929953618832,
                1.0
            ],
            "obj_pose": [
                0.4951234903624339,
                -0.07870354116351304,
                1.224188543568692,
                0.8208780846949041,
                0.02620631748203172,
                0.5686968297635462,
                -0.04534660746460701
            ]
        }
    ]
}