{
    "hook_path": "models/hook_1120/Hook84#5/base.urdf",
    "obj_path": "models/geo_data/hanging_exp/daily_5/base.urdf",
    "hook_pose": [
        0.5,
        -0.1,
        1.3,
        0.0,
        0.0,
        -0.7071067811865475,
        0.7071067811865476
    ],
    "contact_info": [
        {
            "contact_point_hook": [
                -0.012834829736213136,
                0.008563420485008133,
                -0.03784288328401475,
                1.0
            ],
            "contact_point_obj": [
                -0.003858166719521966,
                0.009383122145415729,
                0.0373292866541175,
                1.0
            ],
            "obj_pose": [
                0.48876755068216826,
                -0.086216609268217,
                1.2289362220181692,
                -0.09062864704115711,
                0.1062620449630596,
                -0.7890189495146299,
                0.5982841494161352
            ]
        }
    ]
}