{
    "hook_path": "models/hook/Hook_90#12/base.urdf",
    "obj_path": "models/geo_data/hanging_exp/daily_5/base.urdf",
    "hook_pose": [
        0.5,
        -0.1,
        1.3,
        4.329780281177466e-17,
        0.7071067811865475,
        0.7071067811865476,
        4.329780281177467e-17
    ],
    "contact_info": [
        {
            "contact_point_hook": [
                -0.0005677048477561453,
                -0.0044016632657439825,
                0.024547320351599834,
                1.0
            ],
            "contact_point_obj": [
                -0.004393765858855078,
                -0.002127154605653103,
                0.040903142572390694,
                1.0
            ],
            "obj_pose": [
                0.4969997910770513,
                -0.08050435201077999,
                1.2548718387863094,
                -0.043822065297271735,
                0.028791935424886193,
                -0.8050339633033136,
                0.5909069038145773
            ]
        }
    ]
}