{
    "hook_path": "models/hook/Hook84#4/base.urdf",
    "obj_path": "models/geo_data/hanging_exp/daily_5/base.urdf",
    "hook_pose": [
        0.5,
        -0.1,
        1.3,
        0.0,
        0.0,
        -0.7071067811865475,
        0.7071067811865476
    ],
    "contact_info": [
        {
            "contact_point_hook": [
                -0.017196869282943714,
                0.0006659094086425288,
                -0.021556684406050186,
                1.0
            ],
            "contact_point_obj": [
                -0.007382570036194122,
                -0.004537735863282322,
                0.04062878177827001,
                1.0
            ],
            "obj_pose": [
                0.4956532004054815,
                -0.08953548731771645,
                1.2377574529517288,
                -0.06428701124178784,
                0.07462157683100891,
                -0.773229847751985,
                0.6264298867409618
            ]
        }
    ]
}