{
    "hook_path": "models/hook_1120/Hook57#21/base.urdf",
    "obj_path": "models/geo_data/hanging_exp/daily_5/base.urdf",
    "hook_pose": [
        0.5,
        -0.1,
        1.3,
        0.0,
        0.0,
        -0.7071067811865475,
        0.7071067811865476
    ],
    "contact_info": [
        {
            "contact_point_hook": [
                -0.01149513863357289,
                0.00385730216207103,
                -0.02676287761538476,
                1.0
            ],
            "contact_point_obj": [
                -0.002437755342014642,
                0.0021326464417951163,
                0.04021373418015761,
                1.0
            ],
            "obj_pose": [
                0.5043482479358604,
                -0.09153599318658755,
                1.2330101853796478,
                0.01852654564255395,
                -0.02954607997759625,
                -0.7211286684809887,
                0.6919228567978865
            ]
        }
    ]
}