{
    "hook_path": "models/hook_1120/Hook2#22/base.urdf",
    "obj_path": "models/geo_data/hanging_exp/daily_5/base.urdf",
    "hook_pose": [
        0.5,
        -0.1,
        1.3,
        0.0,
        0.0,
        -0.7071067811865475,
        0.7071067811865476
    ],
    "contact_info": [
        {
            "contact_point_hook": [
                -0.00351038156664571,
                -0.0019724807873858774,
                -0.010971034550221859,
                1.0
            ],
            "contact_point_obj": [
                0.0013816706352364622,
                -0.0029558721741641536,
                0.04051722093774579,
                1.0
            ],
            "obj_pose": [
                0.5031476223094592,
                -0.09542870577722774,
                1.2487182919849733,
                0.017932353257394,
                -0.01831651666305704,
                -0.7325248709025999,
                0.6802574875979781
            ]
        }
    ]
}