{
    "hook_path": "models/hook_1120/Hook_skew#11/base.urdf",
    "obj_path": "models/geo_data/hanging_exp/daily_5/base.urdf",
    "hook_pose": [
        0.5,
        -0.1,
        1.3,
        4.329780281177466e-17,
        0.7071067811865475,
        0.7071067811865476,
        4.329780281177467e-17
    ],
    "contact_info": [
        {
            "contact_point_hook": [
                0.00015921460155726708,
                0.0010215435921043792,
                0.01766791814752117,
                1.0
            ],
            "contact_point_obj": [
                0.0027965415167962512,
                0.0013739192065386208,
                0.04106768539598016,
                1.0
            ],
            "obj_pose": [
                0.5014854344008636,
                -0.08457331916671776,
                1.2599297552739432,
                0.002460168403179852,
                -0.007065012482914762,
                0.7075361948817487,
                0.7066375068606962
            ]
        }
    ]
}