{
    "hook_path": "models/hook/Hook23#13/base.urdf",
    "obj_path": "models/geo_data/hanging_exp/daily_5/base.urdf",
    "hook_pose": [
        0.5,
        -0.1,
        1.3,
        0.0,
        0.0,
        -0.7071067811865475,
        0.7071067811865476
    ],
    "contact_info": [
        {
            "contact_point_hook": [
                -0.011447320665000997,
                -0.06653318091167881,
                0.004671455731678709,
                1.0
            ],
            "contact_point_obj": [
                -0.004256960165309742,
                -0.003068779332780769,
                0.04315178996499691,
                1.0
            ],
            "obj_pose": [
                0.4332722739824052,
                -0.09308012162700126,
                1.2614385919343325,
                -0.04474455607180421,
                0.03235745444001289,
                -0.5749545393016036,
                0.8163199112973911
            ]
        }
    ]
}