{
    "hook_path": "models/hook/Hook122#2/base.urdf",
    "obj_path": "models/geo_data/hanging_exp/daily_5/base.urdf",
    "hook_pose": [
        0.5,
        -0.1,
        1.3,
        0.7071067811865476,
        -0.7071067811865475,
        -4.329780281177466e-17,
        4.329780281177467e-17
    ],
    "contact_info": [
        {
            "contact_point_hook": [
                -0.004242061908427158,
                -0.0010998200613256404,
                0.0415580111398588,
                1.0
            ],
            "contact_point_obj": [
                -0.002618544947777312,
                -0.0010168261091614839,
                0.04122811586313557,
                1.0
            ],
            "obj_pose": [
                0.49999225131372116,
                -0.09862934788700349,
                1.2172330511419718,
                -0.021326720661426435,
                0.01702318022220854,
                -0.6922278149027273,
                0.7211629736723505
            ]
        }
    ]
}