{
    "hook_path": "models/hook/Hook1#1/base.urdf",
    "obj_path": "models/geo_data/hanging_exp/daily_5/base.urdf",
    "hook_pose": [
        0.5,
        -0.1,
        1.3,
        0.0,
        0.0,
        -0.7071067811865475,
        0.7071067811865476
    ],
    "contact_info": [
        {
            "contact_point_hook": [
                -0.01318523325410953,
                -0.0002625485863437249,
                -0.00895553944570926,
                1.0
            ],
            "contact_point_obj": [
                0.0022087001005802256,
                0.003196566374077142,
                0.04065363588819215,
                1.0
            ],
            "obj_pose": [
                0.49130299347362477,
                -0.0871957826916241,
                1.2510878684854614,
                0.1183953199115955,
                0.08450518783581645,
                0.7161271062438948,
                0.6826444090114632
            ]
        }
    ]
}