{
    "hook_path": "models/hook_1120/Hook_90#25/base.urdf",
    "obj_path": "models/geo_data/hanging_exp/daily_5/base.urdf",
    "hook_pose": [
        0.5,
        -0.1,
        1.3,
        4.329780281177466e-17,
        0.7071067811865475,
        0.7071067811865476,
        4.329780281177467e-17
    ],
    "contact_info": [
        {
            "contact_point_hook": [
                0.005328381126142534,
                -0.007268561488088521,
                0.020875391554049327,
                1.0
            ],
            "contact_point_obj": [
                0.0009785573131948222,
                -0.006169164083123124,
                0.03908785272380588,
                1.0
            ],
            "obj_pose": [
                0.497852675672755,
                -0.07748951757661617,
                1.2533095696324577,
                -0.017550600485499397,
                0.03877749137917357,
                -0.744945135760665,
                0.6657664960716038
            ]
        }
    ]
}