{
    "hook_path": "models/hook_1120/Hook186#14/base.urdf",
    "obj_path": "models/geo_data/hanging_exp/daily_5/base.urdf",
    "hook_pose": [
        0.5,
        -0.1,
        1.3,
        -0.5,
        0.5,
        0.4999999999999999,
        0.5000000000000001
    ],
    "contact_info": [
        {
            "contact_point_hook": [
                -0.015087971880188844,
                -0.0013463888875302477,
                0.007430634381096854,
                1.0
            ],
            "contact_point_obj": [
                0.00066042481000117,
                -0.00026801622596329955,
                0.04060941918017891,
                1.0
            ],
            "obj_pose": [
                0.4897234531020577,
                -0.09322705424973166,
                1.2761764346557334,
                0.09466335190958504,
                0.1040223597793885,
                0.6679157135298682,
                0.7308261066020127
            ]
        }
    ]
}