{
    "hook_path": "models/hook_1120/Hook122#2/base.urdf",
    "obj_path": "models/geo_data/hanging_exp/daily_5/base.urdf",
    "hook_pose": [
        0.5,
        -0.1,
        1.3,
        0.7071067811865476,
        -0.7071067811865475,
        -4.329780281177466e-17,
        4.329780281177467e-17
    ],
    "contact_info": [
        {
            "contact_point_hook": [
                -0.006585348868720781,
                0.0017336359621508146,
                0.044963373648556626,
                1.0
            ],
            "contact_point_obj": [
                -0.004835389165529197,
                -0.00620971608025811,
                0.044705521800828096,
                1.0
            ],
            "obj_pose": [
                0.5000479879518127,
                -0.09920829698964156,
                1.2100501314272896,
                -0.03711273307736384,
                0.0265610475106971,
                -0.7313450113847351,
                0.6804789711088246
            ]
        }
    ]
}