{
    "hook_path": "models/hook_1120/Hook_90#0/base.urdf",
    "obj_path": "models/geo_data/hanging_exp/daily_5/base.urdf",
    "hook_pose": [
        0.5,
        -0.1,
        1.3,
        4.329780281177466e-17,
        0.7071067811865475,
        0.7071067811865476,
        4.329780281177467e-17
    ],
    "contact_info": [
        {
            "contact_point_hook": [
                0.002556635962159326,
                0.0007658625277933151,
                0.024654523912534174,
                1.0
            ],
            "contact_point_obj": [
                -0.006193861247929297,
                -0.0035722885539884452,
                0.04493527003638187,
                1.0
            ],
            "obj_pose": [
                0.49892620323850007,
                -0.08239401889808579,
                1.2558390009852152,
                -0.03394485713862148,
                0.014541115707851797,
                -0.6512739038357682,
                0.7579436686260582
            ]
        }
    ]
}