{
    "hook_path": "models/hook_1120/Hook186#12/base.urdf",
    "obj_path": "models/geo_data/hanging_exp/daily_5/base.urdf",
    "hook_pose": [
        0.5,
        -0.1,
        1.3,
        -0.5,
        0.5,
        0.4999999999999999,
        0.5000000000000001
    ],
    "contact_info": [
        {
            "contact_point_hook": [
                -0.015154737298156196,
                0.0001472248600348225,
                0.006950234470343625,
                1.0
            ],
            "contact_point_obj": [
                0.0008001677222766353,
                0.0032667233545672913,
                0.04050882027598557,
                1.0
            ],
            "obj_pose": [
                0.49613901405333166,
                -0.09359162615905534,
                1.2746801695344245,
                0.06313969298938449,
                0.05855953447768143,
                0.7122601004773834,
                0.6966130269804831
            ]
        }
    ]
}