{
    "hook_path": "models/hook/Hook186#6/base.urdf",
    "obj_path": "models/geo_data/hanging_exp/daily_5/base.urdf",
    "hook_pose": [
        0.5,
        -0.1,
        1.3,
        -0.5,
        0.5,
        0.4999999999999999,
        0.5000000000000001
    ],
    "contact_info": [
        {
            "contact_point_hook": [
                -0.013186375585162446,
                0.0003242235101039159,
                0.007512924793906028,
                1.0
            ],
            "contact_point_obj": [
                0.0022890046249085527,
                0.0011031695112417306,
                0.040636658146488314,
                1.0
            ],
            "obj_pose": [
                0.5031334098830513,
                -0.09447301871548602,
                1.2726660682053559,
                -0.01794472044881754,
                -0.0039527875411245845,
                0.8563105988417149,
                0.5161342081184039
            ]
        }
    ]
}