{
    "hook_path": "models/hook_1120/Hook12#13/base.urdf",
    "obj_path": "models/geo_data/hanging_exp/daily_5/base.urdf",
    "hook_pose": [
        0.5,
        -0.1,
        1.3,
        0.5,
        -0.4999999999999999,
        -0.5,
        0.5000000000000001
    ],
    "contact_info": [
        {
            "contact_point_hook": [
                0.003099537775646754,
                0.023248320498223007,
                0.002309216293420069,
                1.0
            ],
            "contact_point_obj": [
                0.0023264923352770417,
                0.0030398699791166495,
                0.04050454472150111,
                1.0
            ],
            "obj_pose": [
                0.5053652787599099,
                -0.0832323687311538,
                1.2885832193299578,
                0.16517868087555926,
                -0.23960427193369116,
                0.6570274150487239,
                0.6954284809595648
            ]
        }
    ]
}