{
    "hook_path": "models/hook/Hook42#19/base.urdf",
    "obj_path": "models/geo_data/hanging_exp/daily_5/base.urdf",
    "hook_pose": [
        0.5,
        -0.1,
        1.3,
        0.0,
        0.0,
        -0.7071067811865475,
        0.7071067811865476
    ],
    "contact_info": [
        {
            "contact_point_hook": [
                -0.0064702307303359935,
                0.001140034932367362,
                -0.010542745061272063,
                1.0
            ],
            "contact_point_obj": [
                -0.0034819892826354754,
                0.002107171473715641,
                0.04317314205688083,
                1.0
            ],
            "obj_pose": [
                0.4985965433422908,
                -0.09673897870618811,
                1.2462864749901175,
                -0.0024423086398978585,
                0.011941656194233184,
                -0.6587020374353574,
                0.7523051627194614
            ]
        }
    ]
}