{
    "hook_path": "models/hook/Hook35#11/base.urdf",
    "obj_path": "models/geo_data/hanging_exp/daily_5/base.urdf",
    "hook_pose": [
        0.5,
        -0.1,
        1.3,
        0.0,
        0.0,
        -0.7071067811865475,
        0.7071067811865476
    ],
    "contact_info": [
        {
            "contact_point_hook": [
                0.0023061730916117684,
                6.991024571556537e-05,
                0.023003720002061634,
                1.0
            ],
            "contact_point_obj": [
                -0.0006304937249260456,
                0.00029598499202798667,
                0.04063492258602053,
                1.0
            ],
            "obj_pose": [
                0.4918409868967136,
                -0.10324069813629604,
                1.2832156118982365,
                -0.07445828109448349,
                0.06316459036010154,
                -0.7313571732542319,
                0.6749688022647231
            ]
        }
    ]
}