{
    "hook_path": "models/hook_1120/Hook136#25/base.urdf",
    "obj_path": "models/geo_data/hanging_exp/daily_5/base.urdf",
    "hook_pose": [
        0.5,
        -0.1,
        1.3,
        0.0,
        0.0,
        -0.7071067811865475,
        0.7071067811865476
    ],
    "contact_info": [
        {
            "contact_point_hook": [
                -0.007195411951157359,
                -0.056848435634745176,
                -0.0138720423025267,
                1.0
            ],
            "contact_point_obj": [
                -0.0042447008255984756,
                -0.0025022191699483054,
                0.04258595275321042,
                1.0
            ],
            "obj_pose": [
                0.45056190582930816,
                -0.09769021786596903,
                1.2441868153853224,
                0.031880439850864827,
                -0.046487627681824975,
                -0.6891414294009901,
                0.7224310543647688
            ]
        }
    ]
}