{
    "hook_path": "models/hook_1120/Hook40#8/base.urdf",
    "obj_path": "models/geo_data/hanging_exp/daily_5/base.urdf",
    "hook_pose": [
        0.5,
        -0.1,
        1.3,
        0.0,
        0.0,
        -0.7071067811865475,
        0.7071067811865476
    ],
    "contact_info": [
        {
            "contact_point_hook": [
                0.005343008730485405,
                0.001868843386041763,
                -0.0473140131605041,
                1.0
            ],
            "contact_point_obj": [
                -0.003958879550500172,
                0.0025961305529476064,
                0.041503117548645774,
                1.0
            ],
            "obj_pose": [
                0.4993349954155036,
                -0.10081657195892577,
                1.2112370740429546,
                0.043030911433603936,
                0.033472991067863674,
                0.7559180495462405,
                0.6523923680580357
            ]
        }
    ]
}