{
    "hook_path": "models/hook/Hook_bar#16/base.urdf",
    "obj_path": "models/geo_data/hanging_exp/daily_5/base.urdf",
    "hook_pose": [
        0.5,
        -0.1,
        1.3,
        4.329780281177466e-17,
        0.7071067811865475,
        0.7071067811865476,
        4.329780281177467e-17
    ],
    "contact_info": [
        {
            "contact_point_hook": [
                -8.663473728054427e-05,
                -0.0022632751727540423,
                0.024679836644970133,
                1.0
            ],
            "contact_point_obj": [
                -0.0009564978814346065,
                -0.00159732282419911,
                0.04054237309207309,
                1.0
            ],
            "obj_pose": [
                0.5037974927157015,
                -0.07737627411702655,
                1.25737396617602,
                0.015487762212927839,
                -0.026111999901930753,
                -0.7686315812049699,
                0.6389708796628413
            ]
        }
    ]
}