{
    "hook_path": "models/hook/Hook23#2/base.urdf",
    "obj_path": "models/geo_data/hanging_exp/daily_5/base.urdf",
    "hook_pose": [
        0.5,
        -0.1,
        1.3,
        0.0,
        0.0,
        -0.7071067811865475,
        0.7071067811865476
    ],
    "contact_info": [
        {
            "contact_point_hook": [
                -0.005455286485785178,
                -0.05323008468436313,
                0.00535108314605548,
                1.0
            ],
            "contact_point_obj": [
                -0.003798839298201094,
                -0.0008971813156168906,
                0.042302136212404085,
                1.0
            ],
            "obj_pose": [
                0.446355783722169,
                -0.10005219702070264,
                1.2632297944322886,
                -0.02202046196884131,
                -0.006251340530477314,
                -0.7343718164922686,
                0.6783613013270263
            ]
        }
    ]
}