{
    "hook_path": "models/hook_1120/Hook_60#17/base.urdf",
    "obj_path": "models/geo_data/hanging_exp/daily_5/base.urdf",
    "hook_pose": [
        0.5,
        -0.1,
        1.3,
        4.329780281177466e-17,
        0.7071067811865475,
        0.7071067811865476,
        4.329780281177467e-17
    ],
    "contact_info": [
        {
            "contact_point_hook": [
                0.0012491637686538049,
                0.0020372812371205473,
                0.020169247602499305,
                1.0
            ],
            "contact_point_obj": [
                0.001213694411227706,
                0.003254956788835417,
                0.040615413559546676,
                1.0
            ],
            "obj_pose": [
                0.49991272307192247,
                -0.07866507879560515,
                1.2613068154841052,
                0.039358295336272546,
                -0.003012910211682165,
                0.6968999341951196,
                0.7160812305032977
            ]
        }
    ]
}