{
    "hook_path": "models/hook_1120/Hook23#12/base.urdf",
    "obj_path": "models/geo_data/hanging_exp/daily_5/base.urdf",
    "hook_pose": [
        0.5,
        -0.1,
        1.3,
        0.0,
        0.0,
        -0.7071067811865475,
        0.7071067811865476
    ],
    "contact_info": [
        {
            "contact_point_hook": [
                -0.001986398297701335,
                -0.0568987001541405,
                0.0024729360113024956,
                1.0
            ],
            "contact_point_obj": [
                0.0007994512058383876,
                -0.0003366580557230825,
                0.04065365752544614,
                1.0
            ],
            "obj_pose": [
                0.44349717790964727,
                -0.09794400206355312,
                1.2618120116794311,
                -0.005816306066635624,
                -0.007034204291759811,
                -0.698223830780748,
                0.7158213273461321
            ]
        }
    ]
}