{
    "hook_path": "models/hook_1120/Hook84#8/base.urdf",
    "obj_path": "models/geo_data/hanging_exp/daily_5/base.urdf",
    "hook_pose": [
        0.5,
        -0.1,
        1.3,
        0.0,
        0.0,
        -0.7071067811865475,
        0.7071067811865476
    ],
    "contact_info": [
        {
            "contact_point_hook": [
                -0.014433685820758865,
                0.0004655696112381147,
                -0.03219870861377516,
                1.0
            ],
            "contact_point_obj": [
                0.0009789185797649813,
                -0.0011856279717278873,
                0.04067727019996137,
                1.0
            ],
            "obj_pose": [
                0.4999247341763462,
                -0.08440536247428701,
                1.2271151267308418,
                -0.016267396023784648,
                0.022162478610248955,
                -0.8627126540853924,
                0.5049466039586693
            ]
        }
    ]
}