{
    "hook_path": "models/hook/Hook84#1/base.urdf",
    "obj_path": "models/geo_data/hanging_exp/daily_5/base.urdf",
    "hook_pose": [
        0.5,
        -0.1,
        1.3,
        0.0,
        0.0,
        -0.7071067811865475,
        0.7071067811865476
    ],
    "contact_info": [
        {
            "contact_point_hook": [
                -0.015255039111760155,
                -0.0016342796366503043,
                -0.02669798703490711,
                1.0
            ],
            "contact_point_obj": [
                -0.005962146473676377,
                -0.0031062764432083223,
                0.04064300201183868,
                1.0
            ],
            "obj_pose": [
                0.49379638588310454,
                -0.09120764107708415,
                1.2328742415247342,
                -0.06212245769679297,
                0.0511424068960718,
                -0.7659785748078795,
                0.637810377308081
            ]
        }
    ]
}