{
    "hook_path": "models/hook_1120/Hook2#20/base.urdf",
    "obj_path": "models/geo_data/hanging_exp/daily_5/base.urdf",
    "hook_pose": [
        0.5,
        -0.1,
        1.3,
        0.0,
        0.0,
        -0.7071067811865475,
        0.7071067811865476
    ],
    "contact_info": [
        {
            "contact_point_hook": [
                -0.0014607249396951102,
                -0.0008141140264504299,
                -0.012236736579754881,
                1.0
            ],
            "contact_point_obj": [
                0.005640453250888744,
                -0.0020360966296901484,
                0.04113179034436287,
                1.0
            ],
            "obj_pose": [
                0.48997673630445576,
                -0.09575028991672688,
                1.247325685555904,
                -0.11034877672662326,
                0.07107603710371035,
                -0.6443468377169558,
                0.753384693996851
            ]
        }
    ]
}