{
    "hook_path": "models/hook_1120/Hook_180#13/base.urdf",
    "obj_path": "models/geo_data/hanging_exp/daily_5/base.urdf",
    "hook_pose": [
        0.5,
        -0.1,
        1.3,
        4.329780281177466e-17,
        0.7071067811865475,
        0.7071067811865476,
        4.329780281177467e-17
    ],
    "contact_info": [
        {
            "contact_point_hook": [
                -0.003752164533618707,
                -0.01714280296913695,
                0.034121603911655946,
                1.0
            ],
            "contact_point_obj": [
                -0.002436086530825006,
                0.002494062268917019,
                0.04102285572899822,
                1.0
            ],
            "obj_pose": [
                0.4979349479748248,
                -0.06727159188427285,
                1.2421233222663455,
                -0.020430783385709868,
                0.03574761422178167,
                -0.7196833812236989,
                0.6930804585025615
            ]
        }
    ]
}