{
    "hook_path": "models/hook_1120/Hook_180#14/base.urdf",
    "obj_path": "models/geo_data/hanging_exp/daily_5/base.urdf",
    "hook_pose": [
        0.5,
        -0.1,
        1.3,
        4.329780281177466e-17,
        0.7071067811865475,
        0.7071067811865476,
        4.329780281177467e-17
    ],
    "contact_info": [
        {
            "contact_point_hook": [
                -0.0004071634201306962,
                -0.017492450375448554,
                0.03776318845863088,
                1.0
            ],
            "contact_point_obj": [
                -0.001365439366120047,
                0.0016624262844192605,
                0.040695620959863454,
                1.0
            ],
            "obj_pose": [
                0.49448728300856737,
                -0.06403922770255903,
                1.2422276791801568,
                -0.04353717194452823,
                0.026666511064004507,
                -0.7539357537073564,
                0.6549612897938826
            ]
        }
    ]
}