{
    "hook_path": "models/hook/Hook44#14/base.urdf",
    "obj_path": "models/geo_data/hanging_exp/daily_5/base.urdf",
    "hook_pose": [
        0.5,
        -0.1,
        1.3,
        0.0,
        0.0,
        -0.7071067811865475,
        0.7071067811865476
    ],
    "contact_info": [
        {
            "contact_point_hook": [
                0.005959462765428428,
                0.00029030408139552044,
                -0.04286046494375806,
                1.0
            ],
            "contact_point_obj": [
                -0.002991862707096074,
                0.002376127304121012,
                0.04108507377417836,
                1.0
            ],
            "obj_pose": [
                0.4955557527055286,
                -0.10860616213961864,
                1.2162352624658985,
                -0.014892036807919923,
                0.0419327943086678,
                -0.573647792325894,
                0.8178924613669003
            ]
        }
    ]
}