{
    "hook_path": "models/hook_1120/Hook84#24/base.urdf",
    "obj_path": "models/geo_data/hanging_exp/daily_5/base.urdf",
    "hook_pose": [
        0.5,
        -0.1,
        1.3,
        0.0,
        0.0,
        -0.7071067811865475,
        0.7071067811865476
    ],
    "contact_info": [
        {
            "contact_point_hook": [
                -0.023588064790360647,
                -0.01022394126519005,
                -0.025941631866450043,
                1.0
            ],
            "contact_point_obj": [
                -0.0021818409773128045,
                -0.012562710522142528,
                0.03214652060140866,
                1.0
            ],
            "obj_pose": [
                0.5022423520694048,
                -0.07944354838896585,
                1.2419432351816688,
                -0.02042838628636732,
                -0.014851776593815492,
                -0.6852582646756625,
                0.7278620861533056
            ]
        }
    ]
}