{
    "hook_path": "models/hook/Hook42#10/base.urdf",
    "obj_path": "models/geo_data/hanging_exp/daily_5/base.urdf",
    "hook_pose": [
        0.5,
        -0.1,
        1.3,
        0.0,
        0.0,
        -0.7071067811865475,
        0.7071067811865476
    ],
    "contact_info": [
        {
            "contact_point_hook": [
                -0.005918158356757436,
                -0.00048318076654813025,
                -0.013611017338680975,
                1.0
            ],
            "contact_point_obj": [
                -0.0039006275658642064,
                -0.0008684556487997264,
                0.042559337673670594,
                1.0
            ],
            "obj_pose": [
                0.5009140276963545,
                -0.09620767575849733,
                1.2437182084514617,
                0.00910214011084727,
                0.014680097188756208,
                -0.5989322574329884,
                0.8006133878459414
            ]
        }
    ]
}