{
    "hook_path": "models/hook_1120/Hook57#24/base.urdf",
    "obj_path": "models/geo_data/hanging_exp/daily_5/base.urdf",
    "hook_pose": [
        0.5,
        -0.1,
        1.3,
        0.0,
        0.0,
        -0.7071067811865475,
        0.7071067811865476
    ],
    "contact_info": [
        {
            "contact_point_hook": [
                -0.012936083450888355,
                0.0017724078776374386,
                -0.026098963458772717,
                1.0
            ],
            "contact_point_obj": [
                -0.0030100589544212186,
                0.0012667024687921247,
                0.04146292078779146,
                1.0
            ],
            "obj_pose": [
                0.5007941611687231,
                -0.09067530179778238,
                1.2324783408265545,
                -0.004088799266415079,
                -0.0047050394250412785,
                -0.6796558481944245,
                0.7335046505235568
            ]
        }
    ]
}