{
    "hook_path": "models/hook/Hook_180#6/base.urdf",
    "obj_path": "models/geo_data/hanging_exp/daily_5/base.urdf",
    "hook_pose": [
        0.5,
        -0.1,
        1.3,
        4.329780281177466e-17,
        0.7071067811865475,
        0.7071067811865476,
        4.329780281177467e-17
    ],
    "contact_info": [
        {
            "contact_point_hook": [
                5.9658891501723765e-05,
                -0.019594079957675925,
                0.03318571924125201,
                1.0
            ],
            "contact_point_obj": [
                -0.001667619185800162,
                -0.0030420524363430623,
                0.04085374539057174,
                1.0
            ],
            "obj_pose": [
                0.49507307185322796,
                -0.0688289565270982,
                1.2397449520169916,
                -0.07052016365672449,
                0.06313781042171825,
                -0.7343738484276776,
                0.6721127689298146
            ]
        }
    ]
}