{
    "hook_path": "models/hook_1120/Hook1#21/base.urdf",
    "obj_path": "models/geo_data/hanging_exp/daily_5/base.urdf",
    "hook_pose": [
        0.5,
        -0.1,
        1.3,
        0.0,
        0.0,
        -0.7071067811865475,
        0.7071067811865476
    ],
    "contact_info": [
        {
            "contact_point_hook": [
                -0.01254626230115892,
                -0.0030099202377429912,
                -0.007349953757539662,
                1.0
            ],
            "contact_point_obj": [
                0.0013373653681301723,
                0.0031632332845346056,
                0.039982686194845796,
                1.0
            ],
            "obj_pose": [
                0.5007787655453244,
                -0.08808432564073965,
                1.2527043580498594,
                0.003032085063642887,
                -0.0159090035065217,
                0.6689345100821603,
                0.7431448925268453
            ]
        }
    ]
}